power_30_0,15268644,17600216,13671558,16741506,26684487,28130914,38004614,28829544,104397354,112562448,23141688,21373993,26417237,10000,1.22141,1.93966,1.13449,1.97363,1.99451,2.43058,4.75401,3.4963,8.73794,10.1483,1.97385,1.97778,13.262,10000,684167,459512,671875,453654,268338,231451,588345,561744,585463,559338,596189,427790,288178,0-1-4-5-3-8-9-10-7-13-6-11-12-15-16-17-19-14-18-20-21-22-23-24-25-26-27-28-29-2,0-1-4-5-3-8-10-9-7-13-11-17-15-12-6-16-19-20-18-22-29-28-23-21-14-27-24-26-25-2,0-1-4-5-3-8-9-10-7-13-6-11-12-15-16-17-19-14-18-20-21-22-23-24-25-26-27-28-29-2,0-1-4-5-3-8-10-9-7-13-11-17-15-12-6-16-19-20-18-22-29-28-23-21-14-27-24-26-25-2,0-1-4-5-3-8-7-9-10-11-13-17-16-6-12-15-18-20-19-22-28-23-21-27-29-14-25-24-26-2,0-1-4-3-5-8-7-9-10-11-13-17-16-6-12-20-15-18-22-19-28-23-29-21-27-14-25-24-26-2,0-1-4-5-3-8-9-10-13-7-11-15-17-12-16-19-6-18-20-23-14-21-22-28-29-26-27-25-24-2,0-1-4-5-3-8-9-10-7-13-17-11-15-12-16-19-6-23-18-20-14-21-22-28-29-26-27-25-24-2,0-1-4-5-3-8-9-10-7-13-11-15-17-12-19-6-16-18-20-23-22-21-14-28-29-27-26-24-25-2,0-1-4-5-3-8-9-10-7-13-17-11-15-12-19-6-16-23-18-20-22-21-14-28-29-27-26-24-25-2,0-1-4-5-3-8-9-10-7-13-11-15-17-6-12-16-19-18-20-23-14-21-22-28-29-26-27-24-25-2,0-1-4-5-3-8-9-10-7-13-11-17-15-12-6-16-19-20-18-22-23-29-28-14-21-27-26-24-25-2,1-0-4-3-5-8-7-10-9-11-13-17-16-6-20-15-12-18-19-22-29-28-23-14-21-27-25-24-26-2,0.071208,0.313637,0.103539,0.476693,0.182198,0.56107,0.587214,1.02333,0.609303,0.615901,0.147786,0.388052,11.4334,1.15021,1.62602,1.03095,1.49693,1.81231,1.86951,4.1668,2.47297,8.12864,9.53241,1.82606,1.58973,1.82861
power_30_20,65565019,32844244,58740586,30066992,12316711,13364336,71993305,71993250,31513992,31259680,34303727,33172951,13155679,10000,6.17652,2.54186,5.11895,2.84748,1.35237,1.52741,6.57346,7.03983,2.91686,2.86227,2.64623,2.70685,11.6263,10000,652815,425666,640500,420380,276889,233880,547760,528022,538589,520369,551730,398912,264278,3-0-1-6-9-14-4-7-8-13-15-16-17-19-5-10-23-24-11-12-18-20-21-22-25-26-27-28-29-2,3-0-1-6-9-14-13-4-16-7-8-17-15-19-5-10-24-23-21-27-22-11-25-12-26-18-20-29-28-2,3-0-1-6-9-14-4-7-8-13-15-16-17-19-5-10-23-24-11-12-18-20-21-22-25-26-27-28-29-2,3-0-1-6-9-14-13-4-16-7-8-17-15-19-5-10-24-23-21-27-22-11-25-12-26-18-20-29-28-2,3-0-6-1-13-14-9-4-7-8-5-16-17-15-19-24-10-27-23-11-21-22-12-20-18-25-26-29-28-2,3-0-6-1-13-14-9-4-7-5-16-8-17-15-19-24-27-10-21-23-11-22-12-25-20-26-18-29-28-2,3-0-1-6-9-14-4-7-8-13-16-17-15-19-5-10-24-23-11-21-27-22-25-12-18-20-26-28-29-2,3-0-1-6-9-14-4-7-8-13-16-17-15-19-5-10-24-23-11-21-27-22-25-12-18-20-26-28-29-2,3-0-1-6-9-14-13-4-7-8-16-17-15-19-5-10-24-23-27-11-21-22-25-26-29-12-20-18-28-2,3-0-1-6-9-14-13-4-7-8-16-17-15-19-5-10-24-23-27-11-21-22-25-26-12-29-20-18-28-2,3-0-1-6-9-14-13-4-7-8-16-17-15-19-5-10-24-23-27-11-21-22-25-26-29-12-20-18-28-2,3-0-1-6-9-14-13-4-7-16-8-17-15-19-5-10-24-23-21-27-11-22-25-12-26-20-18-29-28-2,3-0-6-1-13-14-9-4-5-7-16-8-17-15-19-24-27-10-21-23-11-22-12-25-26-20-18-29-28-2,0.073074,0.32357,0.104649,0.467219,0.194703,0.564238,0.602607,0.582535,0.640572,0.653239,0.140195,0.383487,10.7226,6.10344,2.21829,5.0143,2.38026,1.15767,0.96317,5.97085,6.45729,2.27628,2.20904,2.50603,2.32336,0.903738
power_30_10,497499637,89445747,476394613,88174479,38153371,11447407,155228493,155228301,283706188,283706018,308344857,89282791,5852858,10000,38.1631,8.22164,34.6965,8.10174,2.7139,1.33326,16.0159,15.0913,25.3063,25.2111,27.2856,8.17304,9.47851,10000,644793,401808,631894,396610,255202,209979,553573,536257,544930,529343,557519,388022,232590,2-3-14-11-1-6-10-7-25-0-4-5-8-9-12-13-15-18-22-16-17-19-20-21-23-24-26-27-28-29,2-3-14-11-1-6-7-10-0-4-25-5-9-8-18-22-13-15-24-12-17-20-23-16-19-21-28-29-26-27,2-3-14-11-1-6-10-7-25-0-4-5-8-9-12-13-15-18-22-16-17-19-20-21-23-24-26-27-28-29,2-3-14-11-1-6-10-7-0-4-25-5-9-8-18-22-13-15-12-24-17-20-23-16-19-21-28-29-26-27,2-3-14-11-1-6-0-7-10-4-9-5-18-25-13-22-8-12-24-15-17-20-28-21-23-29-16-19-27-26,2-3-14-0-1-6-11-7-4-10-9-5-18-8-13-22-25-24-12-17-20-15-23-21-28-29-16-19-27-26,2-3-14-11-1-6-10-7-25-0-4-5-13-18-8-9-22-12-15-17-20-21-24-23-28-16-19-29-26-27,2-3-14-11-1-6-10-7-25-0-4-5-13-18-8-9-22-12-15-17-20-21-24-23-28-16-19-29-26-27,2-3-14-11-1-7-6-10-25-0-18-13-4-5-8-9-12-22-15-24-21-17-20-28-23-16-19-27-29-26,2-3-14-11-1-7-6-10-25-0-18-13-4-5-8-9-12-22-15-24-21-17-20-28-23-16-19-27-29-26,2-3-14-11-1-7-6-10-25-0-18-13-4-5-8-9-12-22-15-24-21-17-20-28-23-16-19-27-29-26,2-3-14-11-1-6-7-10-0-4-25-5-9-8-18-22-13-15-12-24-17-20-23-16-19-21-28-29-27-26,2-3-0-1-14-11-6-10-4-7-9-5-8-18-22-13-25-24-29-20-17-12-23-15-21-19-16-28-27-26,0.0719694,0.322669,0.126496,0.469997,0.174244,0.541458,0.600759,0.58153,0.591228,0.618094,0.144496,0.373064,9.03072,38.0911,7.89897,34.57,7.63175,2.53965,0.791801,15.4152,14.5097,24.7151,24.593,27.1411,7.79997,0.447787
power_30_1,127718846,229266092,117811855,219660982,58356287,62871461,352120311,351923985,311496255,313999175,326920105,219773308,323315864,10000,7.61028,14.8098,7.03774,15.6187,4.28277,4.76786,24.4685,24.2158,21.4959,21.7212,22.1043,14.1244,32.0414,10000,636696,401487,623889,396021,265182,220184,539194,517188,532887,512643,545813,384289,239478,0-7-4-6-1-2-5-8-13-15-17-18-3-9-11-12-19-20-10-14-16-21-22-23-24-25-26-27-28-29,0-7-6-4-1-2-17-13-8-5-15-18-3-20-12-11-19-9-10-25-27-24-21-28-14-16-29-22-23-26,0-7-4-6-1-2-5-8-13-15-17-18-3-9-11-12-19-20-10-14-16-21-22-23-24-25-26-27-28-29,0-7-6-4-1-2-17-13-8-5-15-18-3-20-12-11-19-9-10-25-27-24-21-28-14-16-29-22-23-26,0-7-4-6-2-1-3-8-17-13-5-18-9-15-19-12-20-11-10-25-24-27-21-28-14-16-22-26-29-23,0-7-4-6-1-2-8-17-3-13-5-9-18-15-19-12-20-11-10-25-24-27-21-28-14-16-26-22-29-23,0-7-4-6-1-2-13-17-15-8-5-18-3-20-9-11-12-19-10-21-25-27-28-14-16-24-22-26-29-23,0-7-4-6-1-2-13-17-15-8-5-18-3-20-9-11-12-19-10-21-25-27-28-14-16-24-22-26-23-29,0-7-4-6-2-1-13-17-8-15-5-18-3-20-9-19-11-12-10-25-27-21-28-14-16-24-22-26-23-29,0-7-4-6-2-1-13-17-8-15-5-18-3-20-9-11-12-19-10-25-21-27-28-14-16-24-22-26-23-29,0-7-4-6-2-1-13-17-8-15-5-18-3-20-9-11-12-19-10-25-21-27-28-14-16-24-22-26-23-29,0-7-6-4-1-2-17-13-8-5-15-18-3-20-12-11-9-19-10-25-27-24-21-28-14-16-29-22-26-23,0-4-7-6-1-2-3-8-17-5-13-9-19-12-15-18-11-25-10-20-24-27-28-21-16-14-26-22-29-23,0.0731503,0.313149,0.103246,0.468762,0.213601,0.53881,0.589997,0.578213,0.590675,0.617365,0.142438,0.374477,8.99678,7.53713,14.4967,6.9345,15.1499,4.06917,4.22905,23.8785,23.6376,20.9052,21.1038,21.9619,13.7499,23.0446
power_30_11,18270775,29513463,16155383,27341282,40917127,46687191,49430017,49429376,59458340,74622532,56823586,36966455,44498699,10000,1.25479,2.56943,1.17311,2.55709,3.3145,4.14852,4.4914,4.45849,5.54046,6.82164,5.08322,2.97469,12.6882,10000,667741,405082,655017,400223,273121,222356,572232,548802,564328,542752,575918,385758,235675,0-3-7-1-2-6-10-11-4-5-9-12-13-15-16-17-8-14-18-19-20-21-22-23-24-25-26-27-28-29,0-3-1-7-10-2-6-11-5-4-17-15-12-13-16-9-25-22-21-8-14-27-26-19-28-20-23-18-29-24,0-3-7-1-2-6-10-11-4-5-9-12-13-15-16-17-8-14-18-19-20-21-22-23-24-25-26-27-28-29,0-3-1-7-10-2-6-11-5-4-17-15-12-13-16-9-25-22-21-8-14-27-26-19-28-20-23-18-29-24,0-3-1-7-10-6-2-11-4-5-17-12-9-15-13-16-8-20-25-28-14-22-26-27-21-19-18-29-23-24,0-3-1-7-10-2-6-11-4-5-17-15-12-9-13-16-25-8-20-22-28-14-21-26-27-19-18-29-23-24,0-3-7-1-2-6-10-11-4-5-17-12-9-13-16-15-8-14-21-23-25-18-19-20-27-22-28-24-26-29,0-3-7-1-2-6-10-11-4-5-17-12-9-13-16-15-8-14-21-23-25-18-19-20-27-22-28-24-26-29,0-3-7-1-2-6-10-11-4-5-17-12-9-13-16-15-8-14-25-21-23-18-19-20-22-27-28-26-29-24,0-3-7-1-2-6-10-11-4-5-17-12-9-13-16-15-8-14-25-21-23-20-18-19-22-27-28-26-29-24,0-3-7-1-2-6-10-11-4-5-17-12-9-13-16-15-8-14-21-23-25-18-19-20-22-27-28-26-29-24,0-3-1-7-10-2-6-11-5-4-17-15-12-13-16-9-25-22-21-8-14-19-28-27-26-20-23-18-29-24,0-3-7-1-2-10-6-11-4-5-15-17-12-9-16-13-25-22-8-14-21-28-20-27-26-19-23-18-29-24,0.0726431,0.320909,0.103733,0.470316,0.17901,0.533118,0.591031,0.590775,0.596928,0.620365,0.143272,0.374064,9.42558,1.18215,2.24852,1.06938,2.08677,3.13549,3.6154,3.90037,3.86771,4.94353,6.20128,4.93995,2.60063,3.26258
power_30_2,268570054,176592984,250273105,175016766,502275733,505620782,197670557,197665577,179834317,235740832,189839097,230798151,525877520,0,21.6519,11.5745,20.3426,11.4948,28.201,28.4542,14.9768,14.6193,14.9821,18.4556,14.3348,15.8343,42.707,0,662206,434661,649433,428684,262042,222745,564233,542570,559462,539277,571127,412300,274345,1-3-6-0-10-9-4-5-7-11-2-8-12-13-15-16-27-14-17-18-19-20-21-22-23-24-25-26-28-29,1-0-6-3-10-9-5-7-4-11-8-16-15-12-13-2-27-24-14-22-19-21-29-23-18-26-28-20-17-25,1-3-6-0-10-9-4-5-7-11-2-8-12-13-15-16-27-14-17-18-19-20-21-22-23-24-25-26-28-29,1-0-6-3-10-9-5-7-4-11-8-16-15-12-13-2-27-24-14-22-19-21-29-23-18-26-28-20-17-25,1-6-0-3-10-9-7-4-5-8-11-12-15-16-14-24-13-2-27-22-18-26-23-21-28-19-17-29-20-25,1-0-6-3-10-9-7-5-4-8-11-24-12-15-14-16-13-2-27-22-23-18-26-21-28-19-29-17-20-25,1-3-6-0-10-9-4-5-7-11-13-15-16-8-12-2-27-19-21-28-29-18-22-23-24-26-14-20-17-25,1-3-6-0-10-9-4-5-7-11-13-15-16-8-12-2-27-19-21-28-29-18-22-23-24-26-14-20-17-25,1-3-6-0-10-9-4-5-7-11-13-15-16-8-12-2-27-28-21-19-29-14-18-22-23-24-26-17-20-25,1-3-6-0-10-9-4-5-7-11-13-15-16-12-8-2-27-28-19-21-29-14-23-18-26-22-24-17-20-25,1-3-6-0-10-9-4-5-7-11-13-15-16-8-12-2-27-28-19-21-29-14-18-22-23-24-26-17-20-25,1-0-6-3-10-9-5-7-4-11-8-16-15-2-13-12-27-24-14-22-19-21-29-23-18-26-28-20-17-25,1-0-6-3-10-7-9-4-8-5-11-24-12-15-16-14-27-2-13-22-23-18-26-21-19-29-28-17-20-25,0.0721648,0.323464,0.103539,0.482237,0.186983,0.545211,0.596905,0.58877,0.593085,0.626767,0.143261,0.377252,11.1332,21.5797,11.251,20.2391,11.0126,28.014,27.909,14.3799,14.0306,14.3891,17.8288,14.1915,15.4571,31.5738
power_30_3,20584433,21733538,18372871,19717950,7244986,2828253,16545759,16522126,43960586,42233810,44448252,21733538,10964868,10000,1.4978,1.72312,1.4033,1.78566,0.677375,0.731845,1.80492,1.80621,3.70544,3.60106,3.24799,1.79949,10.2116,10000,653569,419486,640824,414061,278998,228652,575152,557011,565521,549229,577417,398494,253282,2-3-1-10-0-6-9-5-8-12-7-13-18-19-20-22-23-4-11-14-15-16-17-21-24-25-26-27-28-29,2-3-1-0-6-10-9-5-8-12-20-19-7-22-13-23-18-15-17-4-11-24-26-16-29-28-14-25-27-21,2-3-1-10-0-6-9-5-8-12-7-13-18-19-20-22-23-4-11-14-15-16-17-21-24-25-26-27-28-29,2-3-1-0-6-10-9-5-8-12-20-19-7-22-13-23-18-15-17-4-11-24-26-16-29-28-14-25-27-21,2-3-0-6-1-10-5-9-8-12-18-20-19-22-7-4-13-23-17-11-26-24-15-14-25-27-28-21-16-29,2-3-0-6-1-5-10-9-8-12-18-20-19-7-22-4-13-23-17-11-15-26-24-14-28-25-27-16-21-29,2-3-10-1-0-6-9-5-8-12-19-20-13-18-23-7-22-14-15-17-25-24-27-16-29-4-11-28-26-21,2-3-10-1-0-6-9-5-8-12-19-20-13-18-23-7-22-14-15-17-25-24-27-16-29-4-11-28-26-21,2-3-1-10-0-6-9-5-8-12-19-20-18-13-23-22-7-17-15-14-25-4-24-27-26-21-16-29-11-28,2-3-1-10-0-6-9-5-8-12-19-20-18-13-23-22-7-25-14-15-17-4-24-27-26-21-16-29-11-28,2-3-1-10-0-6-9-5-8-12-19-20-18-23-13-7-22-25-14-15-17-4-24-27-26-21-16-29-11-28,2-3-1-0-6-10-9-5-8-12-20-19-7-22-13-23-18-15-17-4-11-24-26-16-29-28-14-25-27-21,2-3-1-0-6-10-9-5-8-12-18-7-19-20-22-23-13-17-4-15-11-26-24-28-14-29-16-25-27-21,0.0728576,0.319748,0.103703,0.467829,0.180962,0.533861,0.592998,0.589963,0.606242,0.623953,0.144489,0.378806,9.54373,1.42494,1.40337,1.29959,1.31783,0.496413,0.197984,1.21192,1.21624,3.0992,2.97711,3.1035,1.42068,0.667868
power_30_12,210573267,653517214,195995742,633601646,285323473,281616673,1385145305,1385049023,1139352085,1139256832,1207528192,656948587,255314270,166,13.7076,34.7515,12.2059,32.8236,16.6105,16.5689,86.0607,86.7333,76.0473,74.7808,82.2049,35.5577,24.723,166,625401,439004,612767,432029,264922,235837,567920,547883,555418,537537,567578,413278,285404,2-0-1-5-9-10-3-4-6-7-8-12-14-15-19-13-24-11-16-17-18-20-21-22-23-25-26-27-28-29,2-0-1-10-9-5-7-6-8-4-3-12-19-14-15-13-24-16-28-21-17-11-29-26-18-23-22-20-27-25,2-0-1-5-9-10-3-4-6-7-8-12-14-15-19-13-24-11-16-17-18-20-21-22-23-25-26-27-28-29,2-0-1-10-9-5-7-6-8-4-3-12-19-14-15-13-24-16-28-21-17-11-29-26-18-23-22-20-27-25,2-0-1-10-9-5-4-6-8-7-3-12-14-19-15-13-24-16-11-29-21-23-27-18-26-22-28-25-17-20,2-0-1-10-9-5-4-6-8-7-3-12-14-19-15-13-24-16-11-29-21-28-23-17-27-18-26-22-25-20,2-0-1-10-5-9-3-6-7-8-14-19-4-12-15-13-24-11-16-26-25-18-20-21-22-23-27-28-29-17,2-0-1-10-5-9-3-6-7-8-14-19-4-12-15-13-24-11-16-26-25-18-20-21-22-23-27-28-29-17,2-0-1-10-5-9-3-14-6-8-7-19-4-12-15-13-24-11-29-16-26-25-23-18-28-22-21-17-27-20,2-0-1-10-5-9-3-14-6-7-8-19-4-12-15-13-24-11-29-16-26-25-23-18-28-22-21-17-27-20,2-0-1-10-5-9-3-14-6-8-7-19-4-12-15-13-24-11-29-16-26-25-23-18-28-22-21-17-27-20,2-0-1-10-9-5-7-6-8-4-3-12-19-14-15-13-24-16-28-21-11-29-17-26-22-23-18-20-27-25,2-0-1-10-9-5-6-4-8-7-3-19-12-14-15-13-24-16-11-21-28-29-17-23-18-22-27-26-25-20,0.0717427,0.323882,0.103091,0.464431,0.178361,0.541267,0.639102,0.682436,0.604373,0.637502,0.145648,0.387449,10.5134,13.6358,34.4276,12.1028,32.3592,16.4322,16.0277,85.4216,86.0508,75.443,74.1433,82.0593,35.1703,14.2096
power_30_13,154445218,84242044,141919259,80160226,85070821,136024725,148335281,148335190,76185948,64378600,70105978,84242044,94489641,10000,9.36971,6.53011,8.49611,6.15594,5.77434,9.05334,18.2329,17.8897,7.16405,6.38663,6.48316,6.34359,15.3248,10000,658049,422861,645284,417476,261773,218030,555343,534133,551789,532514,563862,401191,247947,0-1-3-4-8-6-7-10-24-5-12-13-14-15-17-19-20-22-2-9-11-16-18-21-23-25-26-27-28-29,0-1-3-8-4-7-6-10-24-19-5-14-20-12-22-13-15-17-9-2-29-11-21-27-28-26-18-23-25-16,0-1-3-4-8-6-7-10-24-5-12-13-14-15-17-19-20-22-2-9-11-16-18-21-23-25-26-27-28-29,0-1-3-8-4-7-6-10-24-19-5-14-20-12-22-13-15-17-9-2-29-11-21-27-28-26-18-23-25-16,0-1-3-8-4-7-6-10-19-24-5-22-14-12-20-13-15-9-17-29-11-2-26-27-28-21-25-23-18-16,0-1-3-8-4-7-6-10-19-24-5-14-22-12-20-9-13-15-17-29-2-11-26-27-28-21-18-23-25-16,0-1-3-4-8-6-7-10-24-5-14-19-20-22-13-17-12-15-2-9-29-23-26-27-11-21-25-28-16-18,0-1-3-4-8-6-7-10-24-5-14-19-20-22-13-17-12-15-2-9-29-23-26-27-11-21-25-28-16-18,0-1-3-8-4-6-7-10-24-5-19-14-22-20-12-13-17-15-9-2-29-23-26-27-11-21-25-28-16-18,0-1-3-8-4-6-7-10-24-5-19-14-20-22-12-13-17-15-9-2-29-23-26-27-11-21-25-28-16-18,0-1-3-8-4-6-7-10-24-5-19-14-20-22-12-13-17-15-2-9-29-23-26-27-11-21-25-28-16-18,0-1-3-8-4-7-6-10-24-19-5-14-20-12-22-13-15-17-9-2-29-11-21-27-28-26-18-23-25-16,0-1-3-8-4-7-6-10-19-24-5-14-20-12-22-9-13-15-17-29-2-11-18-27-28-21-26-23-25-16,0.0724983,0.323451,0.10356,0.466151,0.177004,0.542161,0.589003,0.585282,0.598751,0.619722,0.148772,0.378791,9.86291,9.29721,6.20666,8.39255,5.68978,5.59734,8.51118,17.6439,17.3045,6.5653,5.76691,6.33439,5.96479,5.46187
power_30_21,188418823,2777857351,174719619,2776453325,819639710,965895389,483895752,482477129,999285054,999167297,1011410438,2777857351,2208245946,10000,14.256,194.531,13.1088,197.593,69.5723,75.5631,38.2678,38.3502,70.6431,70.0604,73.4985,198.126,172.82,10000,757746,423235,745468,418855,254460,203230,572867,552278,566911,548975,580208,402621,248268,0-3-5-9-4-6-11-7-12-17-15-19-2-8-10-13-14-16-18-20-21-22-23-24-25-26-27-28-29-1,0-3-5-9-6-4-11-12-17-7-19-15-2-8-14-18-23-27-16-20-29-24-10-22-25-13-21-26-28-1,0-3-5-9-4-6-11-7-12-17-15-19-2-8-10-13-14-16-18-20-21-22-23-24-25-26-27-28-29-1,0-3-5-9-6-4-11-12-17-7-19-15-2-8-14-18-23-27-16-20-29-24-10-22-25-13-21-26-28-1,0-3-5-4-9-6-11-12-7-17-19-15-8-14-18-23-2-27-10-13-29-24-16-20-26-25-22-21-28-1,0-3-5-4-6-9-11-12-7-17-19-15-8-14-18-23-2-27-10-29-13-16-20-24-25-22-26-21-28-1,0-3-5-9-4-6-11-12-17-7-19-15-2-8-10-14-18-23-24-26-27-16-20-25-29-22-13-21-28-1,0-3-5-9-4-6-11-12-17-7-19-15-2-8-10-14-18-23-24-26-27-16-20-25-29-13-21-22-28-1,0-3-5-9-4-6-11-12-17-7-19-15-2-8-10-14-18-23-27-26-24-16-20-25-29-13-22-21-28-1,0-3-5-9-4-6-11-12-17-7-19-15-2-8-10-14-18-23-27-26-24-16-20-25-29-13-21-22-28-1,0-3-5-9-4-6-11-12-17-7-19-15-2-8-10-14-18-23-27-26-24-16-20-25-29-13-22-21-28-1,0-3-5-9-6-4-11-12-17-7-19-15-2-8-14-18-23-27-16-20-29-24-10-22-25-13-21-26-28-1,0-3-5-4-6-9-11-12-17-7-15-2-8-19-23-14-18-27-20-16-29-10-13-24-22-25-21-26-28-1,0.0726268,0.314006,0.106316,0.473213,0.171398,0.523431,0.580784,0.607205,0.660394,0.609579,0.133354,0.369264,8.54864,14.1833,194.217,13.0025,197.12,69.4009,75.0396,37.687,37.743,69.9827,69.4508,73.3652,197.757,164.271
power_30_22,4731681,117478428,4172522,114804575,54132645,55694445,67476400,67481195,75010754,90047153,75156039,116327222,61982366,10000,0.459289,9.89073,0.453005,9.84787,4.6522,5.22516,6.50523,6.43887,6.99963,8.57038,6.61358,9.87347,12.9829,10000,730395,407896,718058,403809,253855,198279,575000,548689,565684,541656,578696,386235,227221,0-5-3-7-4-6-9-12-2-14-13-21-23-24-8-10-11-15-16-17-18-19-20-22-25-26-27-28-29-1,0-5-3-7-4-9-6-2-12-14-21-13-24-23-15-29-19-22-8-17-20-10-26-18-11-16-28-25-27-1,0-5-3-7-4-6-9-12-2-14-13-21-23-24-8-10-11-15-16-17-18-19-20-22-25-26-27-28-29-1,0-5-3-7-4-9-6-2-12-14-21-13-24-23-15-29-19-22-8-17-20-10-26-18-11-16-28-25-27-1,0-5-3-4-7-9-12-2-6-14-21-13-23-15-29-8-24-26-18-17-20-10-19-22-28-11-25-16-27-1,0-5-3-4-7-9-2-12-6-21-14-13-15-29-23-8-24-26-18-17-20-10-19-22-28-11-25-16-27-1,0-5-3-7-4-9-12-6-2-14-13-21-24-23-15-19-22-26-29-17-20-8-11-18-25-28-10-27-16-1,0-5-3-7-4-9-12-6-2-14-13-21-24-23-15-19-22-26-29-17-20-8-11-18-25-28-10-27-1-16,0-5-3-7-4-9-6-12-2-14-21-13-24-23-15-29-26-19-22-17-20-10-8-18-11-25-28-27-16-1,0-5-3-7-4-9-6-12-2-14-21-13-24-23-15-29-26-19-22-10-17-20-8-18-11-25-28-27-16-1,0-5-3-7-4-9-6-12-2-14-21-13-24-23-15-29-26-19-22-17-20-10-8-11-18-25-28-27-16-1,0-5-3-7-4-9-6-2-12-14-21-13-24-23-15-29-19-22-8-17-20-10-26-18-11-28-16-25-27-1,0-5-3-7-4-9-6-12-2-21-14-13-23-29-15-8-24-10-20-17-22-19-18-26-11-28-16-25-27-1,0.0726016,0.317976,0.107767,0.462001,0.172804,0.522625,0.589789,0.585617,0.584802,0.606394,0.13527,0.367512,8.18494,0.386688,9.57275,0.345238,9.38587,4.47939,4.70254,5.91544,5.85325,6.41483,7.96399,6.47831,9.50596,4.79798
power_30_23,330404499,1644490524,330397130,1645479733,187055550,395293602,331516637,331516637,364970711,358221527,317409115,937856943,1593636668,10000,24.6756,129.352,24.5741,128.987,16.5448,31.0431,26.2561,26.2686,34.5941,32.0415,30.9907,80.5295,130.382,10000,725744,434855,713057,429641,258269,213111,612648,592765,602107,584300,614129,413876,249323,5-3-9-2-13-6-10-7-0-8-12-14-16-1-4-11-15-17-18-19-20-21-22-23-24-25-26-27-28-29,5-3-9-2-13-6-10-7-8-12-14-16-17-19-0-4-11-24-26-18-15-28-29-21-1-25-27-20-22-23,5-3-9-2-13-6-10-7-0-8-12-14-16-1-4-11-15-17-18-19-20-21-22-23-24-25-26-27-28-29,5-3-9-2-13-6-10-7-8-12-14-16-17-0-19-4-11-24-26-18-15-28-29-21-1-25-27-20-22-23,5-3-9-2-13-6-10-8-7-12-14-16-17-4-11-19-24-15-25-18-28-0-21-27-26-22-23-29-1-20,5-3-9-2-13-6-8-10-7-12-14-16-17-4-19-11-24-28-15-0-18-25-26-22-23-21-27-29-1-20,5-3-9-2-13-6-10-7-8-12-14-16-0-15-17-24-29-1-11-28-21-4-19-23-18-26-22-25-27-20,5-3-9-2-13-6-10-7-8-12-14-16-0-15-17-24-29-1-11-28-21-4-19-23-18-26-22-25-27-20,5-3-9-2-13-6-10-7-8-14-12-16-0-17-24-15-29-4-11-1-19-28-18-21-23-25-20-26-22-27,5-3-9-2-13-6-10-7-8-14-12-16-0-15-17-24-29-4-28-19-11-1-18-21-23-25-20-26-22-27,5-3-9-2-13-6-10-7-8-14-12-16-0-15-17-24-29-1-4-11-28-19-18-21-23-25-20-26-22-27,5-3-9-2-13-6-10-7-8-12-14-16-0-17-19-4-24-11-26-28-15-1-18-29-21-25-23-22-20-27,5-3-9-2-13-8-6-10-7-12-14-16-17-19-4-0-11-24-26-18-15-28-21-25-23-29-27-22-1-20,0.0742988,0.315452,0.105063,0.464288,0.170567,0.535375,0.60418,0.59201,0.598341,0.618277,0.141912,0.376058,9.33421,24.6013,129.036,24.4691,128.523,16.3742,30.5078,25.6519,25.6766,33.9958,31.4232,30.8488,80.1534,121.048
power_30_4,87335344,1210843209,86661727,1210667173,3282525303,3192071552,1292025426,1292025390,2147396855,4570065988,4570386275,1590807016,1523435758,10000,5.72264,72.1722,5.77918,72.1939,188.844,177.732,74.1492,74.2493,130.272,281.533,284.814,93.4604,98.4505,10000,663471,424876,650670,419311,265071,223357,548846,528268,539044,520444,553071,401875,252731,0-1-3-5-13-17-2-10-11-18-4-6-7-8-9-12-25-14-15-16-19-20-21-22-23-24-26-27-28-29,0-1-3-5-13-17-2-11-18-10-9-7-6-12-4-8-25-15-22-26-27-16-19-14-28-20-24-21-29-23,0-1-3-5-13-17-2-10-11-18-4-6-7-8-9-12-25-14-15-16-19-20-21-22-23-24-26-27-28-29,0-1-3-5-13-17-2-11-18-10-9-7-6-12-4-8-25-15-22-26-27-16-19-14-28-20-24-21-29-23,0-1-3-5-13-17-2-10-9-11-18-12-7-6-25-22-15-8-4-27-26-20-24-14-16-19-21-29-28-23,0-1-3-5-13-17-2-9-10-11-18-12-7-6-22-25-8-15-4-27-26-20-14-16-19-24-29-21-28-23,0-1-5-3-13-17-2-10-11-18-6-7-9-12-4-25-8-15-20-22-26-27-24-28-29-16-19-21-14-23,0-1-5-3-13-17-2-10-11-18-6-7-9-12-4-25-8-15-20-22-26-27-24-28-29-16-19-21-14-23,0-1-5-3-17-13-10-11-2-18-9-12-6-7-4-8-25-15-22-26-27-20-24-19-28-29-14-16-21-23,0-1-5-3-13-17-10-11-2-18-9-12-6-7-4-8-25-15-22-26-27-20-24-14-16-19-28-29-21-23,0-1-5-3-13-17-10-11-2-18-9-12-6-7-4-8-25-15-22-26-27-20-24-14-16-19-28-29-21-23,0-1-3-5-13-17-2-11-18-10-9-7-6-12-4-8-25-22-15-27-26-16-19-20-14-28-24-21-29-23,0-1-3-5-13-17-2-9-11-10-18-12-7-6-22-8-4-25-15-27-26-16-19-14-20-28-24-21-23-29,0.0714941,0.311543,0.103837,0.461832,0.173448,0.535761,0.606163,0.584775,0.595536,0.625318,0.139987,0.37567,9.32836,5.65115,71.8606,5.67534,71.7321,188.671,177.196,73.5431,73.6645,129.676,280.908,284.674,93.0847,89.1221
power_30_31,6360574,115245275,6044998,115172957,56433078,76884876,94724810,94724802,96553487,96553479,97750468,115162920,110183393,10000,0.608724,9.41036,0.616134,9.63333,4.4969,6.10533,8.40969,8.32419,8.39593,8.47516,7.96442,9.36191,15.8612,10000,711429,405974,698545,401259,251544,204620,561498,539456,544172,525069,557355,388922,219266,0-3-2-5-1-4-12-19-8-6-11-15-16-20-7-9-10-13-14-17-18-21-22-23-24-25-26-27-28-29,0-3-2-5-12-1-4-19-8-16-6-15-11-7-27-23-24-18-21-20-14-13-28-29-17-9-25-10-22-26,0-3-2-5-1-4-12-19-8-6-11-15-16-20-7-9-10-13-14-17-18-21-22-23-24-25-26-27-28-29,0-3-2-5-12-1-4-19-8-16-6-15-11-7-27-23-24-18-21-20-14-13-28-29-17-9-10-25-22-26,0-3-2-5-12-4-19-1-6-8-16-7-27-11-15-18-21-14-20-17-23-24-28-13-29-9-10-25-22-26,0-3-2-5-12-4-19-1-16-6-8-7-27-11-15-18-21-14-23-24-17-28-20-13-29-9-10-25-22-26,0-3-2-5-1-4-12-19-8-6-11-16-15-20-7-14-17-23-24-27-28-13-25-18-21-22-9-10-29-26,0-3-2-5-1-4-12-19-8-6-11-16-15-20-7-14-17-23-24-27-28-13-25-18-21-22-9-10-29-26,0-3-2-5-1-4-12-19-8-16-6-11-15-20-7-27-14-28-17-23-24-18-21-13-25-29-22-9-10-26,0-3-2-5-1-4-12-19-8-16-6-11-15-20-7-27-14-28-17-23-24-18-21-13-25-29-22-9-10-26,0-3-2-5-4-1-12-19-8-16-6-11-15-20-7-27-14-28-17-23-24-18-21-13-25-29-22-9-10-26,0-3-2-5-12-1-4-19-8-16-6-15-11-7-27-23-24-18-21-14-20-13-28-29-17-25-9-10-22-26,0-3-2-5-12-4-1-19-6-16-8-27-7-11-15-21-18-14-24-23-13-28-29-20-17-9-10-25-22-26,0.0726825,0.313906,0.103791,0.460141,0.170454,0.524131,0.580097,0.57068,0.581733,0.60524,0.134451,0.368123,8.19605,0.536041,9.09645,0.512343,9.17319,4.32645,5.5812,7.82959,7.75351,7.81419,7.86992,7.82997,8.99378,7.66513
power_30_14,5362186156,3517589594,5274653397,3456769305,5808826431,5468793034,2395303552,2395302751,2187087798,2401574637,2221568243,2273213395,6359184917,10000,424.514,248.186,425.423,248.274,424.348,384.864,195.249,193.535,206.326,221.839,208.915,168.034,423.542,10000,750814,410062,738092,405727,240273,192765,588305,561955,584207,560407,597587,391749,210818,0-1-4-2-7-3-5-6-26-18-19-8-9-10-11-12-13-14-15-16-17-20-21-22-23-24-25-27-28-29,0-1-4-2-3-7-5-6-26-18-19-8-23-24-9-15-16-20-12-28-25-14-29-22-17-11-21-13-10-27,0-1-4-2-7-3-5-6-26-18-19-8-9-10-11-12-13-14-15-16-17-20-21-22-23-24-25-27-28-29,0-1-4-2-3-7-5-6-26-18-19-8-23-24-9-15-16-20-12-28-25-14-29-22-17-11-21-13-10-27,0-4-1-2-3-5-7-6-26-18-19-9-15-8-23-24-20-12-16-17-28-21-11-14-29-13-25-10-22-27,0-4-1-2-3-5-7-6-26-18-19-8-9-15-23-24-20-16-12-17-28-21-11-25-29-14-13-22-10-27,0-1-4-2-7-3-5-6-26-18-19-8-9-15-20-21-28-12-13-14-22-23-24-29-10-11-16-17-25-27,0-1-4-2-7-3-5-6-26-18-19-8-9-15-20-21-28-12-13-14-22-23-24-29-10-11-16-17-25-27,0-1-4-2-7-3-5-6-26-18-19-8-9-15-20-21-28-13-12-14-16-22-23-24-29-17-10-11-25-27,0-1-4-2-7-3-5-6-26-18-19-8-9-15-20-21-28-13-12-14-16-22-23-24-29-10-17-11-25-27,0-1-4-2-7-3-5-6-26-18-19-8-9-15-20-21-28-13-12-14-16-22-23-24-29-17-10-11-25-27,0-1-4-2-3-7-5-6-26-18-19-8-23-24-9-15-16-20-28-12-25-29-14-22-21-17-11-13-10-27,0-1-4-2-3-7-5-6-26-18-19-23-24-8-15-9-16-12-25-20-17-29-14-28-11-13-21-10-22-27,0.0745974,0.319085,0.112267,0.458459,0.165016,0.517981,0.584851,0.572873,0.595331,0.607377,0.135136,0.367352,8.43398,424.439,247.867,425.31,247.816,424.183,384.346,194.664,192.962,205.731,221.232,208.78,167.666,415.108
power_30_25,8923814,178561977,7789217,177557147,233491677,275183833,63636916,15078698,229127365,103575763,19748429,176809064,219520677,0,0.734942,11.9026,0.676594,11.7906,15.1537,18.3523,5.02972,1.73058,18.0499,7.46349,1.58302,11.8578,23.4252,0,704346,439022,692058,433814,271905,226390,580455,561998,572363,549560,584321,410792,264254,1-4-0-5-6-3-7-8-14-15-9-11-12-16-19-22-10-13-17-18-20-21-23-24-25-26-27-28-29-2,1-4-0-5-3-6-7-14-8-15-12-9-11-22-16-25-19-28-27-26-20-29-17-10-23-24-18-21-13-2,1-4-0-5-6-3-7-8-14-15-9-11-12-16-19-22-10-13-17-18-20-21-23-24-25-26-27-28-29-2,1-4-0-5-3-6-7-14-8-15-12-9-11-22-16-25-19-28-27-26-20-29-17-10-23-24-18-21-13-2,1-4-0-5-3-6-7-14-8-15-11-12-9-26-17-19-25-16-20-28-22-27-10-13-21-29-23-18-24-2,1-4-0-5-3-6-7-14-8-15-11-12-9-26-25-28-17-20-27-19-16-22-10-23-29-13-21-18-24-2,1-4-0-5-6-3-14-7-15-8-9-12-22-19-11-16-10-20-23-26-27-13-17-18-25-28-29-21-24-2,4-1-0-5-6-3-7-15-14-8-12-22-9-19-11-16-13-17-18-25-28-10-20-23-26-27-29-21-24-2,1-4-0-5-6-3-14-7-15-8-9-12-22-16-11-19-10-20-23-26-27-25-28-17-13-18-29-21-24-2,1-4-0-5-6-3-14-7-15-8-9-12-22-16-11-19-26-20-27-10-23-17-13-18-25-28-29-21-24-2,1-4-0-5-6-3-7-14-15-8-9-12-22-16-11-19-10-13-17-18-20-23-25-26-27-28-29-21-24-2,1-4-0-5-3-6-7-14-8-15-12-9-11-22-16-19-25-28-27-26-20-29-17-10-23-24-18-13-21-2,1-4-0-5-3-6-7-14-11-8-15-9-12-25-19-28-22-16-26-20-27-17-10-29-23-13-24-21-18-2,0.0726009,0.318738,0.107081,0.468005,0.175734,0.536488,0.594327,0.586594,0.595566,0.628217,0.139754,0.376239,9.33395,0.662341,11.5839,0.569513,11.3226,14.978,17.8158,4.43539,1.14398,17.4544,6.83527,1.44327,11.4816,14.0913
power_30_32,218384337,2288541760,193671359,1984807389,371492076,314961779,5791791435,5789589489,4853699873,4851478940,5580762698,2273857855,438084835,1760,13.5666,154.815,12.0119,128.846,21.8323,18.0902,430.401,421.013,339.179,337.049,397.766,152.774,38.3197,1760,619894,414914,607178,408566,262100,230479,548918,529718,545185,527316,557391,397692,256132,2-5-1-3-10-0-4-6-7-14-16-18-22-23-8-12-13-17-9-11-15-19-20-21-24-25-26-27-28-29,2-5-1-3-0-10-7-14-16-6-4-18-23-22-17-12-8-13-11-20-26-24-21-9-19-29-15-25-27-28,2-5-1-3-10-0-4-6-7-14-16-18-22-23-8-12-13-17-9-11-15-19-20-21-24-25-26-27-28-29,2-5-1-3-0-10-7-14-16-6-4-18-23-22-17-12-8-13-11-20-26-24-21-9-19-29-15-25-27-28,2-5-1-3-0-10-4-14-7-23-6-16-18-22-12-13-17-8-11-29-15-24-20-26-19-9-25-21-28-27,2-5-1-3-0-10-4-7-14-6-23-16-18-22-12-13-17-8-11-20-29-15-26-24-19-21-9-25-28-27,2-5-1-3-10-0-6-7-14-16-23-4-18-22-12-8-17-13-11-26-29-15-24-20-25-9-19-21-28-27,2-5-1-3-10-0-6-7-14-16-23-4-18-22-12-8-17-13-11-26-29-15-24-20-25-9-19-21-28-27,2-5-1-3-10-0-6-23-14-7-16-4-18-22-12-8-17-13-26-29-11-15-24-20-25-9-21-28-19-27,2-5-1-3-10-0-6-23-14-7-16-4-18-22-12-8-17-13-26-29-11-15-24-20-25-9-21-28-19-27,2-5-1-3-10-0-6-23-14-7-16-4-18-22-12-8-17-13-26-29-11-15-24-20-25-9-21-28-19-27,2-5-1-3-0-10-7-14-16-6-4-18-23-22-12-17-8-13-11-20-26-24-29-21-19-9-15-25-28-27,2-5-0-3-1-10-7-14-4-16-6-23-18-12-13-22-17-8-11-20-24-19-26-29-21-15-9-25-28-27,0.0715191,0.3228,0.0988965,0.464657,0.18623,0.536415,0.608517,0.593535,0.630642,0.628562,0.145358,0.374382,9.92645,13.4951,154.492,11.913,128.381,21.6461,17.5538,429.792,420.42,338.549,336.42,397.621,152.399,28.3933
power_30_33,53067998,168734359,45814860,161964743,192204547,456795036,132959212,132958905,361008604,374655026,393881173,166869764,461138979,10000,4.80887,12.8664,4.04012,12.227,13.2922,30.9653,11.4813,11.4239,30.7033,31.6523,36.3569,12.9846,40.1775,10000,657118,425584,644400,419317,266837,229996,573724,555255,563194,546918,575891,407756,254572,0-4-3-9-8-16-1-10-2-7-13-20-14-15-22-26-5-6-11-12-17-18-19-21-23-24-25-27-28-29,0-4-3-9-8-16-1-10-2-7-13-20-14-15-26-22-5-11-23-12-28-27-6-19-17-18-21-24-25-29,0-4-3-9-8-16-1-10-2-7-13-20-14-15-22-26-5-6-11-12-17-18-19-21-23-24-25-27-28-29,0-4-3-9-8-16-1-10-2-7-13-20-14-15-26-22-5-11-23-12-28-27-6-19-17-18-21-24-25-29,0-4-3-9-8-2-10-1-16-7-13-20-14-15-5-26-22-11-23-12-28-27-6-17-21-18-19-25-24-29,0-4-9-3-8-2-10-1-16-7-13-20-14-5-15-11-23-12-28-27-6-26-22-19-17-21-18-25-29-24,0-4-3-9-8-16-1-10-2-7-13-20-15-14-26-22-5-11-23-27-12-28-19-17-18-24-6-21-29-25,0-4-3-9-8-16-1-10-2-7-13-20-15-14-26-22-5-11-23-27-12-28-19-17-18-24-6-21-29-25,0-4-3-9-8-16-2-10-7-1-13-20-15-14-26-22-11-23-5-27-12-28-21-17-18-6-19-24-25-29,0-4-3-9-8-16-2-10-7-1-13-20-15-14-26-22-5-11-23-27-12-28-21-17-6-18-19-24-25-29,0-4-3-9-8-16-2-10-7-1-13-20-15-14-26-22-5-11-23-27-12-28-21-17-18-6-19-24-25-29,0-4-3-9-8-16-1-10-2-7-13-20-14-15-26-22-5-11-23-27-12-28-6-19-17-18-21-24-25-29,0-4-9-3-8-16-2-10-1-13-20-7-14-28-12-23-11-15-5-27-26-22-6-19-17-21-18-25-29-24,0.0722895,0.317214,0.10266,0.464028,0.188096,0.536623,0.593062,0.585055,0.595695,0.623822,0.151984,0.37681,9.85726,4.73658,12.5492,3.93746,11.763,13.1041,30.4287,10.8882,10.8388,30.1076,31.0285,36.2049,12.6078,30.3202
power_30_15,2102850248,5092072323,1779759928,4081234286,364658661,256489552,2480586834,2480535202,2537995161,2530299954,2994245804,5069584725,1099708275,0,153.453,281.781,131.328,224.989,27.2951,19.8466,168.699,168.358,150.568,177.947,179.369,283.443,70.3508,0,632543,408527,619815,402529,268452,230838,545948,522271,543118,520959,555901,390666,246350,0-3-6-5-7-2-10-1-4-9-14-15-20-21-11-12-16-8-13-17-18-19-22-23-24-25-26-27-28-29,0-3-6-7-5-2-10-4-9-20-1-15-21-14-12-11-16-19-8-29-24-27-13-18-22-17-28-25-26-23,0-3-6-5-7-2-10-1-4-9-14-15-20-21-11-12-16-8-13-17-18-19-22-23-24-25-26-27-28-29,0-3-6-7-5-2-10-4-9-1-20-15-21-14-12-11-16-19-8-29-24-27-13-18-22-17-28-25-26-23,0-3-6-2-5-7-4-10-9-15-1-20-12-21-11-14-16-19-8-29-24-13-18-27-22-23-26-25-28-17,0-3-6-2-5-7-4-10-9-15-1-12-20-11-21-14-19-16-8-29-24-18-13-27-22-17-23-26-28-25,0-3-6-5-7-2-10-1-4-20-9-14-15-21-11-12-16-8-19-27-29-13-18-23-24-22-17-26-28-25,0-3-6-5-7-2-10-1-4-20-9-14-15-21-11-12-16-8-19-27-29-13-18-23-24-22-17-26-28-25,0-3-6-5-7-2-10-1-4-20-9-14-15-21-12-11-16-8-29-19-27-13-24-18-23-22-17-28-26-25,0-3-6-5-7-2-10-1-4-20-9-14-15-21-11-12-16-8-29-19-27-13-24-18-23-22-17-28-26-25,0-3-6-5-7-2-10-1-4-20-9-14-15-21-12-11-16-8-29-19-27-13-24-18-23-22-17-28-26-25,0-3-6-7-5-2-10-4-9-20-1-15-21-14-12-11-16-19-8-29-27-24-13-18-22-17-28-23-26-25,0-3-6-5-2-7-4-10-12-11-1-20-9-15-21-14-16-19-29-8-24-13-18-27-22-17-26-28-23-25,0.0776312,0.316121,0.104156,0.460893,0.179214,0.533094,0.729954,0.586532,0.604971,0.624594,0.14245,0.384507,9.15381,153.375,281.465,131.224,224.528,27.1159,19.3135,167.969,167.771,149.964,177.323,179.226,283.058,61.197
power_30_16,1791312,8967228,1651597,8565675,4300953,4129062,2889333,1744949,2727877,13340360,10167444,9119027,5700183,10000,0.242774,0.930846,0.260975,1.05146,0.440971,0.792113,0.873761,0.75478,0.820111,1.77375,0.912613,1.00785,11.2764,10000,671239,449995,658909,444304,281408,243731,584905,562382,564877,549149,577589,422767,287802,0-2-5-3-6-15-9-12-4-14-8-10-11-13-16-18-19-24-7-17-20-21-22-23-25-26-27-28-29-1,5-2-0-3-6-15-12-9-14-4-8-11-18-13-24-10-19-16-7-21-17-28-23-20-27-26-22-25-29-1,0-2-5-3-6-15-9-12-4-14-8-10-11-13-16-18-19-24-7-17-20-21-22-23-25-26-27-28-29-1,5-2-0-3-6-15-12-9-14-4-8-11-18-13-24-10-19-16-7-21-17-28-23-20-27-26-22-25-29-1,5-2-0-3-12-6-15-9-4-8-14-11-18-13-10-24-19-16-17-7-28-20-21-27-23-29-26-22-25-1,5-2-0-3-12-6-15-9-8-4-14-11-18-13-10-24-19-16-17-28-7-21-27-20-23-26-29-25-22-1,0-2-5-3-6-15-12-9-4-14-13-8-10-11-18-19-16-24-7-17-20-27-21-22-23-25-28-29-26-1,0-2-5-3-6-15-12-9-4-14-8-10-13-11-18-19-16-24-7-17-20-27-21-22-23-25-28-29-26-1,0-2-5-3-6-15-12-9-4-14-10-8-18-13-24-11-19-16-7-20-17-28-27-21-22-23-26-29-25-1,5-2-0-3-6-15-12-9-4-14-18-13-8-24-10-11-19-16-28-7-20-17-27-21-22-23-26-29-25-1,0-2-5-3-6-15-12-9-4-14-18-10-13-24-8-11-19-16-7-20-17-28-27-21-22-23-26-29-25-1,5-2-0-3-6-15-12-9-14-4-8-11-18-13-24-10-19-16-7-17-28-21-23-27-20-26-22-29-25-1,5-2-0-3-15-12-6-9-8-14-4-11-13-18-24-10-19-16-21-17-7-20-28-23-27-26-29-22-25-1,0.0719505,0.31617,0.102129,0.473733,0.182804,0.539467,0.597922,0.587547,0.597064,0.620826,0.143329,0.377236,10.8858,0.170824,0.614676,0.158846,0.577727,0.258167,0.252646,0.275839,0.167233,0.223046,1.15293,0.769284,0.630618,0.390542
power_30_6,214438824,919045101,204988694,896477805,1240466649,1218911064,1229338373,1229329816,1537906857,1533019015,1541839963,953109642,1257864681,9936,15.1118,65.5261,14.8501,63.8108,80.2409,79.1891,94.2472,95.3908,122.748,117.225,118.106,69.2781,95.4621,9936,679603,429445,666876,423715,270685,230797,591268,567620,586608,564502,598731,411941,253268,3-0-1-7-4-8-11-5-12-10-2-15-16-23-28-6-9-13-14-17-18-19-20-21-22-24-25-26-27-29,3-0-1-4-7-8-11-5-12-10-28-2-15-16-23-6-18-14-13-21-9-27-24-22-19-26-17-29-25-20,3-0-1-7-4-8-11-5-12-10-2-15-16-23-28-6-9-13-14-17-18-19-20-21-22-24-25-26-27-29,3-0-1-7-4-8-11-5-12-10-28-2-15-16-23-6-18-14-13-21-9-27-24-22-19-26-17-29-25-20,3-0-1-7-8-4-5-11-12-10-6-15-28-18-2-23-16-13-14-9-21-26-27-24-17-22-19-25-20-29,3-0-1-4-8-7-5-11-12-10-6-18-28-15-16-2-23-13-14-9-21-26-27-24-22-17-19-29-25-20,3-0-1-7-4-8-11-5-12-10-2-28-15-16-23-6-18-26-13-14-21-9-19-24-25-27-17-22-20-29,3-0-1-7-4-8-11-5-12-10-2-28-15-16-23-6-18-26-13-14-21-9-19-24-25-27-17-22-20-29,3-0-1-7-8-4-11-5-12-10-2-28-15-16-23-6-18-26-21-13-14-9-19-17-24-27-25-22-20-29,3-0-1-7-8-4-11-5-12-10-2-28-15-16-23-6-18-26-13-21-14-9-19-17-24-27-25-22-20-29,3-0-1-7-8-4-11-5-12-10-2-28-15-16-23-6-18-26-13-21-14-9-19-17-24-25-27-22-20-29,3-0-1-7-4-8-11-5-12-10-28-2-15-16-23-18-6-14-13-21-9-27-24-26-22-19-17-29-25-20,3-0-1-7-4-8-11-5-12-10-6-28-18-2-16-15-14-23-13-21-9-27-22-24-26-29-19-17-20-25,0.0728127,0.314601,0.10398,0.461994,0.176397,0.534409,0.592692,0.585828,0.598891,0.620966,0.144652,0.379322,10.0127,15.039,65.2115,14.7461,63.3488,80.0645,78.6547,93.6546,94.805,122.149,116.604,117.961,68.8988,85.4495
power_30_7,2458671,669563429,2417779,1198690757,944558508,1437945111,156680714,156680654,46533246,46004817,40983100,835209654,38521320,10000,0.251016,47.1997,0.29243,79.1304,63.5506,100.961,12.4691,12.3921,4.36246,4.25303,3.53601,61.3662,11.082,10000,727056,427902,714778,423530,257507,205374,568521,544885,559309,538043,572259,397711,249347,5-4-2-0-3-6-11-7-8-14-16-13-15-27-9-10-12-17-18-19-20-21-22-23-24-25-26-28-29-1,5-4-0-2-3-8-6-11-7-16-14-15-13-27-9-25-23-12-26-20-24-21-29-10-19-22-28-17-18-1,5-4-2-0-3-6-11-7-8-14-16-13-15-27-9-10-12-17-18-19-20-21-22-23-24-25-26-28-29-1,5-4-2-0-3-8-6-11-7-16-14-15-13-27-9-25-23-12-26-20-21-24-29-10-19-28-22-17-18-1,5-4-2-0-3-8-11-6-16-7-14-15-27-23-13-9-25-20-21-29-12-26-19-28-24-10-22-18-17-1,5-4-2-0-3-8-11-6-7-16-14-15-27-23-13-9-25-20-21-29-12-26-24-19-28-10-22-17-18-1,5-4-2-0-3-6-11-7-8-16-14-13-15-27-9-12-19-21-23-25-26-28-20-29-24-10-18-17-22-1,5-4-2-0-3-6-11-7-8-16-14-13-15-27-9-12-19-21-23-25-26-28-20-29-24-10-18-17-22-1,5-4-2-0-3-6-11-8-16-7-14-27-15-13-23-21-19-28-9-25-12-26-20-29-10-24-22-18-17-1,5-4-2-0-3-6-11-8-16-7-14-27-13-15-23-21-19-28-9-25-12-26-20-29-10-24-22-18-17-1,5-4-2-0-3-6-11-8-16-7-14-27-13-15-23-21-19-28-9-12-25-26-20-29-10-24-22-18-17-1,5-4-0-2-3-8-6-11-7-16-14-15-13-27-9-25-23-12-26-20-24-21-29-19-10-22-28-17-18-1,5-4-2-0-3-6-11-8-7-14-16-15-27-13-23-25-9-20-26-12-21-29-24-22-10-19-28-17-18-1,0.0725963,0.318308,0.11062,0.474139,0.175949,0.563554,0.597286,0.610533,0.621748,0.614869,0.135781,0.370693,8.49872,0.17842,46.8814,0.181809,78.6563,63.3746,100.397,11.8718,11.7816,3.74071,3.63816,3.40023,60.9955,2.58324
power_30_17,34704005,822977660,34372842,822130399,935762509,1015070704,636090236,636090207,874144458,960348187,962462872,791663370,860477945,10000,2.64782,54.7204,2.56009,55.7964,58.3916,63.129,43.8769,44.4091,63.3216,68.3531,68.9761,55.2671,65.0269,10000,680984,424569,668215,418981,266700,225879,574037,549316,558982,536479,572167,401890,245723,0-7-2-6-1-4-12-3-5-8-13-9-16-23-27-10-11-14-15-17-18-19-20-21-22-24-25-26-28-29,0-7-2-6-1-12-4-3-5-8-13-23-16-9-27-10-22-26-24-17-18-25-11-14-20-21-29-19-15-28,0-7-2-6-1-4-12-3-5-8-13-9-16-23-27-10-11-14-15-17-18-19-20-21-22-24-25-26-28-29,0-7-2-6-1-12-4-3-5-8-13-23-16-9-27-10-22-26-24-17-18-25-11-14-20-21-29-19-15-28,0-7-2-6-1-12-4-3-8-5-13-23-16-24-9-10-27-20-17-18-14-25-22-26-11-21-15-19-29-28,0-7-2-6-1-12-4-3-8-5-13-23-16-10-24-9-27-25-20-17-18-22-26-14-11-21-15-19-29-28,0-7-2-6-1-4-12-3-5-8-13-16-23-9-27-10-17-18-21-20-24-29-11-22-26-28-14-15-19-25,0-7-2-6-1-4-12-3-5-8-13-16-23-9-27-10-17-18-21-20-24-29-11-22-26-28-14-15-19-25,0-7-2-6-1-12-4-3-8-5-13-16-9-23-27-10-17-18-21-14-20-24-25-22-26-11-29-28-15-19,0-7-2-6-1-12-4-3-8-5-13-16-9-23-27-10-17-18-21-20-24-14-25-22-26-11-29-28-15-19,0-7-2-6-1-12-4-3-8-5-13-16-9-23-27-10-17-18-21-20-24-14-25-22-26-11-29-28-15-19,0-7-2-6-1-12-4-3-5-8-13-23-16-9-27-10-22-26-17-18-24-25-11-21-14-20-29-19-15-28,0-7-2-6-1-8-3-12-5-4-13-23-16-27-24-9-10-22-26-25-18-17-11-20-14-21-29-19-15-28,0.0738835,0.34865,0.105732,0.466691,0.174893,0.537298,0.598321,0.578619,0.590951,0.612835,0.143382,0.374614,9.24817,2.57393,54.3717,2.45436,55.3297,58.2167,62.5917,43.2786,43.8305,62.7306,67.7403,68.8327,54.8925,55.7788
power_30_8,51554538,158628460,43901996,130917171,107182786,101644982,111990773,110712984,134477107,134225122,162711128,158624783,179400614,48,3.01213,9.52675,2.58236,7.86656,6.37989,6.43408,7.68456,7.51996,8.63725,8.69641,9.77289,9.44713,19.4508,48,637210,417270,624491,411271,270286,228777,575466,559492,566330,551402,578719,400284,254732,4-1-12-0-2-3-10-5-11-6-7-14-8-9-18-19-22-13-15-16-17-20-21-23-24-25-26-27-28-29,4-1-0-2-3-12-10-11-5-7-6-14-8-18-9-22-19-21-27-15-29-23-24-16-13-20-26-25-28-17,4-1-12-0-2-3-10-5-11-6-7-14-8-9-18-19-22-13-15-16-17-20-21-23-24-25-26-27-28-29,4-1-0-2-3-12-10-11-5-7-6-14-8-18-9-22-19-21-27-15-29-23-16-24-13-20-26-25-28-17,4-1-0-3-12-2-10-11-5-7-6-14-18-8-9-22-19-21-27-15-23-25-13-29-16-24-26-17-28-20,4-1-0-3-12-2-10-11-5-7-6-14-8-18-9-22-15-21-27-19-23-29-24-25-16-13-26-17-20-28,4-1-12-3-0-2-10-5-11-7-6-14-8-9-18-22-19-23-21-27-26-28-29-15-25-20-13-16-17-24,4-1-12-3-0-2-10-5-11-7-6-14-8-9-18-22-19-23-21-27-26-15-25-28-29-13-16-20-17-24,4-1-12-3-0-2-10-11-5-7-6-14-8-18-9-19-22-23-21-27-15-13-26-17-28-29-25-20-16-24,4-1-12-3-0-2-10-11-5-7-6-14-8-18-9-19-22-23-21-27-15-13-17-26-25-28-29-16-24-20,4-1-12-3-0-2-10-11-5-7-6-14-8-18-9-19-22-23-21-27-15-13-26-17-28-29-25-20-16-24,4-1-0-2-3-12-10-11-5-7-6-14-8-18-9-22-19-21-27-15-29-23-24-16-13-20-25-26-28-17,0-1-4-12-3-2-10-11-7-5-6-14-18-8-9-22-19-27-21-15-29-23-16-24-13-25-20-26-17-28,0.0716363,0.322367,0.103231,0.472596,0.178614,0.541076,0.627984,0.60539,0.632844,0.629008,0.146697,0.379807,9.76039,2.94049,9.20439,2.47913,7.39396,6.20128,5.893,7.05658,6.91457,8.00441,8.06741,9.6262,9.06732,9.69038
power_30_18,1401807010,1570215299,1166139442,1347789867,304950854,532685800,15336447562,15329932598,1793834806,1793141580,2047770992,1535670831,524493787,1088,76.0937,83.1334,63.9132,75.6774,21.761,36.1386,926.089,944.843,109.534,110.206,121.23,84.7203,45.5339,1088,658266,401495,645471,396223,267823,221619,549278,533621,541092,527017,554396,385964,235115,0-6-2-15-8-7-9-10-4-5-14-18-3-16-25-26-1-11-12-13-17-19-20-21-22-23-24-27-28-29,0-6-2-7-15-8-9-4-10-5-14-18-3-25-26-21-16-1-13-17-20-29-11-12-23-28-22-27-24-19,0-6-2-15-8-7-9-10-4-5-14-18-3-16-25-26-1-11-12-13-17-19-20-21-22-23-24-27-28-29,0-6-2-15-8-7-9-4-10-5-14-18-3-25-26-21-16-1-13-17-20-29-11-12-23-28-22-27-24-19,0-6-2-4-8-7-15-9-5-10-14-3-18-25-17-16-13-21-26-1-11-22-20-28-12-29-23-24-19-27,0-2-6-4-8-7-5-9-15-10-3-14-18-25-21-13-17-26-1-16-11-22-28-20-12-29-23-24-27-19,0-6-2-15-8-9-10-7-4-5-14-18-3-25-16-26-1-13-17-20-21-28-29-12-24-11-19-23-22-27,0-6-2-15-8-9-10-7-4-5-14-18-3-25-16-26-1-13-17-20-21-28-29-12-24-11-19-23-22-27,0-6-2-15-8-9-7-10-5-4-14-18-3-25-16-26-17-21-28-20-29-1-13-11-12-24-22-23-19-27,0-6-2-15-8-9-7-10-5-4-14-18-3-25-16-26-17-21-28-20-29-1-13-11-12-24-22-23-19-27,0-6-2-15-8-9-7-10-5-4-14-18-3-25-16-26-17-21-28-20-29-1-13-11-12-24-22-23-19-27,0-6-2-15-8-7-9-4-10-5-14-18-3-25-26-21-16-1-13-17-20-29-11-12-28-23-22-27-24-19,0-2-4-8-6-7-9-15-10-5-3-14-18-25-26-21-13-1-17-16-11-20-12-29-28-23-27-22-24-19,0.0719215,0.315136,0.11363,0.476839,0.179303,0.537368,0.598229,0.583466,0.595258,0.625285,0.146438,0.373281,9.20539,76.0218,82.8183,63.7996,75.2006,21.5817,35.6012,925.491,944.259,108.938,109.581,121.084,84.347,36.3285
power_30_19,10829318,46815739,10339833,42099197,84172863,169767825,28413158,28446058,25441947,25746061,30961328,44486181,282955387,10000,0.764604,3.63795,0.781423,3.4047,6.57605,11.9648,2.7246,2.67111,2.47596,2.44496,2.4849,3.45573,28.2298,10000,675187,416007,662445,410323,253407,216714,575792,557382,568469,552114,580470,399654,247219,3-4-8-6-1-0-5-7-10-18-9-12-13-14-20-25-2-11-15-16-17-19-21-22-23-24-26-27-28-29,3-4-8-6-1-0-5-18-10-7-12-9-20-19-28-13-14-2-11-27-25-24-16-22-15-26-23-21-17-29,3-4-8-6-1-0-5-7-10-18-9-12-13-14-20-25-2-11-15-16-17-19-21-22-23-24-26-27-28-29,3-4-8-6-1-0-5-18-10-7-12-9-20-13-14-19-28-2-11-27-25-24-16-22-15-26-23-21-17-29,3-4-8-6-1-0-5-10-7-18-12-9-19-28-20-13-14-22-24-11-16-2-15-27-25-26-17-23-21-29,3-4-8-6-1-0-5-10-7-18-12-19-28-9-20-22-14-24-13-11-2-16-27-15-26-25-23-21-17-29,3-4-8-6-1-0-5-18-10-7-12-13-9-20-14-25-2-11-19-22-28-16-23-24-26-17-27-15-21-29,3-4-8-6-1-0-5-18-10-7-12-9-20-13-14-25-2-11-19-22-28-16-23-24-26-17-15-27-21-29,3-4-8-6-1-0-5-18-10-7-12-9-14-13-20-25-19-28-11-22-2-16-23-24-26-17-27-15-21-29,3-4-8-6-1-0-5-18-10-7-12-9-14-13-20-25-19-28-22-11-2-16-23-24-26-17-27-15-21-29,3-4-8-6-1-0-5-18-10-7-12-9-14-13-20-25-19-28-22-2-11-16-23-24-26-17-27-15-21-29,3-4-8-6-1-0-5-18-10-7-12-9-20-13-14-19-28-2-11-27-25-24-16-22-26-15-23-17-21-29,3-4-8-6-1-0-5-10-18-7-12-28-19-20-9-14-2-11-13-27-22-24-16-15-25-26-23-17-21-29,0.0730313,0.31536,0.110986,0.482665,0.18005,0.554685,0.600412,0.592685,0.632271,0.614043,0.145844,0.373328,9.28424,0.691573,3.32259,0.670437,2.92204,6.396,11.4101,2.12419,2.07843,1.84369,1.83092,2.33906,3.0824,18.9455
power_30_20,65565019,32844244,58740586,30066992,12316711,13364336,71993305,71993250,31513992,31259680,34303727,33172951,13155679,10000,5.74057,2.58793,5.07275,2.50817,1.13614,1.44406,6.40571,6.47218,2.86248,2.81353,2.52953,2.6262,10.0555,10000,652815,425666,640500,420380,276889,233880,547760,528022,538589,520369,551730,398912,264278,3-0-1-6-9-14-4-7-8-13-15-16-17-19-5-10-23-24-11-12-18-20-21-22-25-26-27-28-29-2,3-0-1-6-9-14-13-4-16-7-8-17-15-19-5-10-24-23-21-27-22-11-25-12-26-18-20-29-28-2,3-0-1-6-9-14-4-7-8-13-15-16-17-19-5-10-23-24-11-12-18-20-21-22-25-26-27-28-29-2,3-0-1-6-9-14-13-4-16-7-8-17-15-19-5-10-24-23-21-27-22-11-25-12-26-18-20-29-28-2,3-0-6-1-13-14-9-4-7-8-5-16-17-15-19-24-10-27-23-11-21-22-12-20-18-25-26-29-28-2,3-0-6-1-13-14-9-4-7-5-16-8-17-15-19-24-27-10-21-23-11-22-12-25-20-26-18-29-28-2,3-0-1-6-9-14-4-7-8-13-16-17-15-19-5-10-24-23-11-21-27-22-25-12-18-20-26-28-29-2,3-0-1-6-9-14-4-7-8-13-16-17-15-19-5-10-24-23-11-21-27-22-25-12-18-20-26-28-29-2,3-0-1-6-9-14-13-4-7-8-16-17-15-19-5-10-24-23-27-11-21-22-25-26-29-12-20-18-28-2,3-0-1-6-9-14-13-4-7-8-16-17-15-19-5-10-24-23-27-11-21-22-25-26-12-29-20-18-28-2,3-0-1-6-9-14-13-4-7-8-16-17-15-19-5-10-24-23-27-11-21-22-25-26-29-12-20-18-28-2,3-0-1-6-9-14-13-4-7-16-8-17-15-19-5-10-24-23-21-27-11-22-25-12-26-20-18-29-28-2,3-0-6-1-13-14-9-4-5-7-16-8-17-15-19-24-27-10-21-23-11-22-12-25-26-20-18-29-28-2,0.0703449,0.329429,0.100482,0.460415,0.178141,0.528024,0.586347,0.577913,0.592039,0.613494,0.140582,0.372588,9.14867,5.67023,2.2585,4.97227,2.04776,0.957996,0.916034,5.81937,5.89426,2.27044,2.20004,2.38895,2.25361,0.90684
power_30_27,37435602,512424337,37415329,511878358,163201124,161049414,283907245,299233829,539000328,539000268,348715263,512274257,147657925,10000,2.94291,38.4083,2.95972,37.9992,11.5484,11.698,25.3631,26.4063,42.3056,43.2578,25.9211,38.2229,19.0766,10000,725064,422697,712717,418339,255727,196651,569625,545490,558193,536002,571076,397265,245085,0-4-5-2-7-10-16-11-12-3-8-15-17-18-22-6-9-13-14-19-20-21-23-24-25-26-27-28-29-1,0-4-5-2-7-10-16-11-12-17-3-8-18-22-26-24-15-9-14-13-19-28-6-25-27-20-21-23-29-1,0-4-5-2-7-10-16-11-12-3-8-15-17-18-22-6-9-13-14-19-20-21-23-24-25-26-27-28-29-1,0-4-5-2-7-10-16-11-12-17-3-8-18-22-26-24-15-9-14-13-19-28-6-25-27-20-21-23-29-1,0-4-5-2-7-10-16-11-12-17-3-8-26-22-18-15-24-6-9-14-28-25-13-19-27-21-20-23-29-1,0-4-5-2-7-10-16-11-12-17-3-8-26-24-18-22-15-6-9-14-28-25-27-13-19-21-20-23-29-1,0-4-5-2-7-10-16-11-12-3-8-17-22-18-15-9-13-14-19-24-26-28-6-20-29-23-27-21-25-1,0-4-5-2-7-10-16-11-12-3-8-17-22-18-15-9-13-14-19-24-26-28-6-29-20-23-27-1-21-25,0-4-5-2-7-16-10-11-12-17-3-8-22-18-15-26-9-14-24-13-19-25-28-6-20-29-21-23-27-1,0-4-5-2-7-16-10-11-12-17-3-8-22-18-15-26-9-14-24-13-19-25-28-6-20-29-21-23-27-1,0-4-5-2-7-16-10-11-12-17-3-8-22-18-15-26-9-14-13-19-24-25-28-6-20-29-21-23-27-1,0-4-5-2-7-10-16-11-12-17-3-8-18-22-26-24-15-9-14-13-19-28-6-25-27-20-23-21-29-1,0-4-5-2-7-10-16-11-12-17-3-18-8-26-22-24-15-6-9-14-28-27-19-13-25-20-23-21-29-1,0.0719953,0.316604,0.103189,0.45639,0.169831,0.521733,0.583168,0.570453,0.594512,0.609557,0.136836,0.366248,8.84933,2.87091,38.0917,2.85653,37.5428,11.3786,11.1763,24.7799,25.8358,41.7111,42.6483,25.7843,37.8567,10.2273
power_30_35,34527447,678482518,34088467,678455253,35256671,43775063,193129006,193128972,260421985,364629503,302479715,181283693,65138163,10000,2.7469,53.7788,2.77925,53.0682,2.60881,3.26651,14.4926,14.2339,18.2382,26.4259,20.6519,13.961,13.0145,10000,751802,422567,739486,418351,242606,192996,577276,551185,571764,548035,585161,399768,233080,0-9-3-4-2-11-13-6-12-8-10-14-24-5-7-15-16-17-18-19-20-21-22-23-25-26-27-28-29-1,0-3-9-4-2-13-6-11-12-10-14-8-5-22-24-7-20-23-15-29-16-25-27-17-18-19-26-21-28-1,0-9-3-4-2-11-13-6-12-8-10-14-24-5-7-15-16-17-18-19-20-21-22-23-25-26-27-28-29-1,0-3-9-4-2-13-6-11-12-10-14-8-5-22-24-7-20-23-15-29-16-25-27-17-18-19-26-21-28-1,0-3-9-4-2-6-13-11-10-12-14-8-5-22-7-20-23-15-24-29-26-16-27-25-21-17-18-19-28-1,0-3-4-9-2-6-13-10-11-12-14-8-5-22-7-20-23-15-29-24-26-16-25-27-21-17-18-19-1-28,0-9-3-4-2-11-13-6-12-8-10-14-24-5-7-15-20-22-23-18-19-27-16-25-26-29-21-17-28-1,0-9-3-4-2-11-13-6-12-8-10-14-24-5-7-15-20-22-23-18-19-27-16-25-26-29-21-17-28-1,0-9-3-4-2-13-11-6-12-10-14-8-24-20-23-5-7-22-15-29-27-18-19-16-25-26-21-17-28-1,0-9-3-4-2-13-11-6-12-10-14-8-24-20-23-5-7-22-15-18-19-29-27-26-16-25-21-17-28-1,0-9-3-4-2-13-11-6-12-10-14-8-24-20-23-5-7-22-15-18-19-27-29-26-16-25-21-17-28-1,0-3-9-4-2-13-6-11-12-10-14-8-5-22-24-7-20-23-15-29-25-16-27-26-17-18-19-21-28-1,0-3-9-4-2-13-6-10-11-12-8-14-5-22-7-23-20-29-15-24-16-26-25-27-17-21-19-18-28-1,0.0724268,0.314614,0.106246,0.470049,0.169136,0.528335,0.588356,0.569305,0.587014,0.600651,0.130153,0.367407,8.63766,2.67447,53.4642,2.673,52.5982,2.43967,2.73817,13.9042,13.6646,17.6512,25.8252,20.5217,13.5936,4.37683
power_30_10,497499637,89445747,476394613,88174479,38153371,11447407,155228493,155228301,283706188,283706018,308344857,89282791,5852858,10000,34.0006,7.81341,32.8368,7.6936,2.6526,1.29496,14.5932,14.3427,24.4216,24.4831,26.3247,7.82732,9.23138,10000,644793,401808,631894,396610,255202,209979,553573,536257,544930,529343,557519,388022,232590,2-3-14-11-1-6-10-7-25-0-4-5-8-9-12-13-15-18-22-16-17-19-20-21-23-24-26-27-28-29,2-3-14-11-1-6-7-10-0-4-25-5-9-8-18-22-13-15-24-12-17-20-23-16-19-21-28-29-26-27,2-3-14-11-1-6-10-7-25-0-4-5-8-9-12-13-15-18-22-16-17-19-20-21-23-24-26-27-28-29,2-3-14-11-1-6-10-7-0-4-25-5-9-8-18-22-13-15-12-24-17-20-23-16-19-21-28-29-26-27,2-3-14-11-1-6-0-7-10-4-9-5-18-25-13-22-8-12-24-15-17-20-28-21-23-29-16-19-27-26,2-3-14-0-1-6-11-7-4-10-9-5-18-8-13-22-25-24-12-17-20-15-23-21-28-29-16-19-27-26,2-3-14-11-1-6-10-7-25-0-4-5-13-18-8-9-22-12-15-17-20-21-24-23-28-16-19-29-26-27,2-3-14-11-1-6-10-7-25-0-4-5-13-18-8-9-22-12-15-17-20-21-24-23-28-16-19-29-26-27,2-3-14-11-1-7-6-10-25-0-18-13-4-5-8-9-12-22-15-24-21-17-20-28-23-16-19-27-29-26,2-3-14-11-1-7-6-10-25-0-18-13-4-5-8-9-12-22-15-24-21-17-20-28-23-16-19-27-29-26,2-3-14-11-1-7-6-10-25-0-18-13-4-5-8-9-12-22-15-24-21-17-20-28-23-16-19-27-29-26,2-3-14-11-1-6-7-10-0-4-25-5-9-8-18-22-13-15-12-24-17-20-23-16-19-21-28-29-27-26,2-3-0-1-14-11-6-10-4-7-9-5-8-18-22-13-25-24-29-20-17-12-23-15-21-19-16-28-27-26,0.0703865,0.309683,0.100792,0.454271,0.170033,0.526806,0.583518,0.569213,0.581875,0.609811,0.142439,0.362112,8.8008,33.9302,7.50373,32.736,7.23933,2.48257,0.768155,14.0097,13.7734,23.8398,23.8733,26.1822,7.46521,0.430577
power_30_28,714478520,2590195314,624659020,2503737078,4530258809,3057645910,2529758566,2529015064,2980000393,2987808131,3202263550,3363500476,3010837963,10000,65.2198,184.718,56.9145,175.31,274.645,182.359,185.829,186.045,217.146,216.381,238.439,231.005,182.46,10000,649039,422602,636272,416772,268075,222181,557582,536019,549876,529939,562561,400544,263530,0-5-4-3-7-6-1-2-8-12-15-16-10-13-17-21-26-9-11-14-18-19-20-22-23-24-25-27-28-29,0-5-4-3-7-6-1-12-8-15-2-16-10-13-17-21-26-20-24-9-14-18-22-11-19-29-28-27-23-25,0-5-4-3-7-6-1-2-8-12-15-16-10-13-17-21-26-9-11-14-18-19-20-22-23-24-25-27-28-29,0-5-4-3-7-6-1-12-8-15-2-16-10-13-17-21-26-20-24-9-14-18-22-11-29-19-28-27-23-25,0-5-4-3-7-1-6-15-8-12-10-2-16-13-17-21-20-14-26-29-24-9-22-18-27-11-28-19-25-23,0-5-4-3-1-7-6-12-15-8-10-2-16-13-17-20-21-14-26-24-9-29-22-18-11-27-19-28-25-23,0-5-4-3-7-6-1-2-8-12-15-16-10-17-13-21-26-9-20-28-29-14-18-24-22-25-19-11-23-27,0-5-4-3-7-6-1-2-8-12-15-16-10-17-13-21-26-9-20-28-29-14-18-24-22-25-11-23-27-19,0-5-4-3-7-6-15-1-8-12-2-16-10-21-17-13-26-20-9-29-28-14-18-24-27-19-25-22-11-23,0-5-4-3-7-6-15-1-8-2-12-16-10-21-13-17-26-20-9-29-28-14-18-24-27-22-25-19-11-23,0-5-4-3-7-6-15-1-8-2-12-16-10-21-17-13-26-20-9-29-28-14-18-24-27-19-22-25-11-23,0-5-4-3-7-6-1-12-8-15-2-16-10-13-17-21-26-20-24-9-14-18-29-22-11-19-28-27-23-25,0-5-4-3-7-15-6-1-12-8-10-2-16-17-13-21-20-26-14-24-9-22-29-11-18-19-27-28-23-25,0.0702328,0.310192,0.102049,0.453199,0.177519,0.536581,0.576488,0.577959,0.578082,0.602951,0.138786,0.363142,9.14777,65.1496,184.408,56.8124,174.857,274.467,181.823,185.253,185.467,216.568,215.778,238.3,230.642,173.312
power_30_29,6626147,5000725,6114998,4565468,3834131,2983554,369096503,369079600,384463377,382715518,415335723,57089630,2258386,0,0.542946,0.628522,0.532355,0.750325,0.41143,0.724095,26.6182,27.1157,28.2718,28.0945,30.8333,3.95062,9.50613,0,662908,426605,650155,420869,267560,223009,573778,549190,563437,540664,575340,401914,259494,0-2-4-3-7-5-10-11-9-12-15-8-14-20-23-27-1-6-13-16-17-18-19-21-22-24-25-26-28-29,0-2-4-7-3-5-10-11-9-15-12-14-20-8-27-23-18-6-25-16-29-17-24-1-19-21-13-22-26-28,0-2-4-3-7-5-10-11-9-12-15-8-14-20-23-27-1-6-13-16-17-18-19-21-22-24-25-26-28-29,0-2-4-7-3-5-10-11-9-15-12-14-20-8-27-23-18-6-25-16-29-17-24-19-1-21-13-22-26-28,0-2-4-3-7-5-10-11-9-15-12-14-8-20-27-6-25-23-18-16-17-19-29-24-22-28-26-21-13-1,0-2-4-3-7-5-10-9-11-15-14-12-20-8-6-25-18-27-16-23-17-29-19-24-22-21-13-28-1-26,0-2-4-3-7-5-10-11-9-15-12-27-8-14-20-23-1-19-26-28-29-16-18-6-17-22-24-25-21-13,0-2-4-3-7-5-10-11-9-15-12-27-8-14-20-23-1-19-26-28-29-16-18-6-17-22-24-25-21-13,0-2-4-3-7-5-10-11-9-15-12-27-8-14-20-23-19-29-28-1-26-18-16-21-6-25-17-22-24-13,0-2-4-3-7-10-5-11-9-15-12-27-8-14-20-23-19-28-1-26-29-18-16-21-6-25-17-22-24-13,0-2-4-3-7-10-5-11-9-15-12-27-8-14-20-23-19-28-29-1-26-18-16-21-6-25-17-22-24-13,0-2-4-7-3-5-10-11-9-15-12-14-20-8-27-23-18-6-25-16-29-1-17-24-19-21-26-28-13-22,0-2-4-3-7-5-10-11-9-14-15-12-20-8-27-25-6-18-23-16-29-17-19-24-21-1-13-22-28-26,0.0699823,0.308903,0.102715,0.462488,0.173053,0.524514,0.580218,0.57438,0.593776,0.602145,0.138597,0.366109,9.35797,0.472964,0.319618,0.42964,0.287837,0.238377,0.199581,26.038,26.5414,27.678,27.4923,30.6947,3.58451,0.14816
power_30_36,123148432,192666483,113318989,185425302,101850439,228670862,10514300754,10514300740,10512844410,10512844396,11559122042,189084763,95387159,10000,7.87175,12.1325,7.20073,11.8924,6.66786,18.7114,547.135,565.026,543.787,540.523,612.874,11.8351,13.9409,10000,671914,396891,659005,392353,244488,193945,532741,512977,527642,510947,540888,378708,219658,3-0-8-2-4-5-7-10-11-17-1-12-13-15-16-21-24-6-9-14-18-19-20-22-23-25-26-27-28-29,3-0-8-2-4-5-7-17-11-10-1-24-6-19-15-16-12-21-13-22-14-18-25-9-27-29-23-26-28-20,3-0-8-2-4-5-7-10-11-17-1-12-13-15-16-21-24-6-9-14-18-19-20-22-23-25-26-27-28-29,3-0-8-2-4-5-7-17-11-10-1-24-6-19-15-16-12-21-13-22-14-18-25-9-27-29-23-26-28-20,3-0-8-2-5-7-4-17-11-10-1-12-6-19-15-24-21-22-13-9-16-27-14-29-18-23-25-26-28-20,3-0-8-2-5-7-4-17-11-10-6-19-1-12-15-24-21-22-9-13-16-27-14-18-29-23-25-26-28-20,3-0-8-2-4-5-7-10-17-11-12-16-1-24-15-21-13-6-9-14-18-19-22-29-25-27-23-26-28-20,3-0-8-2-4-5-7-10-17-11-12-16-1-24-15-21-13-6-9-14-18-19-22-29-25-27-23-26-28-20,3-0-8-2-4-5-7-17-10-11-12-16-1-24-15-21-13-6-19-22-9-29-18-14-27-25-23-26-28-20,3-0-8-2-4-5-7-17-10-11-12-16-1-24-15-21-13-6-19-22-9-29-18-14-27-25-23-26-28-20,3-0-8-2-4-5-7-17-10-11-12-16-1-24-15-21-13-6-19-22-9-29-14-18-27-25-23-26-28-20,3-0-8-2-4-5-7-17-11-10-1-24-15-16-6-19-12-21-13-22-14-18-25-9-27-29-23-26-28-20,3-0-8-2-4-5-17-7-10-1-11-19-6-15-12-21-24-16-22-13-18-14-9-27-23-25-29-26-28-20,0.0710059,0.310897,0.101989,0.462056,0.169611,0.523883,0.581947,0.58312,0.603371,0.594748,0.134416,0.362481,8.07435,7.80075,11.8216,7.09874,11.4303,6.49825,18.1875,546.553,564.443,543.183,539.928,612.739,11.4727,5.86658
power_30_37,148214324,9359466,148208190,9357928,8722935,10954406,214840754,216188442,243371591,288828032,288777638,9174454,9478272,10000,8.92261,0.976015,9.20809,1.1236,0.763912,1.25312,13.7295,13.8613,14.7303,17.8542,17.7641,1.01894,10.1166,10000,671531,433190,658663,427718,252914,207124,576701,556243,566966,548571,579199,410232,267643,0-4-1-3-5-11-7-10-15-6-8-9-14-16-18-20-21-2-12-13-17-19-22-23-24-25-26-27-28-29,0-4-3-1-11-5-15-10-7-8-21-20-9-6-14-18-12-24-16-26-17-13-22-23-29-27-2-19-25-28,0-4-1-3-5-11-7-10-15-6-8-9-14-16-18-20-21-2-12-13-17-19-22-23-24-25-26-27-28-29,0-4-3-1-11-5-15-10-7-8-21-20-9-6-14-18-12-24-16-26-17-13-22-23-29-27-2-19-25-28,0-4-3-1-11-5-15-10-8-20-7-21-6-14-9-24-18-12-16-26-23-13-22-17-29-2-27-19-25-28,0-4-3-1-15-11-5-10-8-20-21-6-7-14-9-24-12-18-26-16-17-13-23-22-29-2-27-19-25-28,0-4-1-3-11-5-10-15-7-8-9-20-21-6-14-18-16-2-12-17-23-26-24-29-25-19-13-22-27-28,0-4-1-3-11-5-10-15-7-8-9-20-21-6-14-18-16-2-12-17-23-26-24-29-25-13-22-19-27-28,0-4-3-1-11-5-15-10-7-8-20-21-9-6-14-18-16-12-17-2-24-23-26-29-13-25-28-19-22-27,0-4-3-1-11-5-15-10-7-8-20-21-9-6-14-18-16-12-2-17-24-23-26-29-13-25-28-22-19-27,0-4-3-1-11-5-15-10-7-8-20-21-9-6-14-18-16-12-2-17-24-23-26-29-13-25-28-19-22-27,0-4-3-1-11-5-15-10-7-8-21-20-9-6-14-18-12-24-16-26-17-13-22-23-29-27-2-25-19-28,0-4-3-1-11-15-5-10-8-7-20-21-14-6-9-24-12-18-26-16-13-22-23-17-29-27-2-19-25-28,0.0699478,0.311177,0.101195,0.454487,0.167675,0.530962,0.599028,0.576075,0.580848,0.601517,0.138827,0.36571,9.44879,8.85266,0.664838,9.10689,0.669113,0.596237,0.72216,13.1304,13.2853,14.1494,17.2527,17.6252,0.65323,0.667797
