small_world_30_30,7443395,2799150,6136709,2509218,613079,450310,3623239,658713,3586659,2880634,7443234,2799143,3950533,0,0.645889,0.445355,0.66597,0.791319,0.204215,0.529702,0.829764,0.74227,0.925464,0.810983,0.681911,0.509004,2.12716,0,225196,111865,214165,108635,34163,26446,205683,197617,204548,196422,215393,110798,16661,1-4-7-19-16-20-9-18-22-23-0-6-10-12-17-21-24-25-2-3-5-8-11-14-15-26-27-28-29-13,7-4-19-20-1-16-22-23-9-18-25-21-6-12-10-0-17-24-14-5-2-27-3-8-26-15-11-29-28-13,1-4-7-19-16-20-9-18-22-23-0-6-10-12-17-21-24-25-2-3-5-8-11-14-15-26-27-28-29-13,7-4-19-20-1-16-22-23-9-18-25-21-6-12-10-0-17-24-14-5-2-27-3-8-26-15-11-29-28-13,7-19-20-22-4-1-16-25-23-24-18-10-21-9-17-6-12-27-14-0-26-2-11-3-8-5-15-29-28-13,7-19-20-22-4-1-16-25-23-24-18-9-21-10-17-6-12-14-27-0-2-3-11-5-8-26-15-29-28-13,1-7-19-16-20-4-22-18-23-9-0-24-10-17-21-25-12-6-2-5-27-14-3-8-15-11-26-28-29-13,16-19-20-1-7-4-18-23-22-9-17-24-0-10-21-25-12-6-14-15-2-27-5-3-8-11-26-28-29-13,1-4-7-19-16-20-18-22-23-9-0-6-10-17-21-24-25-12-2-3-8-14-15-27-5-11-26-28-29-13,7-1-4-19-16-20-9-18-22-23-6-10-25-0-17-24-21-12-5-2-3-8-14-27-15-11-26-28-29-13,1-4-7-19-16-20-9-18-22-23-0-6-10-17-21-24-25-12-2-3-5-8-14-15-27-11-26-28-29-13,7-4-19-20-1-16-22-23-9-18-25-21-6-12-10-0-17-24-14-5-2-27-3-8-26-15-11-29-28-13,7-4-22-20-1-19-23-9-6-10-25-24-21-16-12-17-0-5-18-2-3-8-14-11-27-26-29-15-28-13,0.0602855,0.280382,0.0819514,0.641671,0.160855,0.49803,0.583217,0.68781,0.636607,0.617126,0.135673,0.343623,1.86954,0.585603,0.164973,0.584018,0.149648,0.0433604,0.0316723,0.246547,0.0544601,0.288857,0.193857,0.546238,0.165381,0.257623
small_world_30_10,113605431,61577111,95408305,52884770,4545596,561194,1714132955,1712682650,1710941897,58828275,2168796778,61577023,34288,0,5.81323,3.52849,4.53128,3.25141,0.472264,0.620394,124.508,120.772,122.237,4.77182,163.237,3.38772,1.75169,0,213594,108093,202715,104682,30948,24845,196826,189277,195228,187789,205824,107256,15692,13-8-10-0-11-9-19-20-1-4-5-12-14-15-16-17-18-21-22-23-24-26-27-2-6-25-29-3-7-28,13-10-11-9-19-20-8-0-27-12-14-17-16-18-15-22-23-21-1-26-24-4-5-6-25-2-29-7-28-3,13-8-10-0-11-9-19-20-1-4-5-12-14-15-16-17-18-21-22-23-24-26-27-2-6-25-29-3-7-28,13-10-11-9-19-20-8-0-27-12-14-17-16-18-15-22-23-21-1-26-24-4-5-6-25-2-29-7-28-3,13-11-10-9-19-20-8-17-18-12-22-27-16-14-15-21-23-26-24-0-6-4-1-5-29-25-7-2-28-3,13-11-10-12-16-19-20-17-18-14-15-9-8-22-21-27-23-24-26-0-6-4-1-5-25-29-7-2-28-3,13-8-10-11-0-9-19-20-4-12-14-15-16-22-23-27-1-5-17-18-21-24-26-2-6-25-29-3-7-28,13-8-10-11-0-9-19-20-4-12-14-15-16-22-23-1-5-17-18-27-21-24-26-2-6-25-29-3-7-28,13-8-10-11-9-19-20-0-4-12-14-15-16-17-18-21-22-23-27-26-5-1-24-6-2-29-25-3-7-28,13-8-10-11-0-9-19-20-12-14-15-16-4-22-23-17-18-5-21-27-1-26-24-6-2-29-25-3-7-28,13-8-10-11-0-9-19-20-4-12-14-15-16-17-18-21-22-23-27-1-5-26-24-6-2-29-25-3-7-28,13-10-11-9-19-20-8-0-27-12-14-16-17-18-15-22-23-21-1-26-24-4-5-6-25-2-29-7-28-3,16-19-15-13-14-12-17-18-11-21-22-20-10-9-8-23-24-27-0-26-1-6-4-5-25-29-2-7-28-3,0.0597245,0.285653,0.0822226,0.425984,0.152806,0.57667,0.580298,0.55419,0.601747,0.612358,0.131874,0.338069,1.7497,5.7535,3.24284,4.44906,2.82543,0.319459,0.043724,123.928,120.218,121.635,4.15946,163.106,3.04965,0.00198898
small_world_30_31,4002453802,155702734,3399066908,142906502,329902447,25715918,3397380817,443343225,3397549804,443341355,4000753197,155702001,16019,0,266.218,12.6612,215.5,11.6319,28.187,2.33776,213.314,26.2154,208.775,25.6326,253.625,12.5331,1.61392,0,206746,103820,195844,100384,27777,22035,191172,184063,190814,183610,201441,103316,8658,0-2-18-16-20-24-28-4-5-6-7-13-11-12-14-15-19-21-22-23-25-27-29-1-3-8-9-10-17-26,18-16-24-20-2-0-28-25-6-5-19-21-29-23-7-4-22-15-14-27-13-12-11-17-10-8-9-1-26-3,0-2-18-16-20-24-28-4-5-6-7-13-11-12-14-15-19-21-22-23-25-27-29-1-3-8-9-10-17-26,18-16-24-20-2-0-28-25-6-5-19-21-29-23-22-4-7-15-14-27-13-12-11-17-10-8-9-1-26-3,24-16-18-20-2-29-28-27-0-21-22-19-14-5-23-25-15-13-12-11-6-4-7-26-17-9-3-10-1-8,24-16-18-20-2-0-28-29-21-22-27-5-19-14-15-23-25-13-6-12-4-11-7-26-17-3-9-10-1-8,0-2-18-16-20-24-28-4-5-6-7-23-25-27-29-15-19-21-12-11-13-14-22-1-3-17-8-26-9-10,18-2-16-20-0-24-28-15-19-21-4-5-6-23-29-7-12-13-14-22-25-27-11-17-1-3-26-8-9-10,0-2-18-16-20-24-28-4-5-6-7-13-14-15-19-21-22-23-25-27-29-11-12-1-3-17-8-26-9-10,18-16-20-2-0-24-28-15-19-21-4-5-6-13-14-22-23-29-12-7-25-27-11-17-1-3-26-8-9-10,0-2-18-16-20-24-28-4-5-6-7-13-14-15-19-21-22-23-25-27-29-11-12-1-3-8-17-26-9-10,18-16-24-20-2-0-28-25-6-5-19-21-29-23-7-22-4-15-14-27-13-12-11-17-8-10-9-1-26-3,24-20-18-16-21-19-22-2-0-28-5-15-17-23-25-6-13-14-27-12-29-7-11-4-26-10-9-8-3-1,0.0588329,0.374803,0.0760176,0.424753,0.125179,0.482525,0.570368,0.557594,0.612767,0.633064,0.132293,0.338114,1.61231,266.159,12.2864,215.424,11.2071,28.0618,1.85524,212.744,25.6578,208.162,24.9996,253.493,12.195,0.00160357
small_world_30_32,379249351,343472062,320979162,294422905,747188,389711,219032770,218498280,220292627,273498995,276166818,343471966,476263,0,20.7172,18.8115,17.4274,15.9247,0.189335,0.501361,12.2267,12.5858,12.911,16.7601,15.0217,18.4641,1.78217,0,214312,105972,203427,102692,31427,24597,197454,189714,195978,188451,206623,105172,15568,5-6-8-17-28-0-25-24-2-3-4-7-12-9-11-13-14-16-21-23-27-29-1-10-15-18-20-19-22-26,5-25-28-8-17-6-0-24-2-9-12-7-29-11-4-3-21-27-14-23-16-13-1-10-18-15-20-26-19-22,5-6-8-17-28-0-25-24-2-3-4-7-12-9-11-13-14-16-21-23-27-29-1-10-15-18-20-19-22-26,5-25-28-8-17-6-0-24-2-9-12-7-29-11-4-3-21-27-14-23-16-13-1-10-18-15-20-26-19-22,28-29-6-5-25-17-8-27-4-2-24-7-12-9-0-11-14-3-13-16-23-21-10-1-15-18-26-20-22-19,28-29-6-5-8-17-25-27-2-4-0-7-12-9-24-11-14-3-13-16-21-23-1-10-15-18-26-20-22-19,5-6-8-25-28-17-24-0-3-4-7-12-21-9-11-27-29-14-16-2-23-13-1-15-10-18-20-22-26-19,5-6-8-25-28-17-24-0-3-4-7-12-21-9-11-27-29-2-23-14-16-13-1-15-10-18-20-22-19-26,5-6-8-17-28-25-0-24-3-4-7-12-21-27-29-2-9-11-14-23-16-13-1-15-18-10-20-26-22-19,5-6-8-25-28-17-0-24-3-7-12-4-21-27-29-2-9-11-23-14-16-13-1-15-18-10-20-26-22-19,5-6-8-17-28-0-25-24-3-4-7-12-21-27-29-2-9-11-14-16-23-13-1-15-18-10-20-26-22-19,5-25-28-8-17-6-0-24-2-9-12-7-29-11-4-3-21-27-14-23-16-13-1-10-18-15-20-26-19-22,6-5-8-29-28-2-0-17-7-9-11-4-12-25-14-13-3-24-1-10-27-16-23-21-15-18-26-20-22-19,0.0603872,0.279816,0.077921,0.423716,0.130959,0.463894,0.564335,0.557835,0.605817,0.611251,0.13432,0.33462,1.73752,20.6569,18.5317,17.3495,15.501,0.0583754,0.0374669,11.6624,12.028,12.3052,16.1489,14.8873,18.1295,0.0446446
small_world_30_11,3387676,6418631733,3027519,5527607363,439597,33821,4876729,5854818,9546931,9534755,11304645,6418631490,25996,0,0.345935,387.784,0.342305,330.896,0.151634,0.46678,0.855473,0.976981,1.41345,1.41997,1.09915,392.412,1.87073,0,216466,110951,205563,107362,32963,26485,199721,192002,197879,190274,208531,110037,15440,22-10-11-6-3-12-19-20-23-27-24-28-1-2-4-16-18-21-26-5-8-9-13-14-15-25-29-0-7-17,22-24-27-28-6-20-12-10-23-3-11-19-21-26-1-4-2-18-16-13-8-5-14-25-9-29-15-7-17-0,22-10-11-6-3-12-19-20-23-27-24-28-1-2-4-16-18-21-26-5-8-9-13-14-15-25-29-0-7-17,22-24-27-28-6-20-12-10-23-3-11-19-21-26-1-4-2-18-16-13-8-5-14-25-9-29-15-7-17-0,22-24-27-28-26-23-20-12-11-19-3-6-10-21-18-25-1-16-2-4-15-9-29-5-14-8-13-17-0-7,22-24-27-23-26-28-20-12-11-19-3-6-10-21-25-18-1-4-16-2-5-8-9-15-14-29-13-17-7-0,22-23-27-24-28-10-20-19-3-6-11-12-2-26-1-18-21-4-16-5-9-25-13-14-29-15-8-17-0-7,27-23-22-24-28-10-20-3-19-6-11-12-2-26-1-18-21-4-16-5-9-25-29-13-14-8-15-0-17-7,22-10-11-19-20-23-27-24-28-3-6-12-2-26-21-1-4-16-18-9-25-5-8-13-15-29-14-7-17-0,22-10-11-19-20-23-27-24-28-3-6-12-21-26-2-16-18-1-4-9-25-5-8-13-15-29-14-7-17-0,22-10-11-19-20-23-27-24-28-3-6-12-2-21-26-1-4-16-18-9-25-5-8-13-15-29-14-7-17-0,22-24-27-28-6-20-12-10-23-3-11-19-21-26-1-4-2-18-16-13-8-5-14-25-9-29-15-7-17-0,22-23-27-24-26-11-12-6-20-28-19-25-10-3-21-16-18-4-1-2-13-14-15-5-8-9-17-29-7-0,0.0603071,0.275349,0.0801929,0.42623,0.129657,0.464368,0.564499,0.557909,0.60381,0.616666,0.132538,0.329651,1.86885,0.285628,387.508,0.262112,330.469,0.0219774,0.00241268,0.290974,0.419072,0.809638,0.803307,0.966608,392.083,0.00187517
small_world_30_33,916548361,8442753,744857499,7536781,49627,236953,732813976,729269017,5983410,29859953,36151375,8442735,321058,0,71.3012,0.807368,56.7817,0.887416,0.132316,0.477002,41.8912,42.3678,1.06317,3.47142,3.59293,0.858668,1.80206,0,215256,106691,204301,103336,31117,24403,196766,187970,195207,186621,206011,105714,13685,29-2-4-21-14-26-25-27-3-10-6-7-8-9-11-12-22-23-28-0-5-15-16-17-18-19-20-24-1-13,29-2-4-21-14-27-25-26-28-10-9-8-6-3-7-23-12-22-11-5-0-15-24-18-19-17-16-20-1-13,29-2-4-21-14-26-25-27-3-10-6-7-8-9-11-12-22-23-28-0-5-15-16-17-18-19-20-24-1-13,29-2-4-21-14-27-25-26-28-10-9-8-6-3-7-23-12-22-11-5-0-15-24-18-19-17-16-20-1-13,29-28-25-26-27-10-8-21-4-9-2-7-6-22-23-14-15-24-3-5-11-12-18-0-20-19-17-16-1-13,29-28-25-26-27-10-4-21-8-9-2-7-6-14-23-22-15-24-3-5-11-12-0-18-20-19-17-16-1-13,29-2-14-21-26-25-27-4-6-8-10-9-28-11-23-7-3-12-22-19-20-0-5-15-16-17-24-18-1-13,29-2-14-21-26-25-27-4-6-8-10-9-28-11-23-7-3-12-22-0-5-15-16-17-24-19-20-18-1-13,29-2-26-25-27-14-21-4-28-10-8-9-6-11-23-22-3-7-12-15-24-19-20-18-0-5-16-17-1-13,29-2-26-25-27-14-21-4-9-10-28-6-8-11-23-22-7-3-12-15-24-0-5-16-17-19-20-18-1-13,29-2-26-25-27-14-21-4-9-10-28-6-8-11-23-22-3-7-12-15-24-19-20-18-0-5-16-17-1-13,29-2-4-21-14-27-25-26-28-10-9-8-6-3-7-23-12-22-11-5-0-15-18-24-19-17-16-20-1-13,29-28-25-10-26-27-4-21-8-6-2-7-9-14-23-22-5-3-0-24-15-11-12-20-19-18-17-1-16-13,0.0606824,0.277771,0.0801366,0.423397,0.127555,0.458637,0.557923,0.552621,0.606889,0.604282,0.132316,0.328699,1.78175,71.2406,0.529597,56.7016,0.46402,0.00476108,0.0183649,41.3332,41.8152,0.45628,2.86714,3.46062,0.529969,0.0203053
small_world_30_12,397433832,255437603,341546775,227799162,100242315,924687,341605476,26063732,341604235,790354219,397432518,255437499,2421187,0,38.0421,13.1938,32.9294,12.213,4.94459,0.513287,16.7422,2.22517,32.9647,32.9787,38.303,13.625,2.01319,0,221016,112351,210028,108940,31488,24919,203429,195859,201248,193342,212015,111339,17329,2-14-4-6-9-10-11-13-29-1-3-5-7-8-12-17-19-21-26-28-0-15-16-22-23-24-25-27-18-20,6-9-13-14-2-29-11-10-4-5-7-8-1-12-28-19-3-17-26-21-22-0-15-16-27-24-25-23-18-20,2-14-4-6-9-10-11-13-29-1-3-5-7-8-12-17-19-21-26-28-0-15-16-22-23-24-25-27-18-20,6-9-13-14-2-29-11-10-4-5-7-8-1-12-28-3-19-17-26-21-22-0-15-16-27-24-25-23-18-20,9-13-6-14-2-29-10-11-8-28-5-4-7-3-1-12-26-19-17-22-27-16-21-15-25-0-24-23-18-20,9-6-13-10-11-14-2-29-8-5-4-28-7-3-1-12-26-17-19-22-27-16-21-15-0-25-24-23-18-20,6-9-4-2-14-10-11-13-29-3-5-7-8-12-1-28-17-19-21-26-22-24-25-0-15-16-23-27-18-20,9-6-10-11-14-2-13-4-29-7-8-12-3-5-17-26-1-28-19-21-25-22-24-15-16-23-27-0-18-20,2-14-4-6-9-10-11-13-29-3-5-7-8-12-17-1-19-21-26-28-15-16-25-22-24-0-27-23-18-20,2-14-4-6-9-29-11-13-10-1-3-19-12-17-5-7-8-26-28-21-15-0-16-22-25-27-24-23-18-20,2-14-4-6-9-10-11-13-29-1-3-5-7-8-12-17-19-21-26-28-0-15-16-22-24-25-27-23-18-20,6-9-13-14-2-29-11-10-4-5-7-8-1-12-28-19-3-17-26-21-22-0-15-16-27-24-25-23-18-20,9-6-11-13-14-2-29-8-5-28-1-3-7-12-26-0-27-4-10-25-17-19-22-15-16-23-24-21-18-20,0.0604736,0.276749,0.0808224,0.418947,0.128844,0.462941,0.564301,0.556099,0.606019,0.606047,0.132203,0.333231,1.88291,37.9817,12.917,32.8486,11.7941,4.81574,0.0503459,16.1779,1.66907,32.3587,32.3727,38.1708,13.2918,0.130282
small_world_30_34,959744051,4720213,815723042,4226402,78084,63434,100197032,88886453,815722930,4003754,959743933,4720206,25077,0,74.8606,0.564643,64.1679,0.670326,0.13622,0.45807,6.83624,4.83694,64.4473,0.858527,74.8557,0.627733,1.80216,0,212902,107519,202081,104103,31052,24910,197624,190136,196412,188829,206971,106709,17855,4-6-7-8-14-12-25-22-23-26-1-2-5-9-10-11-15-17-19-20-21-24-27-0-3-16-18-13-28-29,26-25-7-6-8-22-4-14-23-12-10-20-11-9-5-24-21-17-27-2-19-1-15-18-0-3-16-13-29-28,4-6-7-8-14-12-25-22-23-26-1-2-5-9-10-11-15-17-19-20-21-24-27-0-3-16-18-13-28-29,26-25-7-6-8-22-4-14-23-12-10-20-11-9-24-5-21-17-27-2-19-1-15-18-3-0-16-13-29-28,26-25-23-8-7-6-4-24-10-22-9-5-14-11-20-21-27-12-19-17-18-15-3-2-1-16-0-29-13-28,26-25-23-7-8-6-4-10-24-22-9-20-11-5-14-21-12-19-17-27-18-15-3-2-1-16-0-29-13-28,4-6-7-8-14-25-23-26-12-22-2-5-9-10-11-19-20-24-1-17-21-27-15-3-0-16-18-29-13-28,26-7-8-23-25-4-6-22-14-12-19-20-24-5-9-10-11-1-17-21-27-2-15-0-16-3-18-29-13-28,4-6-7-8-14-12-25-22-23-26-1-2-5-9-10-11-15-17-19-20-21-24-27-0-3-16-18-13-29-28,26-7-8-23-25-4-6-22-14-12-20-24-19-5-9-10-11-21-27-1-17-2-15-0-16-3-18-29-13-28,4-6-7-8-14-12-25-22-23-26-1-2-5-9-10-11-15-17-19-20-21-24-27-0-3-16-18-13-29-28,26-25-7-6-8-22-4-14-23-12-10-20-11-24-9-5-17-21-27-2-19-1-15-18-0-3-16-13-29-28,7-8-26-23-10-6-25-9-4-20-12-24-11-17-21-14-5-22-19-18-15-3-2-27-16-1-0-13-29-28,0.0594219,0.271536,0.0785984,0.413494,0.130339,0.45313,0.56333,0.557323,0.602725,0.620283,0.132666,0.335709,1.79988,74.8012,0.293107,64.0893,0.256832,0.0058806,0.00494031,6.27291,4.27961,63.8446,0.238244,74.7231,0.292024,0.0022755
small_world_30_0,3928349507,425768788,3427419997,383886264,55111307,3728455,3419188264,3394922214,3414399959,3390134233,3914414755,425765450,3734212,0,429.4,43.786,373.826,39.458,3.71516,0.725046,366.005,362.626,363.024,357.98,421.099,43.5045,2.21535,0,219756,110795,208865,107449,33209,25962,201309,192397,200173,191568,210848,109740,16664,17-8-14-15-20-23-26-28-1-29-0-2-3-4-9-10-11-18-19-24-27-7-12-13-16-21-22-25-5-6,17-15-20-14-8-23-26-29-28-1-3-4-11-0-27-19-18-10-2-24-9-12-16-22-21-25-13-7-5-6,17-8-14-15-20-23-26-28-1-29-0-2-3-4-9-10-11-18-19-24-27-7-12-13-16-21-22-25-5-6,17-15-20-14-8-23-26-29-28-1-3-4-11-0-27-19-18-10-2-24-9-12-16-22-21-25-13-7-5-6,17-15-20-27-26-29-28-14-23-4-11-1-19-3-0-18-24-8-2-10-25-16-9-13-21-12-22-5-7-6,17-15-20-14-4-27-26-29-28-23-1-11-0-3-19-18-24-8-2-10-25-16-22-21-13-12-9-5-7-6,17-8-14-15-20-23-26-28-1-29-3-4-18-19-27-9-10-11-0-2-24-16-12-13-7-21-22-25-5-6,17-8-14-15-20-23-26-28-1-29-3-4-18-19-27-9-10-11-0-2-24-16-12-13-7-21-22-25-5-6,17-8-14-15-20-23-26-28-1-29-4-18-19-3-27-9-10-11-0-2-24-16-7-12-13-21-22-25-5-6,17-8-14-15-20-23-26-28-1-29-4-18-19-3-27-9-10-11-0-2-24-16-7-12-13-21-22-25-5-6,17-8-14-15-20-23-26-28-1-29-4-18-19-3-27-9-10-11-0-2-24-16-7-12-13-21-22-25-5-6,17-15-20-14-8-23-26-29-28-1-3-4-11-27-0-19-18-10-2-24-9-16-12-22-21-25-13-7-5-6,17-4-20-23-26-29-28-1-24-14-27-15-19-18-0-2-25-22-21-11-16-3-10-5-8-13-12-9-7-6,0.0600729,0.276462,0.0839435,0.445753,0.131467,0.471508,0.595273,0.557571,0.617976,0.608651,0.133127,0.335075,1.87373,429.339,43.5096,373.742,39.0123,3.58369,0.253538,365.41,362.068,362.406,357.371,420.966,43.1694,0.341614
small_world_30_13,1406462806,6542219,1123848827,5259934,2156890536,1242420902,8656330419,3974551657,95622255,95231223,113817269,6542185,57317,0,111.337,0.770055,87.6804,0.833565,130.857,64.5988,579.511,220.489,7.34157,7.3357,8.15229,0.837626,1.99651,0,222500,110982,211578,107752,34963,26628,204131,195801,202131,194066,212859,109941,18632,19-20-6-9-5-7-8-28-27-24-1-3-4-11-12-13-16-21-23-25-26-0-2-10-14-17-22-18-29-15,19-20-12-9-5-8-7-6-28-27-24-1-13-21-25-23-3-26-11-4-16-22-10-14-17-2-0-29-18-15,19-20-6-9-5-7-8-28-27-24-1-3-4-11-12-13-16-21-23-25-26-0-2-10-14-17-22-18-29-15,19-20-12-9-5-8-7-6-28-27-24-1-13-21-25-23-3-26-4-11-16-22-10-14-17-2-0-29-18-15,19-20-6-9-28-5-7-27-24-25-12-23-26-8-4-21-3-22-11-13-1-10-14-16-2-0-17-29-18-15,9-6-19-5-28-7-20-27-24-25-12-23-8-26-4-21-3-22-13-11-1-10-14-16-0-2-17-29-18-15,19-20-6-9-5-28-8-27-7-24-12-16-21-23-1-4-11-13-25-3-26-17-22-0-10-14-2-18-29-15,19-20-6-9-5-28-7-8-27-24-12-16-21-23-4-11-13-25-1-26-3-17-22-10-14-0-2-18-29-15,19-20-12-9-7-8-5-21-24-27-28-23-16-6-4-13-25-11-26-1-3-17-22-14-10-2-0-18-29-15,19-20-12-9-7-8-5-21-24-27-28-23-16-6-13-25-4-11-26-1-3-17-22-14-10-2-0-18-29-15,19-20-12-9-7-8-5-21-24-27-28-23-16-6-4-13-25-11-26-1-3-17-22-14-10-2-0-18-29-15,19-20-12-9-5-8-7-6-28-27-24-1-13-21-23-25-3-26-11-4-16-22-10-14-17-2-0-29-18-15,9-7-5-6-19-8-12-20-4-28-27-24-25-23-3-22-1-11-10-13-0-26-21-2-29-14-16-17-18-15,0.0612099,0.275652,0.0807366,0.416782,0.139023,0.466099,0.563607,0.565981,0.617309,0.611394,0.151228,0.33388,1.99191,111.276,0.494403,87.5996,0.416783,130.718,64.1327,578.948,219.923,6.72426,6.72431,8.00106,0.503745,0.00459606
small_world_30_14,10170697,2295281,8955262,2014155,271587,72848,4925920,4895454,5040119,5009438,5834941,2295269,10588479,0,0.670036,0.489541,0.60995,0.598181,0.15674,0.47938,0.982539,0.966014,0.996123,1.01158,0.593364,0.532518,2.47802,0,215772,108134,204862,104767,30860,23902,199421,191396,198161,190396,208785,107475,14154,27-19-20-25-26-28-2-29-0-1-3-4-5-6-7-8-10-11-12-13-15-17-23-9-14-16-18-22-24-21,27-28-29-25-26-2-19-20-13-4-15-5-0-8-3-11-23-12-10-7-17-1-6-22-16-14-9-18-24-21,27-19-20-25-26-28-2-29-0-1-3-4-5-6-7-8-10-11-12-13-15-17-23-9-14-16-18-22-24-21,27-28-29-25-26-2-19-20-13-4-15-5-0-8-3-11-23-12-10-7-1-17-6-22-16-14-9-18-24-21,28-29-27-26-25-19-2-20-8-4-0-1-17-10-5-15-7-13-23-12-6-18-11-3-22-16-9-14-24-21,28-29-27-26-25-2-19-20-8-0-1-4-5-10-17-13-15-23-7-12-11-6-18-3-22-9-16-14-24-21,27-19-25-26-28-20-2-29-0-8-13-17-23-1-3-5-6-7-10-4-11-12-15-14-24-18-22-9-16-21,27-19-25-26-28-20-2-29-0-8-13-17-23-1-3-5-6-7-10-11-12-15-4-14-24-18-22-16-9-21,27-19-25-26-28-2-20-29-0-8-1-5-11-12-13-15-17-23-4-3-6-7-10-24-14-16-18-22-9-21,27-19-25-26-28-2-20-29-0-8-1-11-12-13-17-23-5-15-3-6-7-10-4-24-14-16-18-22-9-21,27-19-25-26-28-2-20-29-0-8-1-5-11-12-13-15-17-23-4-3-6-7-10-24-14-16-18-22-9-21,27-28-29-25-26-2-19-20-13-4-15-5-0-8-3-11-23-12-10-7-17-1-6-22-16-14-9-18-24-21,28-29-27-2-19-8-10-20-7-25-26-15-11-12-13-17-0-1-4-5-6-9-18-14-16-23-3-22-24-21,0.0601298,0.279303,0.080947,0.429642,0.135559,0.472555,0.574409,0.562883,0.604564,0.606995,0.13324,0.336356,1.84002,0.609906,0.210238,0.529003,0.168539,0.0211805,0.00682564,0.40813,0.403131,0.391559,0.404589,0.460124,0.196161,0.637993
small_world_30_15,79978853,30579542,69113709,27009937,87025364,61941868,72729471,72694527,72729464,110259742,134037878,30579536,6567477,0,4.54091,2.41665,3.81451,2.31503,4.99312,3.81783,4.6588,4.65189,4.74427,6.3548,7.29152,2.54721,2.22506,0,213474,106546,202560,103186,31473,24759,195113,186341,194213,185603,204939,105628,14078,29-16-0-1-10-7-18-23-2-4-5-6-11-14-15-17-19-21-25-26-27-3-8-9-13-22-24-28-12-20,29-16-1-0-18-23-10-7-2-6-4-21-19-5-17-27-11-25-26-14-15-28-3-9-8-22-24-13-20-12,29-16-0-1-10-7-18-23-2-4-5-6-11-14-15-17-19-21-25-26-27-3-8-9-13-22-24-28-12-20,29-16-1-0-18-23-10-7-2-6-4-21-5-19-17-27-11-25-26-14-15-28-3-8-9-22-24-13-20-12,29-16-18-1-23-10-7-0-27-4-26-28-5-25-2-6-21-19-17-15-14-11-3-8-24-22-13-9-20-12,29-16-18-1-0-23-10-7-27-4-5-26-28-25-2-6-19-17-21-11-15-14-3-8-24-9-22-13-20-12,29-16-0-1-10-18-23-7-2-4-6-26-14-15-17-21-5-11-19-25-27-28-3-8-13-9-24-22-20-12,29-16-0-1-10-18-23-7-2-4-6-26-14-15-17-21-5-11-19-25-27-28-3-8-13-9-24-22-20-12,29-16-0-1-10-18-23-7-2-4-6-26-14-15-17-21-5-11-19-25-27-28-13-3-8-9-22-24-20-12,29-16-1-0-10-18-7-23-2-4-6-26-14-15-17-21-5-11-19-25-27-28-13-3-8-9-24-22-20-12,29-16-1-0-10-18-7-23-2-4-6-26-14-15-17-21-5-11-19-25-27-28-13-3-8-9-22-24-20-12,29-16-1-0-18-23-10-7-2-6-4-21-19-5-17-27-11-26-25-14-15-28-3-9-8-22-24-13-20-12,29-16-0-1-18-23-4-7-10-5-27-25-19-26-2-28-6-21-3-17-24-8-11-14-15-22-9-20-13-12,0.0598491,0.288349,0.0812902,0.423493,0.128395,0.467787,0.569017,0.560559,0.608822,0.61609,0.132306,0.336797,1.70241,4.48106,2.1283,3.73322,1.89154,4.86473,3.35004,4.08979,4.09133,4.13545,5.73871,7.15921,2.21041,0.522648
small_world_30_35,13757728896,141642233,11359362181,118709180,463487,436208,77688490,77455144,3880397555,4101602210,4584214048,141642203,958372,0,585.048,8.86666,478.829,8.96891,0.170491,0.498958,5.67855,5.95512,184.713,186.022,217.31,9.00094,1.73745,0,211644,105983,200693,102601,31264,24702,194905,187565,193222,184623,203927,105163,13612,0-2-22-24-12-15-10-26-29-1-3-4-6-18-19-20-21-23-25-27-5-7-9-11-13-14-16-17-28-8,15-26-24-29-0-12-2-22-10-25-27-4-23-18-19-21-1-6-20-3-17-28-5-16-13-9-14-7-11-8,0-2-22-24-12-15-10-26-29-1-3-4-6-18-19-20-21-23-25-27-5-7-9-11-13-14-16-17-28-8,0-29-26-15-24-12-2-22-10-25-27-4-23-18-19-21-1-6-20-3-17-28-5-16-13-9-14-11-7-8,29-26-0-24-27-22-23-15-12-21-2-28-25-4-19-20-10-1-18-3-6-17-16-14-5-13-11-9-7-8,29-26-0-24-22-23-27-15-21-12-2-4-25-28-19-1-20-10-18-3-6-17-16-14-5-13-11-9-7-8,0-2-22-29-24-26-15-12-10-1-3-25-27-19-20-21-23-4-6-18-28-5-14-16-17-9-7-11-13-8,0-2-22-29-24-26-15-12-10-1-3-25-27-19-20-21-23-4-6-18-28-5-14-16-17-9-7-11-13-8,0-2-22-29-26-15-12-10-24-1-3-25-27-18-4-19-20-21-23-6-13-14-28-17-5-9-11-16-7-8,15-26-12-29-0-22-2-10-24-27-18-25-1-3-23-4-19-21-20-6-13-14-17-28-9-11-16-5-7-8,0-2-22-29-26-15-12-10-24-1-3-18-25-27-4-19-20-21-23-6-13-14-28-17-5-9-11-16-7-8,15-26-24-29-0-12-2-22-10-25-27-4-23-18-19-1-21-6-3-20-17-28-5-16-13-9-14-11-7-8,0-29-26-24-22-15-27-23-1-2-12-4-21-25-28-19-10-3-18-20-6-16-17-14-13-11-5-9-7-8,0.0655461,0.281516,0.0784572,0.42344,0.131039,0.460796,0.585488,0.590053,0.607356,0.604214,0.13323,0.337273,1.66911,584.983,8.58515,478.75,8.54547,0.0394517,0.0381621,5.09306,5.36507,184.105,185.418,217.177,8.66367,0.0683349
small_world_30_21,41500990,9526073,36374412,8185264,10941864,390058,37918141,37871788,24549197,24540475,30111447,9525986,2159402,0,4.56884,0.895726,3.96196,0.955196,0.716239,0.485345,4.7656,4.72857,3.20407,3.29331,3.31973,0.962697,1.74371,0,212410,105339,201531,102036,29834,23300,194520,185972,193694,185385,204371,104570,12308,22-21-18-23-24-1-3-2-0-4-7-8-9-10-13-14-15-17-19-26-28-29-5-12-16-20-25-27-6-11,22-23-24-18-21-15-14-26-4-2-3-19-1-7-29-9-17-0-28-10-13-8-16-12-5-27-20-25-6-11,22-21-18-23-24-1-3-2-0-4-7-8-9-10-13-14-15-17-19-26-28-29-5-12-16-20-25-27-6-11,22-23-24-18-21-15-14-26-4-2-3-19-1-7-29-9-17-0-28-10-13-8-16-12-5-27-20-25-6-11,22-23-21-18-26-28-29-2-3-24-19-14-15-17-1-20-7-4-0-10-27-13-8-16-9-25-12-5-11-6,22-21-23-18-19-26-28-24-29-2-3-15-14-17-1-20-7-4-0-10-27-13-16-8-9-12-25-5-11-6,22-21-23-24-18-1-3-2-4-19-14-26-10-15-9-13-0-7-17-28-29-8-20-25-12-27-5-16-11-6,22-21-23-24-18-1-3-2-4-19-14-26-10-15-0-7-17-28-29-9-13-8-20-25-12-27-5-16-11-6,22-21-23-24-18-19-14-26-1-3-2-4-10-15-0-17-29-7-9-13-28-8-20-25-12-27-5-16-11-6,22-21-23-24-18-19-14-26-1-3-2-4-10-15-0-7-17-29-28-9-13-8-20-25-12-27-5-16-11-6,22-21-23-24-18-19-14-26-1-3-2-4-10-15-0-7-17-29-9-13-28-8-20-25-12-27-5-16-11-6,22-23-24-18-21-15-14-26-4-2-3-19-1-7-29-9-17-0-28-10-13-8-16-12-5-27-20-25-6-11,22-23-21-18-19-1-3-2-24-15-20-17-14-26-0-28-7-10-29-4-12-13-16-5-8-9-25-27-11-6,0.0597415,0.276481,0.0808829,0.422063,0.129749,0.466776,0.564353,0.559894,0.616356,0.615177,0.131043,0.335334,1.62126,4.5091,0.619245,3.88108,0.533133,0.586489,0.0185692,4.20124,4.16867,2.58771,2.67813,3.18869,0.627363,0.122451
small_world_30_36,1821189769,2192901176,1545439470,1896555459,104486851,97708664,2710014700,2709519468,1747358605,2699523294,3429962819,2772187046,228469,0,95.5201,128.195,79.3449,107.358,6.47297,5.20425,182.661,177.554,124.39,171.805,230.211,179.022,1.62433,0,207810,103313,196873,99989,29306,22979,191191,182799,190418,182202,201067,102581,9518,2-0-5-13-19-22-29-1-3-4-7-9-12-15-17-18-20-21-23-24-27-28-6-8-10-11-14-16-25-26,2-5-19-0-22-13-29-15-7-3-1-9-17-20-23-4-24-28-18-21-12-27-25-16-8-26-6-14-11-10,2-0-5-13-19-22-29-1-3-4-7-9-12-15-17-18-20-21-23-24-27-28-6-8-10-11-14-16-25-26,2-5-19-0-22-13-29-15-7-3-1-9-17-20-23-4-24-28-18-21-12-27-25-16-8-26-6-14-11-10,29-2-28-19-22-23-5-27-0-20-21-13-15-18-17-1-7-24-4-12-3-9-25-26-16-14-6-11-10-8,2-29-5-19-22-28-23-0-20-27-21-13-1-18-17-15-7-4-3-24-12-9-25-26-16-14-6-11-8-10,2-0-5-19-29-13-22-1-4-9-15-3-20-21-23-27-28-7-12-17-18-24-8-14-16-25-26-6-10-11,2-0-5-19-29-13-22-1-4-9-15-3-20-21-23-27-28-7-12-17-18-24-8-14-16-25-26-6-10-11,2-0-5-29-19-13-22-1-4-15-9-3-7-12-17-20-21-23-27-28-18-24-8-14-16-25-26-10-11-6,2-0-29-5-19-13-22-1-4-9-15-3-7-12-20-21-23-27-28-18-17-24-8-14-16-25-26-10-6-11,2-0-5-29-19-13-22-1-4-9-15-3-7-12-17-18-20-21-23-27-28-24-8-14-16-25-26-10-11-6,2-5-19-0-22-13-29-15-7-3-9-1-17-20-4-23-24-28-18-21-12-27-25-8-16-26-6-14-11-10,2-29-19-22-20-21-1-23-0-5-13-24-27-28-25-17-18-15-4-3-7-9-12-26-16-6-14-8-10-11,0.063411,0.278714,0.0772298,0.429014,0.127112,0.459188,0.565705,0.570554,0.599957,0.61265,0.131022,0.332233,1.60643,95.4567,127.917,79.2677,106.929,6.34586,4.74506,182.096,176.983,123.79,171.192,230.08,178.689,0.0178957
small_world_30_2,1231637261,139066703,1053186289,119072221,25210075,3195212,106734602,202871193,203617697,82695831,238050938,139066696,11404991,0,55.3263,9.32629,48.1875,8.70618,1.27649,0.666078,6.51382,10.5032,10.6614,5.39163,11.8684,9.60845,2.32768,0,213594,107698,202715,104275,31077,24711,196179,188665,195272,187037,205926,106890,17334,7-20-2-9-17-18-21-0-1-3-4-5-25-8-10-11-12-14-15-19-23-24-28-6-13-22-29-16-26-27,20-7-21-2-18-9-17-5-25-8-11-10-1-24-15-4-23-14-19-3-12-0-28-6-22-13-29-16-26-27,7-20-2-9-17-18-21-0-1-3-4-5-25-8-10-11-12-14-15-19-23-24-28-6-13-22-29-16-26-27,20-7-21-2-18-9-17-5-25-8-11-10-1-24-15-4-23-14-3-19-12-0-28-6-22-13-29-16-26-27,7-20-9-21-2-18-24-5-25-17-15-8-11-1-4-12-10-19-3-23-14-28-6-22-13-29-0-16-27-26,7-20-9-21-18-5-2-17-24-25-15-8-11-4-1-3-12-19-23-10-14-6-22-28-13-0-29-16-26-27,7-20-17-18-2-9-21-19-23-25-4-5-8-10-0-1-3-12-15-11-28-14-24-6-29-22-13-16-26-27,7-20-2-9-17-18-21-4-5-25-8-10-19-23-0-1-3-12-15-11-28-14-24-6-29-13-22-16-26-27,7-20-2-9-17-18-21-4-5-25-8-10-11-19-23-0-1-3-12-14-15-24-28-6-29-13-22-16-26-27,20-7-17-18-21-2-9-19-23-25-11-4-5-8-10-14-15-24-12-0-28-1-3-29-6-13-22-16-26-27,7-20-2-9-17-18-21-4-5-25-8-10-11-19-23-0-1-3-12-14-15-24-28-6-29-13-22-16-26-27,20-7-21-2-18-9-17-5-25-8-11-10-1-24-15-4-23-14-19-3-12-0-28-6-22-13-29-16-26-27,7-9-20-18-17-11-21-4-15-12-5-8-2-14-1-6-19-10-24-3-13-25-22-16-23-0-28-29-26-27,0.0606429,0.275074,0.0790163,0.709514,0.133286,0.473905,0.567798,0.555224,0.605954,0.6113,0.132932,0.333324,1.76844,55.2656,9.05122,48.1085,7.99666,1.1432,0.192173,5.94602,9.948,10.0555,4.78033,11.7355,9.27512,0.559238
small_world_30_17,796760,41067,738514,39047,10774,6211,656439,648254,581292,574494,637904,42488,4588,0,0.112976,0.279802,0.128527,0.419696,0.132318,0.464546,0.613622,0.595951,0.636431,0.635839,0.16723,0.338777,1.84055,0,219227,111029,208285,107602,33364,26604,199513,190665,197323,188740,207933,109808,17605,8-16-17-7-12-14-18-20-4-3-0-5-6-10-13-15-21-23-1-9-11-19-24-25-26-27-29-2-22-28,8-16-17-18-14-12-20-7-15-13-10-6-3-5-23-4-21-0-9-19-11-26-29-24-27-25-1-2-22-28,8-16-17-7-12-14-18-20-4-3-0-5-6-10-13-15-21-23-1-9-11-19-24-25-26-27-29-2-22-28,8-16-17-18-14-12-20-7-15-13-10-6-3-5-23-4-21-0-9-19-11-26-29-24-27-25-1-2-22-28,8-16-17-12-20-18-14-7-15-6-3-10-5-11-13-21-9-4-23-29-26-19-27-24-0-25-1-22-28-2,8-16-17-12-14-18-20-7-15-10-6-3-11-13-5-9-19-21-4-23-29-26-27-24-0-25-1-22-28-2,8-16-17-7-20-12-18-14-5-3-6-10-15-21-23-0-4-13-11-24-19-26-29-9-27-1-25-22-2-28,8-16-17-7-20-12-18-14-5-3-6-10-15-21-23-4-13-0-11-24-19-26-9-27-29-1-25-22-2-28,8-16-17-20-7-12-14-18-15-5-3-6-10-13-21-23-4-0-11-24-9-19-26-29-1-27-25-22-2-28,8-16-17-20-7-12-14-18-15-5-3-6-10-13-4-21-23-0-11-24-9-19-26-27-29-1-25-22-2-28,8-16-17-20-7-12-14-18-15-5-3-6-10-13-4-21-23-0-11-24-9-19-26-29-1-27-25-22-2-28,8-16-17-18-14-20-12-7-15-13-10-6-3-5-23-21-4-0-9-19-11-26-29-24-27-25-1-2-22-28,8-16-17-12-14-20-18-10-11-6-7-13-3-9-5-15-21-19-4-23-0-29-26-27-24-25-1-22-2-28,0.0600025,0.275617,0.0805741,0.415743,0.131118,0.46378,0.575193,0.558344,0.604123,0.604438,0.131965,0.334811,1.83997,0.052974,0.00418537,0.0479531,0.00395246,0.00119971,0.000765215,0.0384295,0.0376063,0.032308,0.0314003,0.0352651,0.00396591,0.000573074
small_world_30_18,841491408,73589443,692611206,63135205,1124353,425128,35938777,34631431,34444005,7134188,12000893,73589414,256763,0,42.0065,4.64548,34.9946,4.07119,0.228888,0.496789,3.1116,3.0922,3.09239,1.14306,0.935024,4.56068,1.80508,0,217086,108304,206168,104968,32652,25610,198859,189736,195712,187123,206517,107194,15603,10-1-13-21-5-14-15-29-0-4-6-7-9-12-20-22-23-25-26-28-2-3-11-16-17-19-27-8-18-24,10-1-15-21-5-14-13-29-7-26-23-12-25-9-4-0-20-28-22-6-17-2-11-16-3-19-27-8-24-18,10-1-13-21-5-14-15-29-0-4-6-7-9-12-20-22-23-25-26-28-2-3-11-16-17-19-27-8-18-24,10-1-15-21-5-14-13-29-7-26-23-12-25-9-4-0-28-20-22-6-17-2-11-16-3-19-27-8-24-18,21-15-1-10-13-5-29-28-14-12-23-7-4-20-25-9-6-26-17-0-11-22-27-3-16-2-19-8-24-18,10-1-15-21-13-5-14-12-29-28-7-23-4-20-25-6-9-26-11-0-17-22-3-27-2-16-19-8-24-18,21-5-13-10-1-15-14-29-12-20-23-4-6-7-28-25-0-9-22-26-19-2-3-16-17-11-27-8-18-24,21-5-13-10-1-15-14-29-12-20-23-4-6-7-28-25-9-22-26-0-19-2-3-16-17-11-27-8-18-24,10-1-13-21-5-15-29-14-12-6-7-20-23-9-22-0-4-28-25-26-11-17-19-2-3-16-27-8-18-24,10-1-13-21-15-5-29-14-12-6-7-9-22-20-23-0-4-25-28-26-11-17-19-2-3-16-27-8-18-24,10-1-15-21-5-13-29-14-6-7-12-9-22-20-23-0-4-25-28-26-11-17-19-2-3-16-27-8-18-24,10-1-15-21-5-14-13-29-7-26-23-12-25-9-4-0-20-28-22-6-17-2-11-16-3-19-27-8-24-18,10-1-13-21-15-5-14-7-12-4-23-29-20-28-0-11-6-9-3-25-22-26-17-16-27-2-19-8-24-18,0.0601349,0.276745,0.0806067,0.421726,0.132839,0.462846,0.575841,0.570462,0.613664,0.613479,0.133905,0.338743,1.78346,41.9464,4.36873,34.914,3.64946,0.0960488,0.033943,2.53576,2.52174,2.47872,0.52958,0.801119,4.22194,0.0216228
small_world_30_19,178423194,17740480,151726459,15369436,52102153,106149725,9995952,9899379,13966821,13789065,15830032,17744775,3306602,0,15.5217,1.54356,13.0743,1.48626,2.81084,5.77053,0.981239,1.01059,1.32775,1.32304,0.929617,1.59033,1.83122,0,213248,106377,202398,103070,30257,23857,196277,189076,195644,188600,206239,105660,14047,18-2-3-11-8-10-13-14-20-0-1-6-12-16-17-19-21-23-24-25-26-27-28-5-7-15-22-4-9-29,18-14-3-11-13-2-8-20-10-21-1-12-19-28-24-26-23-25-16-27-17-0-6-5-22-15-7-29-9-4,18-2-3-11-8-10-13-14-20-0-1-6-12-16-17-19-21-23-24-25-26-27-28-5-7-15-22-4-9-29,18-14-3-11-13-2-8-20-10-21-1-12-19-28-24-26-23-25-16-27-17-0-6-5-22-15-7-29-9-4,18-14-11-20-13-10-28-27-2-21-3-8-24-16-25-26-23-19-12-17-6-0-15-22-1-5-7-29-9-4,18-14-11-20-13-10-28-27-3-2-21-8-24-16-25-23-19-26-12-17-0-6-15-22-1-5-7-29-9-4,18-2-14-20-3-11-13-10-8-16-17-19-21-0-6-12-23-24-1-25-27-28-26-15-5-7-22-29-9-4,18-2-14-20-3-11-13-10-8-16-17-19-21-0-6-12-23-24-1-25-27-28-26-15-22-5-7-29-4-9,18-2-14-20-3-11-13-8-10-16-17-19-21-0-6-12-23-24-1-28-25-26-27-15-22-5-7-29-9-4,18-2-14-20-3-11-13-8-10-16-17-19-21-0-6-12-23-24-1-28-25-26-27-15-22-5-7-29-4-9,18-2-14-20-3-11-13-8-10-16-17-19-21-0-6-12-23-24-1-28-25-26-27-15-22-5-7-29-9-4,18-14-3-11-13-2-8-20-10-21-1-19-12-28-24-26-23-25-16-27-17-0-6-5-22-15-7-29-9-4,18-20-14-13-21-11-3-23-24-25-10-8-2-28-19-16-22-27-12-26-0-15-5-17-1-6-9-7-29-4,0.0600618,0.275555,0.084178,0.417273,0.1281,0.458272,0.566116,0.600602,0.618754,0.6361,0.131284,0.334437,1.67234,15.4616,1.26801,12.9901,1.06899,2.68274,5.31226,0.415123,0.409984,0.708995,0.68694,0.798333,1.25589,0.158883
small_world_30_23,138088107,751014840,115733142,607583829,10081614,40237764,1225183250,4799096,4637883875,133835948,1107409657,751014833,19938726548,0,13.2376,39.2647,11.1436,29.5744,0.959409,3.75482,69.3069,0.933874,328.841,9.37076,57.3198,36.3663,985.083,0,210900,106348,199903,102824,29670,23874,194483,186498,192527,183965,203320,105622,13984,0-1-26-25-2-7-6-8-20-10-11-13-14-15-16-17-18-19-21-24-28-29-3-5-9-12-22-23-27-4,25-26-2-0-7-14-17-20-1-24-16-8-13-11-28-19-10-15-29-21-18-6-27-3-9-12-23-22-5-4,0-1-26-25-2-7-6-8-20-10-11-13-14-15-16-17-18-19-21-24-28-29-3-5-9-12-22-23-27-4,25-26-2-0-7-14-17-20-1-24-16-8-11-13-28-19-10-29-15-18-21-6-27-3-9-23-12-22-5-4,26-25-28-0-29-24-7-17-20-11-14-18-16-10-13-8-27-2-15-19-21-1-23-6-12-22-9-3-5-4,26-25-29-0-28-17-20-11-7-24-14-18-16-2-13-10-27-8-15-19-1-21-23-6-12-22-9-3-5-4,25-26-8-20-14-0-1-2-7-10-11-24-28-29-21-17-16-18-19-6-13-15-23-27-3-12-22-5-9-4,26-25-1-0-2-7-24-28-29-8-20-14-10-11-21-17-16-18-19-6-13-15-23-27-3-12-22-5-9-4,25-26-1-0-2-7-6-10-20-11-14-17-24-28-29-8-18-19-21-13-15-16-23-27-3-9-22-5-12-4,25-26-2-0-7-28-8-20-14-1-24-29-6-10-11-17-21-19-13-16-18-15-23-27-22-3-9-12-5-4,25-26-1-0-2-7-8-20-14-24-28-29-6-10-11-17-18-19-21-13-15-16-22-23-27-3-9-5-12-4,25-26-2-0-7-14-17-20-1-24-16-8-13-11-28-19-10-29-15-21-18-6-27-3-9-23-12-22-5-4,26-25-28-0-17-20-21-11-7-16-18-24-14-29-19-13-27-10-1-23-22-8-15-2-12-6-9-3-5-4,0.0596749,0.281551,0.0790543,0.478714,0.12733,0.4616,0.563204,0.563158,0.608626,0.605534,0.131757,0.341143,1.68378,13.1779,38.9832,11.0646,29.0957,0.832079,3.29322,68.7437,0.370716,328.232,8.76522,57.188,36.0252,983.399
small_world_30_24,49848197,2875503120,43918582,2488639118,793374996,36567948,166997896,17059217,43918470,17059208,49848079,2875502861,120059,0,4.53715,140.539,4.03866,121.771,50.2049,2.36437,9.53275,1.6663,4.62676,1.68697,4.64599,142.068,1.59824,0,207464,103327,196556,99946,27827,22114,192198,185488,191276,184458,201908,102835,8721,0-14-13-15-7-6-8-2-4-5-9-10-11-17-18-26-19-22-24-25-28-29-1-3-12-16-20-21-23-27,7-8-6-15-14-0-13-29-26-2-5-4-10-11-24-25-9-18-22-28-17-19-27-3-1-12-21-16-20-23,0-14-13-15-7-6-8-2-4-5-9-10-11-17-18-26-19-22-24-25-28-29-1-3-12-16-20-21-23-27,7-8-6-15-14-0-13-29-26-2-5-4-10-11-24-25-9-18-22-28-17-19-27-1-3-12-21-16-20-23,26-29-8-7-6-15-14-13-28-9-10-11-2-5-4-0-22-25-17-18-24-27-19-12-16-20-1-23-3-21,7-8-6-15-14-13-29-26-9-2-28-10-0-11-5-4-22-25-18-17-24-27-19-12-20-1-16-23-3-21,6-7-8-15-14-0-13-4-17-18-26-2-5-9-10-11-29-25-28-22-24-19-16-21-23-1-3-12-27-20,8-6-7-15-13-14-0-5-9-10-11-29-26-4-2-17-18-28-25-22-24-19-16-21-23-1-3-12-27-20,0-14-13-15-7-6-8-2-4-5-9-10-11-17-18-26-22-24-25-28-29-19-1-3-12-16-20-27-21-23,8-6-7-15-13-14-0-5-9-10-11-29-26-2-4-28-17-18-22-24-25-19-3-12-1-27-16-20-21-23,0-14-13-15-7-6-8-2-4-5-9-10-11-17-18-26-22-24-25-28-29-19-1-3-12-16-20-27-21-23,7-8-6-15-14-0-13-29-26-2-5-4-10-11-24-25-9-18-22-28-17-19-27-3-1-12-21-16-20-23,7-8-10-13-14-15-6-2-9-0-29-26-28-11-25-4-5-18-17-24-19-22-27-1-12-16-3-20-23-21,0.0592975,0.27919,0.0765029,0.414879,0.122883,0.461233,0.575351,0.557692,0.615748,0.60662,0.132736,0.350507,1.58857,4.47785,140.26,3.96216,121.356,50.082,1.90314,8.95739,1.10861,4.01101,1.08035,4.51325,141.717,0.00966668
small_world_30_25,1046408573,620589940,875857291,532265599,9757272,5685150,891668508,887339693,892202433,887811862,1066163664,620815988,4372507,0,107.369,26.3361,88.0946,23.0545,0.61857,0.778857,85.2125,84.668,51.2586,82.5634,101.575,28.0716,1.86321,0,211422,105091,200481,101761,30429,23946,193884,185761,192325,184453,203084,104249,12880,24-18-19-28-1-4-3-2-5-6-7-8-9-12-17-20-21-22-23-26-27-0-10-11-13-14-15-16-25-29,24-28-3-4-19-18-1-8-5-20-6-22-9-23-27-26-17-21-7-2-12-25-15-16-14-0-10-11-13-29,24-18-19-28-1-4-3-2-5-6-7-8-9-12-17-20-21-22-23-26-27-0-10-11-13-14-15-16-25-29,24-28-3-4-19-18-1-8-5-20-6-22-9-23-27-26-21-17-7-2-12-25-15-16-14-0-10-11-13-29,24-28-19-8-4-18-3-22-26-1-23-5-20-27-17-21-9-7-25-6-2-12-15-16-14-10-11-13-0-29,24-28-8-4-19-18-22-3-23-20-1-5-26-21-17-9-27-7-6-25-2-12-15-16-14-10-11-0-13-29,24-19-18-28-1-4-3-21-22-23-26-27-8-9-17-20-5-6-7-2-12-25-0-15-16-10-11-13-14-29,24-18-19-28-1-4-3-21-22-23-26-27-8-9-17-20-5-6-7-2-12-25-0-15-16-10-11-13-14-29,24-28-18-19-1-4-3-21-22-26-27-23-8-2-5-6-7-9-17-20-12-25-11-0-15-16-10-14-13-29,24-18-19-28-1-4-3-21-22-26-23-27-8-9-17-20-2-5-6-7-12-25-11-0-15-16-10-14-13-29,24-18-19-28-1-4-3-21-22-26-23-27-8-2-5-6-7-9-17-20-12-25-11-0-15-16-10-14-13-29,24-28-19-3-4-18-1-8-5-20-22-27-6-23-9-26-21-17-7-2-12-25-15-16-14-0-10-11-13-29,24-28-18-22-3-4-8-20-19-6-9-12-17-7-23-21-5-1-26-15-16-14-13-10-11-25-27-2-0-29,0.0597164,0.275652,0.0782459,0.419109,0.126851,0.457588,0.586585,0.576279,0.60376,0.617891,0.13012,0.332101,1.59968,107.309,26.0605,88.0163,22.6353,0.49172,0.321269,84.6259,84.0918,50.6549,81.9455,101.445,27.7395,0.263532
small_world_30_4,918979,10243951,802674,8959103,5724949,1253018,27123802,868864,1086545,1038091,1331298,4685561,90457,0,0.125793,0.952511,0.136647,0.979658,0.446948,0.550277,3.3158,0.620403,0.66844,0.663353,0.219686,0.630964,1.92886,0,223564,111457,212607,108159,34408,26738,204935,196465,202961,194787,213763,110536,16922,16-2-29-0-5-24-28-3-4-6-11-23-7-9-12-13-20-21-22-25-1-8-14-15-18-26-27-10-17-19,16-2-29-24-5-0-28-9-25-11-23-3-12-13-4-20-6-7-22-21-1-14-15-27-26-18-8-17-10-19,16-2-29-0-5-24-28-3-4-6-11-23-7-9-12-13-20-21-22-25-1-8-14-15-18-26-27-10-17-19,16-2-29-24-5-0-28-9-25-11-23-3-12-13-4-6-20-7-22-21-1-14-15-27-26-18-8-17-10-19,16-2-29-28-24-0-25-11-23-5-13-3-9-27-7-6-4-26-1-22-12-21-14-20-18-8-15-10-17-19,16-2-29-28-0-24-5-25-11-23-13-3-9-7-27-4-6-12-1-26-21-14-22-20-18-8-15-10-17-19,16-2-29-0-5-24-28-13-11-23-3-9-4-7-20-21-22-25-6-12-14-15-1-27-8-18-26-10-17-19,16-2-29-0-5-24-28-3-9-13-11-23-4-7-20-21-22-25-6-12-14-15-1-27-8-18-26-10-17-19,16-2-29-0-5-24-28-3-13-11-23-9-4-6-7-20-25-21-22-12-14-15-1-27-8-26-18-10-17-19,16-2-29-0-5-24-28-3-13-11-23-9-4-20-6-7-25-21-22-12-14-15-1-27-8-26-18-10-17-19,16-2-29-0-5-24-28-3-13-11-23-9-4-20-6-7-25-21-22-12-14-15-1-27-8-26-18-10-17-19,16-2-29-24-5-0-28-9-3-25-11-23-12-13-4-20-6-7-22-21-1-14-15-27-26-18-8-17-10-19,16-2-29-0-5-28-24-3-25-11-23-4-9-1-6-7-13-12-27-26-21-22-20-18-8-14-15-10-17-19,0.0594807,0.282334,0.0824316,0.415968,0.129053,0.465829,0.567902,0.560247,0.596363,0.593923,0.132812,0.337372,1.92214,0.0663125,0.670177,0.0542153,0.56369,0.317895,0.0844474,2.7479,0.0601559,0.0720765,0.0694298,0.0868737,0.293592,0.00671969
small_world_30_38,5679296343,3474281038,4633206836,2840341106,183940285,120140762,5299167220,357718333,1288349490,1283287915,6801568271,3474273155,108131180,0,318.542,184.242,263.769,149.741,12.1136,8.7876,276.832,18.1506,56.1386,56.0458,357.503,179.585,8.41369,0,213324,106801,202377,103394,29867,23675,195450,187363,194158,186159,204889,105990,11567,1-7-5-10-11-13-25-22-0-4-8-9-15-16-17-18-19-20-21-27-28-2-3-14-23-24-26-29-6-12,7-1-10-11-5-25-22-13-20-17-27-16-0-19-21-15-18-9-8-28-4-14-24-26-3-23-2-29-6-12,1-7-5-10-11-13-25-22-0-4-8-9-15-16-17-18-19-20-21-27-28-2-3-14-23-24-26-29-6-12,7-1-10-11-5-25-22-13-20-17-27-16-0-19-21-15-18-9-8-28-4-14-24-26-3-23-2-29-6-12,7-10-1-5-25-22-19-11-17-28-20-27-21-13-18-16-9-8-0-15-4-29-14-24-26-3-23-2-12-6,7-10-1-5-19-22-25-17-20-18-11-21-27-13-16-28-9-0-8-15-4-14-29-24-26-3-23-2-12-6,1-7-5-10-11-13-25-22-0-20-28-4-8-9-17-16-19-21-27-15-18-2-14-29-24-26-3-23-6-12,7-1-5-10-11-13-25-22-4-8-9-17-0-20-28-16-19-21-15-18-27-2-14-29-3-24-26-23-6-12,1-7-5-10-25-22-11-13-4-8-9-17-20-0-19-21-28-15-16-27-18-3-23-24-2-29-14-26-6-12,7-1-5-10-25-22-11-13-4-8-9-17-0-20-28-19-21-16-15-18-27-2-14-29-3-23-24-26-6-12,1-7-5-10-25-22-11-13-0-4-8-9-17-20-28-19-21-15-16-27-18-2-14-29-3-23-24-26-6-12,7-1-10-11-5-25-22-13-20-17-27-16-0-19-21-15-18-9-8-28-4-14-24-26-3-23-2-29-6-12,1-7-10-25-22-19-18-20-5-17-13-11-16-21-27-0-28-15-8-14-4-9-24-23-26-29-3-2-6-12,0.0602955,0.275118,0.081239,0.432441,0.12803,0.459315,0.57586,0.563468,0.610733,0.595729,0.130273,0.339609,1.66585,318.481,183.967,263.688,149.309,11.9856,8.32829,276.256,17.5871,55.5279,55.45,357.373,179.246,6.74783
small_world_30_39,721788,520973,646917,482445,573360,45783,21946782,600622,646784,638072,721651,520963,11636,0,0.117394,0.315701,0.131463,0.465967,0.159725,0.468328,2.21075,0.621547,0.672568,0.652941,0.190748,0.375653,1.70203,0,211644,106960,200693,103450,30540,24415,194709,187062,193460,185864,204146,106225,11614,1-3-0-2-29-4-13-10-23-25-6-7-8-9-15-18-22-26-27-28-11-12-14-16-17-19-20-21-24-5,3-1-0-2-29-4-13-23-25-10-6-28-9-26-27-18-15-7-22-8-24-11-17-20-21-19-16-14-12-5,1-3-0-2-29-4-13-10-23-25-6-7-8-9-15-18-22-26-27-28-11-12-14-16-17-19-20-21-24-5,3-1-0-2-29-4-13-23-25-10-6-28-9-26-27-18-15-7-22-8-24-11-17-20-21-19-16-14-12-5,29-0-3-28-25-1-27-2-23-13-4-26-10-7-6-9-18-22-15-8-24-21-17-11-19-14-12-20-16-5,29-0-3-1-28-25-2-27-23-13-4-26-10-7-6-9-18-22-15-8-24-21-11-17-19-20-12-14-16-5,1-3-0-2-29-9-10-13-23-25-15-4-28-6-18-26-27-22-7-8-17-19-21-12-14-11-24-16-20-5,1-3-0-2-29-4-13-23-25-10-28-9-15-6-18-26-27-7-22-8-19-17-21-11-16-20-12-14-24-5,1-3-0-2-29-4-13-10-23-25-28-6-9-15-7-8-18-22-26-27-19-17-21-11-12-14-20-24-16-5,3-1-0-2-29-4-13-10-23-25-6-9-15-28-18-27-7-8-22-26-17-19-12-14-16-21-11-20-24-5,1-3-0-2-29-4-13-10-23-25-6-9-15-28-7-8-18-22-26-27-17-19-21-11-12-14-20-24-16-5,3-1-0-2-29-4-13-23-25-10-6-28-9-26-27-18-15-7-22-8-24-11-17-20-19-21-16-14-12-5,3-0-1-29-4-2-13-23-25-27-10-7-26-22-24-9-18-28-15-6-8-21-20-17-19-16-11-12-14-5,0.0584591,0.275463,0.0768934,0.428479,0.126546,0.464043,0.560516,0.560911,0.601101,0.601052,0.129603,0.33475,1.70095,0.0589348,0.0402379,0.0545696,0.0374876,0.0331794,0.00428454,1.65023,0.0606355,0.0714671,0.0518885,0.0611448,0.0409031,0.00108501
small_world_30_5,5616658409,763174259,4500856676,657764835,35978294,89008623,753838110,743021655,1543951485,1510719808,1833163793,757372787,26877519,0,218.352,31.4829,178.271,26.4157,1.7208,4.71757,38.8409,38.9906,71.3356,69.0911,83.5634,30.0851,2.83576,0,207810,103377,196873,99987,29031,22676,191757,183215,190475,182241,201122,102745,9260,13-12-8-29-0-17-27-1-4-5-6-7-10-15-16-19-20-22-23-24-26-28-2-3-9-11-14-18-21-25,13-29-12-8-0-27-17-7-16-1-15-10-26-20-23-22-28-19-4-24-6-5-11-9-3-2-14-25-21-18,13-12-8-29-0-17-27-1-4-5-6-7-10-15-16-19-20-22-23-24-26-28-2-3-9-11-14-18-21-25,13-29-12-8-0-27-17-7-16-1-15-10-26-20-22-23-28-19-4-24-6-5-11-9-3-2-14-25-21-18,29-13-27-28-12-8-26-17-16-0-15-7-22-20-5-1-4-24-6-19-23-10-25-9-14-3-11-21-18-2,29-13-27-12-28-8-17-26-0-7-16-15-22-20-1-5-4-6-24-10-23-19-25-9-14-3-11-21-2-18,13-12-29-27-0-8-17-1-7-15-16-22-20-26-4-5-6-10-19-23-24-28-11-9-2-3-21-18-25-14,13-12-29-27-0-8-17-1-7-15-16-22-20-26-4-5-6-10-19-23-24-28-11-9-2-3-21-14-18-25,13-12-29-0-8-17-27-1-15-16-7-22-5-6-10-19-20-24-26-28-4-23-11-9-2-3-14-18-25-21,13-12-29-0-8-17-27-1-15-16-7-22-10-20-26-28-5-6-19-24-4-23-11-9-2-3-14-21-18-25,13-12-29-0-8-17-27-1-15-16-7-22-5-6-10-19-20-24-26-28-4-23-11-9-2-3-14-18-25-21,13-29-12-8-0-27-17-7-16-15-1-10-26-20-22-23-28-19-4-24-6-5-11-9-3-2-14-25-21-18,29-13-27-12-8-0-17-7-28-26-1-6-16-10-22-23-24-15-4-5-20-9-19-25-3-11-14-21-2-18,0.0588681,0.273881,0.0761435,0.416148,0.123092,0.4522,0.553202,0.547964,0.592912,0.593772,0.129455,0.326353,1.61693,218.293,31.2091,178.195,25.9996,1.59771,4.26537,38.2877,38.4427,70.7427,68.4973,83.4339,29.7588,1.21883
small_world_30_6,86095077,93303574,76072574,564617565,150299,124416,12070514,15208197796,76072470,73857851,86094957,93303653,2721628,0,8.02719,9.44522,6.92665,47.9405,0.135526,0.477912,1.23975,1526.47,7.44889,7.39117,8.1186,10.8422,1.76444,0,212708,107198,201722,103744,31053,24800,195983,188944,194014,186454,204787,106419,14306,6-20-21-29-25-26-27-28-3-5-7-8-11-10-12-15-17-19-24-0-1-2-4-9-13-14-18-22-23-16,6-20-21-29-27-28-25-26-10-11-12-7-8-24-15-5-3-17-19-9-1-22-23-0-2-13-4-14-18-16,6-20-21-29-25-26-27-28-3-5-7-8-11-10-12-15-17-19-24-0-1-2-4-9-13-14-18-22-23-16,6-20-21-29-27-25-28-26-10-11-12-7-8-24-15-5-3-17-19-9-1-22-23-0-2-13-4-14-18-16,29-26-6-27-28-25-20-21-24-12-11-7-5-8-10-15-3-23-22-9-19-17-4-2-13-0-1-18-14-16,29-26-6-27-28-25-20-21-24-12-11-8-7-5-10-15-3-23-9-22-19-17-4-2-0-13-1-18-14-16,11-12-26-25-27-28-29-6-20-21-8-10-15-19-24-7-3-5-17-2-9-13-14-22-23-1-18-0-4-16,11-8-6-20-21-29-26-25-27-28-10-12-15-19-24-7-3-5-17-2-9-13-14-22-23-1-18-0-4-16,6-20-21-29-25-26-27-28-3-5-7-8-11-10-12-15-19-24-17-4-9-13-23-2-14-22-0-1-18-16,6-20-21-29-25-26-27-28-3-5-7-8-11-19-10-12-15-24-17-4-9-23-2-13-14-22-0-1-18-16,6-20-21-29-25-26-27-28-3-5-7-8-11-10-12-15-19-24-17-23-4-9-13-22-2-14-0-1-18-16,21-20-6-29-27-28-25-26-10-11-12-8-7-24-15-5-3-19-17-9-1-22-23-0-2-13-4-14-18-16,6-29-26-27-28-8-11-5-3-25-20-21-7-12-24-9-23-10-4-1-2-15-0-22-19-17-13-18-14-16,0.0597352,0.27329,0.0788425,0.415081,0.124832,0.468686,0.551186,0.541392,0.590077,0.596944,0.129362,0.326286,1.62905,7.96745,9.17193,6.84781,47.5254,0.0106936,0.00922639,0.688566,1525.93,6.85881,6.79423,7.98924,10.5159,0.135395
small_world_30_27,20638522,550126,18145376,488021,626149,317436,2833100,2684185,2726140,289842,340233,550119,356847,0,1.15248,0.409013,1.36547,0.497699,0.184509,0.526446,0.715935,0.725241,0.735019,0.63136,0.158815,0.375005,1.81768,0,216488,109386,205611,106023,32430,25914,198454,190000,196603,188344,207338,108399,15865,17-13-5-23-2-11-12-0-3-4-6-9-10-15-16-19-21-22-24-25-27-28-29-1-8-20-7-14-18-26,17-13-12-23-5-2-11-0-27-19-4-24-29-9-25-28-6-15-16-3-22-21-10-1-8-20-14-18-26-7,17-13-5-23-2-11-12-0-3-4-6-9-10-15-16-19-21-22-24-25-27-28-29-1-8-20-7-14-18-26,17-13-12-23-5-2-11-0-27-19-4-24-9-29-25-28-6-15-16-3-22-10-21-1-8-20-14-18-26-7,17-13-12-23-5-27-2-29-24-0-28-11-22-4-16-3-25-10-9-19-21-15-6-20-1-8-26-14-18-7,17-13-12-23-5-2-27-29-24-0-4-11-28-22-16-3-25-9-19-15-10-21-6-1-20-8-26-14-7-18,17-13-5-23-12-11-2-0-15-16-19-28-21-4-6-9-10-3-22-25-27-29-24-1-20-8-14-18-26-7,17-13-5-23-12-11-2-0-15-16-19-28-4-6-9-10-21-3-22-25-27-29-24-1-20-8-14-18-26-7,17-13-5-23-12-2-11-15-16-19-0-28-10-27-29-22-25-21-24-3-4-6-9-20-1-8-14-26-18-7,17-13-12-23-5-11-2-15-16-19-0-28-10-27-29-22-25-3-4-6-9-24-21-20-1-8-14-26-18-7,17-13-12-23-5-11-2-15-16-19-0-28-10-27-29-22-25-21-24-3-4-6-9-20-1-8-14-26-18-7,17-13-12-23-5-2-11-0-27-19-4-24-29-9-25-28-6-15-16-3-22-21-10-1-8-20-14-18-26-7,13-17-5-23-12-2-27-0-24-4-11-22-3-29-25-16-28-19-21-15-9-10-6-1-20-8-26-14-18-7,0.0589107,0.355849,0.0794664,0.456044,0.139988,0.500022,0.574133,0.581337,0.602371,0.605812,0.129314,0.328512,1.79264,1.09357,0.0531643,1.286,0.0416548,0.0445212,0.0264247,0.141802,0.143904,0.132647,0.0255482,0.0295009,0.0464929,0.0250406
small_world_30_28,245129,69108142,209117,1132231,1710274,1404288,46787,39315,46783,39300,51125,69108123,8284,0,0.108554,6.77433,0.100654,0.485077,0.223104,0.527623,0.554434,0.549048,0.589147,0.619875,0.148605,7.17617,1.96509,0,213102,107440,202165,103996,30513,24462,195189,187114,193428,185557,204161,106584,14634,6-5-4-8-16-1-0-2-7-9-10-13-14-24-19-20-21-26-25-27-28-29-3-11-12-15-17-22-18-23,6-5-4-8-16-10-1-28-27-24-9-14-7-29-19-2-0-25-21-13-26-20-11-3-17-15-22-12-18-23,6-5-4-8-16-1-0-2-7-9-10-13-14-24-19-20-21-26-25-27-28-29-3-11-12-15-17-22-18-23,6-5-4-8-16-10-1-9-28-27-24-14-7-29-19-2-0-25-21-13-26-20-11-3-17-15-22-12-18-23,6-4-5-8-16-28-29-27-7-24-9-1-19-14-2-26-10-13-0-25-21-20-17-11-3-15-12-22-18-23,6-4-5-8-16-28-29-27-7-1-9-24-2-19-14-26-10-0-13-21-25-20-17-11-3-12-15-22-18-23,6-5-4-8-16-7-9-10-28-21-24-1-26-27-29-0-13-14-19-2-25-20-3-11-15-12-17-22-18-23,6-5-4-8-16-7-9-10-28-21-24-1-26-27-29-0-13-2-25-20-14-19-3-11-15-12-17-22-18-23,6-5-4-8-16-7-9-10-28-2-21-24-1-13-20-14-19-26-27-0-29-25-3-11-15-17-22-12-18-23,6-5-4-8-16-7-9-10-28-2-21-24-1-13-20-14-19-26-27-29-25-0-3-11-15-17-12-22-18-23,6-5-4-8-16-7-9-10-28-2-21-24-1-13-20-14-19-26-27-0-25-29-3-11-15-17-22-12-18-23,6-5-4-8-16-10-1-28-27-24-9-14-7-2-19-29-0-21-25-13-26-20-11-3-17-15-22-12-18-23,4-6-5-8-16-1-7-29-27-28-2-0-9-19-10-14-24-13-3-17-26-21-20-25-11-12-15-22-18-23,0.0770372,0.266868,0.0777388,0.40992,0.124023,0.448318,0.550107,0.545268,0.58482,0.615868,0.142004,0.511724,1.96426,0.0315164,6.50746,0.0229156,0.0751567,0.0990808,0.0793054,0.00432784,0.0037807,0.00432668,0.00400632,0.00660124,6.66444,0.000835986
