dense_20_100,28.4502,46.4487,40.6622,32.2687,28.7602,28.7898,28.9756,29.2812,28.9127,29.0183,28.4872,28.6437,34.518,500000000,497308,411815,489507,406946,323475,299626,463711,448413,462800,447920,470497,388889,0-3-7-5-15-1-4-17-6-16-19-8-18-2-11-13-12-14-9-10,0-3-7-5-15-1-4-17-6-16-19-8-18-2-11-13-12-14-9-10,0-3-7-5-15-1-4-17-6-16-19-8-18-2-11-13-12-14-9-10,0-3-7-5-15-1-4-17-6-16-19-8-18-2-11-13-12-14-9-10,0-3-7-5-15-1-4-17-6-16-19-8-18-2-11-13-12-14-9-10,0-3-7-5-15-1-4-17-6-16-19-8-18-2-11-13-12-14-9-10,0-3-7-5-15-1-4-17-6-16-19-8-18-2-11-13-12-14-9-10,0-3-7-5-15-1-4-17-6-16-19-8-18-2-11-13-12-14-9-10,0-3-7-5-15-1-4-17-6-16-19-8-18-2-11-13-12-14-9-10,0-3-7-5-15-1-4-17-6-16-19-8-18-2-11-13-12-14-9-10,0-3-7-5-15-1-4-17-6-16-19-8-18-2-11-13-12-14-9-10,0-3-7-5-15-1-4-17-6-16-19-8-18-2-11-13-12-14-9-10,0-3-7-5-15-1-4-17-6-16-19-8-18-2-11-13-12-14-9-10,0-3-7-5-15-1-4-17-6-16-19-8-18-2-11-13-12-14-9-10
dense_20_50,168.815,159.686,173.277,158.358,234.908,187.178,163.431,180.918,205.03,166.044,164.737,160.038,156.115,500000000,443128,322305,434287,317703,268129,232325,415108,403819,409979,399191,418463,313559,9-6-1-10-5-7-8-11-0-2-13-3-14-15-18-4-12-16-17-19,9-6-1-10-5-7-8-11-0-2-13-3-14-15-18-4-12-16-17-19,9-6-1-10-5-7-8-11-0-2-13-3-14-15-18-4-12-16-17-19,9-6-1-10-5-7-8-11-0-2-13-3-14-15-18-4-12-16-17-19,9-6-1-10-5-7-8-11-0-2-13-3-14-15-18-4-12-16-17-19,9-6-1-10-5-7-8-11-0-2-13-3-14-15-18-4-12-16-17-19,9-6-1-10-5-7-8-11-0-2-13-3-14-15-18-4-12-16-17-19,9-6-1-10-5-7-8-11-0-2-13-3-14-15-18-4-12-16-17-19,9-6-1-10-5-7-8-11-0-2-13-3-14-15-18-4-12-16-17-19,9-6-1-10-5-7-8-11-0-2-13-3-14-15-18-4-12-16-17-19,9-6-1-10-5-7-8-11-0-2-13-3-14-15-18-4-12-16-17-19,9-6-1-10-5-7-8-11-0-2-13-3-14-15-18-4-12-16-17-19,9-6-1-10-5-7-8-11-0-2-13-3-14-15-18-4-12-16-17-19,9-6-1-10-5-7-8-11-0-2-13-3-14-15-18-4-12-16-17-19
dense_20_150,242.965,188.959,184.809,181.481,175.909,174.198,197.904,201.231,211.401,217.455,258.07,189.266,191.476,111584726,426014,309103,417212,304163,266582,232256,405601,397240,403110,394945,411487,304139,6-11-5-0-1-2-13-3-4-8-10-7-9-17-18-19-15-12-14-16,6-11-5-0-1-2-13-3-4-8-10-7-9-17-18-19-15-12-14-16,6-11-5-0-1-2-13-3-4-8-10-7-9-17-18-19-15-12-14-16,6-11-5-0-1-2-13-3-4-8-10-7-9-17-18-19-15-12-14-16,6-11-5-0-1-2-13-3-4-8-10-7-9-17-18-19-15-12-14-16,6-11-5-0-1-2-13-3-4-8-10-7-9-17-18-19-15-12-14-16,6-11-5-0-1-2-13-3-4-8-10-7-9-17-18-19-15-12-14-16,6-11-5-0-1-2-13-3-4-8-10-7-9-17-18-19-15-12-14-16,6-11-5-0-1-2-13-3-4-8-10-7-9-17-18-19-15-12-14-16,6-11-5-0-1-2-13-3-4-8-10-7-9-17-18-19-15-12-14-16,6-11-5-0-1-2-13-3-4-8-10-7-9-17-18-19-15-12-14-16,6-11-5-0-1-2-13-3-4-8-10-7-9-17-18-19-15-12-14-16,6-11-5-0-1-2-13-3-4-8-10-7-9-17-18-19-15-12-14-16,6-11-5-0-1-2-13-3-4-8-10-7-9-17-18-19-15-12-14-16
dense_20_2,27.3875,27.1832,26.9461,27.3226,27.0894,27.5583,27.9554,38.2386,37.3728,27.5956,26.9906,27.2525,31.9515,500000000,494682,388638,486824,384699,298359,273859,441226,433183,439646,432221,447128,373223,8-2-17-16-15-14-13-12-11-9-6-1-18-0-10-19-3-4-5-7,8-2-17-16-15-14-13-12-11-9-6-1-18-0-10-19-3-4-5-7,8-2-17-16-15-14-13-12-11-9-6-1-18-0-10-19-3-4-5-7,8-2-17-16-15-14-13-12-11-9-6-1-18-0-10-19-3-4-5-7,8-2-17-16-15-14-13-12-11-9-6-1-18-0-10-19-3-4-5-7,8-2-17-16-15-14-13-12-11-9-6-1-18-0-10-19-3-4-5-7,8-2-17-16-15-14-13-12-11-9-6-1-18-0-10-19-3-4-5-7,8-2-17-16-15-14-13-12-11-9-6-1-18-0-10-19-3-4-5-7,8-2-17-16-15-14-13-12-11-9-6-1-18-0-10-19-3-4-5-7,8-2-17-16-15-14-13-12-11-9-6-1-18-0-10-19-3-4-5-7,8-2-17-16-15-14-13-12-11-9-6-1-18-0-10-19-3-4-5-7,8-2-17-16-15-14-13-12-11-9-6-1-18-0-10-19-3-4-5-7,8-2-17-16-15-14-13-12-11-9-6-1-18-0-10-19-3-4-5-7,8-2-17-16-15-14-13-12-11-9-6-1-18-0-10-19-3-4-5-7
dense_20_152,6.70015,5.4896,5.70656,5.47398,5.03171,4.98888,6.24055,6.20266,7.95275,10.2129,9.50858,8.99545,12.5427,1455201,406997,284216,398770,280689,223592,189188,380617,368565,378753,366841,386720,272620,5-10-17-8-3-15-9-18-12-4-16-13-0-1-2-6-7-14-19-11,5-10-17-8-3-15-9-18-12-4-16-13-0-1-2-6-7-14-19-11,5-10-17-8-3-15-9-18-12-4-16-13-0-1-2-6-7-14-19-11,5-10-17-8-3-15-9-18-12-4-16-13-0-1-2-6-7-14-19-11,5-10-17-8-3-15-9-18-12-4-16-13-0-1-2-6-7-14-19-11,5-10-17-8-3-15-9-18-12-4-16-13-0-1-2-6-7-14-19-11,5-10-17-8-3-15-9-18-12-4-16-13-0-1-2-6-7-14-19-11,5-10-17-8-3-15-9-18-12-4-16-13-0-1-2-6-7-14-19-11,5-10-17-8-3-15-9-18-12-4-16-13-0-1-2-6-7-14-19-11,5-10-17-8-3-15-9-18-12-4-16-13-0-1-2-6-7-14-19-11,5-10-17-8-3-15-9-18-12-4-16-13-0-1-2-6-7-14-19-11,5-10-17-8-3-15-9-18-12-4-16-13-0-1-2-6-7-14-19-11,5-10-17-8-3-15-9-18-12-4-16-13-0-1-2-6-7-14-19-11,5-10-17-8-3-15-9-18-12-4-16-13-0-1-2-6-7-14-19-11
dense_20_153,7.46812,11.9751,11.9265,12.0291,11.5872,10.7613,7.8597,7.82856,8.94946,12.8672,11.9678,11.9893,18.125,124061208,442251,321230,434100,317828,258045,219810,413431,399877,412520,399401,420313,309774,3-5-4-12-6-11-7-14-8-9-16-17-10-13-15-18-19-2-0-1,3-5-4-12-6-11-7-14-8-9-16-17-10-13-15-18-19-2-0-1,3-5-4-12-6-11-7-14-8-9-16-17-10-13-15-18-19-2-0-1,3-5-4-12-6-11-7-14-8-9-16-17-10-13-15-18-19-2-0-1,3-5-4-12-6-11-7-14-8-9-16-17-10-13-15-18-19-2-0-1,3-5-4-12-6-11-7-14-8-9-16-17-10-13-15-18-19-2-0-1,3-5-4-12-6-11-7-14-8-9-16-17-10-13-15-18-19-2-0-1,3-5-4-12-6-11-7-14-8-9-16-17-10-13-15-18-19-2-0-1,3-5-4-12-6-11-7-14-8-9-16-17-10-13-15-18-19-2-0-1,3-5-4-12-6-11-7-14-8-9-16-17-10-13-15-18-19-2-0-1,3-5-4-12-6-11-7-14-8-9-16-17-10-13-15-18-19-2-0-1,3-5-4-12-6-11-7-14-8-9-16-17-10-13-15-18-19-2-0-1,3-5-4-12-6-11-7-14-8-9-16-17-10-13-15-18-19-2-0-1,3-5-4-12-6-11-7-14-8-9-16-17-10-13-15-18-19-2-0-1
dense_20_154,45.1366,42.5063,28.0189,28.2978,28.0682,28.2633,28.5357,28.5542,28.7078,28.4733,27.917,28.279,33.7621,500000000,475199,394832,466911,389664,361438,341182,461634,455312,461559,448260,469605,391529,9-8-7-10-13-11-18-12-15-14-2-17-0-1-5-6-16-19-4-3,9-8-7-10-13-11-18-12-15-14-2-17-0-1-5-6-16-19-4-3,9-8-7-10-13-11-18-12-15-14-2-17-0-1-5-6-16-19-4-3,9-8-7-10-13-11-18-12-15-14-2-17-0-1-5-6-16-19-4-3,9-8-7-10-13-11-18-12-15-14-2-17-0-1-5-6-16-19-4-3,9-8-7-10-13-11-18-12-15-14-2-17-0-1-5-6-16-19-4-3,9-8-7-10-13-11-18-12-15-14-2-17-0-1-5-6-16-19-4-3,9-8-7-10-13-11-18-12-15-14-2-17-0-1-5-6-16-19-4-3,9-8-7-10-13-11-18-12-15-14-2-17-0-1-5-6-16-19-4-3,9-8-7-10-13-11-18-12-15-14-2-17-0-1-5-6-16-19-4-3,9-8-7-10-13-11-18-12-15-14-2-17-0-1-5-6-16-19-4-3,9-8-7-10-13-11-18-12-15-14-2-17-0-1-5-6-16-19-4-3,9-8-7-10-13-11-18-12-15-14-2-17-0-1-5-6-16-19-4-3,9-8-7-10-13-11-18-12-15-14-2-17-0-1-5-6-16-19-4-3
dense_20_155,49.8226,49.6138,49.3365,49.2889,49.2301,48.9321,49.9766,49.8158,50.2334,50.1531,50.1617,62.0604,89.6884,500000000,473207,342951,464850,338653,294633,250942,443671,429297,440456,426498,448621,328653,0-4-8-1-9-10-2-12-14-13-3-15-5-6-11-19-16-17-18-7,0-4-8-1-9-10-2-12-14-13-3-15-5-6-11-19-16-17-18-7,0-4-8-1-9-10-2-12-14-13-3-15-5-6-11-19-16-17-18-7,0-4-8-1-9-10-2-12-14-13-3-15-5-6-11-19-16-17-18-7,0-4-8-1-9-10-2-12-14-13-3-15-5-6-11-19-16-17-18-7,0-4-8-1-9-10-2-12-14-13-3-15-5-6-11-19-16-17-18-7,0-4-8-1-9-10-2-12-14-13-3-15-5-6-11-19-16-17-18-7,0-4-8-1-9-10-2-12-14-13-3-15-5-6-11-19-16-17-18-7,0-4-8-1-9-10-2-12-14-13-3-15-5-6-11-19-16-17-18-7,0-4-8-1-9-10-2-12-14-13-3-15-5-6-11-19-16-17-18-7,0-4-8-1-9-10-2-12-14-13-3-15-5-6-11-19-16-17-18-7,0-4-8-1-9-10-2-12-14-13-3-15-5-6-11-19-16-17-18-7,0-4-8-1-9-10-2-12-14-13-3-15-5-6-11-19-16-17-18-7,0-4-8-1-9-10-2-12-14-13-3-15-5-6-11-19-16-17-18-7
dense_20_102,274.297,403.677,263.068,252.832,251.48,248.432,259.672,265.382,288.451,351.881,300.641,291.863,261.772,500000000,457487,337209,449160,333306,286636,242053,435181,422920,434000,421807,442113,316554,7-8-6-12-18-9-11-2-10-15-14-16-17-1-0-3-4-5-13-19,7-8-6-12-18-9-11-2-10-15-14-16-17-1-0-3-4-5-13-19,7-8-6-12-18-9-11-2-10-15-14-16-17-1-0-3-4-5-13-19,7-8-6-12-18-9-11-2-10-15-14-16-17-1-0-3-4-5-13-19,7-8-6-12-18-9-11-2-10-15-14-16-17-1-0-3-4-5-13-19,7-8-6-12-18-9-11-2-10-15-14-16-17-1-0-3-4-5-13-19,7-8-6-12-18-9-11-2-10-15-14-16-17-1-0-3-4-5-13-19,7-8-6-12-18-9-11-2-10-15-14-16-17-1-0-3-4-5-13-19,7-8-6-12-18-9-11-2-10-15-14-16-17-1-0-3-4-5-13-19,7-8-6-12-18-9-11-2-10-15-14-16-17-1-0-3-4-5-13-19,7-8-6-12-18-9-11-2-10-15-14-16-17-1-0-3-4-5-13-19,7-8-6-12-18-9-11-2-10-15-14-16-17-1-0-3-4-5-13-19,7-8-6-12-18-9-11-2-10-15-14-16-17-1-0-3-4-5-13-19,7-8-6-12-18-9-11-2-10-15-14-16-17-1-0-3-4-5-13-19
dense_20_3,241.521,227.499,357.9,302.841,227.988,235.267,385.234,286.372,250.788,303.546,396.316,340.143,268.761,500000000,452971,354060,444635,349955,313665,283152,437630,429126,436325,427681,444254,349704,9-12-7-10-6-5-8-13-14-18-19-4-11-17-1-0-3-15-16-2,9-12-7-10-6-5-8-13-14-18-19-4-11-17-1-0-3-15-16-2,9-12-7-10-6-5-8-13-14-18-19-4-11-17-1-0-3-15-16-2,9-12-7-10-6-5-8-13-14-18-19-4-11-17-1-0-3-15-16-2,9-12-7-10-6-5-8-13-14-18-19-4-11-17-1-0-3-15-16-2,9-12-7-10-6-5-8-13-14-18-19-4-11-17-1-0-3-15-16-2,9-12-7-10-6-5-8-13-14-18-19-4-11-17-1-0-3-15-16-2,9-12-7-10-6-5-8-13-14-18-19-4-11-17-1-0-3-15-16-2,9-12-7-10-6-5-8-13-14-18-19-4-11-17-1-0-3-15-16-2,9-12-7-10-6-5-8-13-14-18-19-4-11-17-1-0-3-15-16-2,9-12-7-10-6-5-8-13-14-18-19-4-11-17-1-0-3-15-16-2,9-12-7-10-6-5-8-13-14-18-19-4-11-17-1-0-3-15-16-2,9-12-7-10-6-5-8-13-14-18-19-4-11-17-1-0-3-15-16-2,9-12-7-10-6-5-8-13-14-18-19-4-11-17-1-0-3-15-16-2
dense_20_156,36.6362,32.8805,33.0299,32.8148,34.0635,32.8773,33.5647,36.322,54.321,46.5154,33.3366,33.2423,37.4062,500000000,449585,338966,441189,335005,290240,253062,428421,414416,428193,414221,436065,329385,1-0-3-10-2-11-9-4-14-15-16-5-17-12-18-13-7-6-8-19,1-0-3-10-2-11-9-4-14-15-16-5-17-12-18-13-7-6-8-19,1-0-3-10-2-11-9-4-14-15-16-5-17-12-18-13-7-6-8-19,1-0-3-10-2-11-9-4-14-15-16-5-17-12-18-13-7-6-8-19,1-0-3-10-2-11-9-4-14-15-16-5-17-12-18-13-7-6-8-19,1-0-3-10-2-11-9-4-14-15-16-5-17-12-18-13-7-6-8-19,1-0-3-10-2-11-9-4-14-15-16-5-17-12-18-13-7-6-8-19,1-0-3-10-2-11-9-4-14-15-16-5-17-12-18-13-7-6-8-19,1-0-3-10-2-11-9-4-14-15-16-5-17-12-18-13-7-6-8-19,1-0-3-10-2-11-9-4-14-15-16-5-17-12-18-13-7-6-8-19,1-0-3-10-2-11-9-4-14-15-16-5-17-12-18-13-7-6-8-19,1-0-3-10-2-11-9-4-14-15-16-5-17-12-18-13-7-6-8-19,1-0-3-10-2-11-9-4-14-15-16-5-17-12-18-13-7-6-8-19,1-0-3-10-2-11-9-4-14-15-16-5-17-12-18-13-7-6-8-19
dense_20_157,32.6676,49.6304,54.6411,55.1328,54.6918,55.4632,52.385,33.1619,39.414,33.1824,33.3594,32.9386,42.6673,500000000,457516,373135,449836,369310,333259,306989,443916,435819,443394,435177,450852,367073,2-1-0-3-13-14-15-16-19-4-17-7-5-6-8-12-11-9-10-18,2-1-0-3-13-14-15-16-19-4-17-7-5-6-8-12-11-9-10-18,2-1-0-3-13-14-15-16-19-4-17-7-5-6-8-12-11-9-10-18,2-1-0-3-13-14-15-16-19-4-17-7-5-6-8-12-11-9-10-18,2-1-0-3-13-14-15-16-19-4-17-7-5-6-8-12-11-9-10-18,2-1-0-3-13-14-15-16-19-4-17-7-5-6-8-12-11-9-10-18,2-1-0-3-13-14-15-16-19-4-17-7-5-6-8-12-11-9-10-18,2-1-0-3-13-14-15-16-19-4-17-7-5-6-8-12-11-9-10-18,2-1-0-3-13-14-15-16-19-4-17-7-5-6-8-12-11-9-10-18,2-1-0-3-13-14-15-16-19-4-17-7-5-6-8-12-11-9-10-18,2-1-0-3-13-14-15-16-19-4-17-7-5-6-8-12-11-9-10-18,2-1-0-3-13-14-15-16-19-4-17-7-5-6-8-12-11-9-10-18,2-1-0-3-13-14-15-16-19-4-17-7-5-6-8-12-11-9-10-18,2-1-0-3-13-14-15-16-19-4-17-7-5-6-8-12-11-9-10-18
dense_20_158,2.90887,2.94997,2.81577,2.92956,1.97224,1.69744,2.13676,2.10838,2.13529,2.1665,1.67305,1.63214,2.9519,2553,342629,235879,296504,197017,99880,75852,228137,228137,226563,225040,228607,144814,4-9-11-12-6-13-18-10-16-17-7-14-8-15-2-5-0-1-3-19,4-9-11-12-6-13-18-10-16-17-7-14-8-15-2-5-0-1-3-19,4-9-11-12-6-13-18-10-16-17-7-14-8-15-2-5-0-1-3-19,4-9-11-12-6-13-18-10-16-17-7-14-8-15-2-5-0-1-3-19,4-9-11-12-6-13-18-10-16-17-7-14-8-15-2-5-0-1-3-19,4-9-11-12-6-13-18-10-16-17-7-14-8-15-2-5-0-1-3-19,4-9-11-12-6-13-18-10-16-17-7-14-8-15-2-5-0-1-3-19,4-9-11-12-6-13-18-10-16-17-7-14-8-15-2-5-0-1-3-19,4-9-11-12-6-13-18-10-16-17-7-14-8-15-2-5-0-1-3-19,4-9-11-12-6-13-18-10-16-17-7-14-8-15-2-5-0-1-3-19,4-9-11-12-6-13-18-10-16-17-7-14-8-15-2-5-0-1-3-19,4-9-11-12-6-13-18-10-16-17-7-14-8-15-2-5-0-1-3-19,4-9-11-12-6-13-18-10-16-17-7-14-8-15-2-5-0-1-3-19,4-9-11-12-6-13-18-10-16-17-7-14-8-15-2-5-0-1-3-19
dense_20_4,114.712,107.727,140.895,90.8002,99.3653,122.105,132.034,94.639,94.8881,110.358,152.654,164.77,145.748,500000000,458205,305756,449872,302821,287177,226803,434291,420054,431212,417314,438512,296099,4-5-3-11-7-13-2-6-1-12-14-8-10-15-9-16-17-18-19-0,4-5-3-11-7-13-2-6-1-12-14-8-10-15-9-16-17-18-19-0,4-5-3-11-7-13-2-6-1-12-14-8-10-15-9-16-17-18-19-0,4-5-3-11-7-13-2-6-1-12-14-8-10-15-9-16-17-18-19-0,4-5-3-11-7-13-2-6-1-12-14-8-10-15-9-16-17-18-19-0,4-5-3-11-7-13-2-6-1-12-14-8-10-15-9-16-17-18-19-0,4-5-3-11-7-13-2-6-1-12-14-8-10-15-9-16-17-18-19-0,4-5-3-11-7-13-2-6-1-12-14-8-10-15-9-16-17-18-19-0,4-5-3-11-7-13-2-6-1-12-14-8-10-15-9-16-17-18-19-0,4-5-3-11-7-13-2-6-1-12-14-8-10-15-9-16-17-18-19-0,4-5-3-11-7-13-2-6-1-12-14-8-10-15-9-16-17-18-19-0,4-5-3-11-7-13-2-6-1-12-14-8-10-15-9-16-17-18-19-0,4-5-3-11-7-13-2-6-1-12-14-8-10-15-9-16-17-18-19-0,4-5-3-11-7-13-2-6-1-12-14-8-10-15-9-16-17-18-19-0
dense_20_159,90.3669,107.252,78.048,75.6234,72.4789,72.1121,77.1819,77.062,78.1719,77.4011,78.5635,78.0415,127.777,36806383,430590,320545,421755,315466,275615,241910,409998,397935,407407,395515,415774,311506,11-12-1-13-4-0-3-15-2-6-17-5-7-8-9-14-18-19-10-16,11-12-1-13-4-0-3-15-2-6-17-5-7-8-9-14-18-19-10-16,11-12-1-13-4-0-3-15-2-6-17-5-7-8-9-14-18-19-10-16,11-12-1-13-4-0-3-15-2-6-17-5-7-8-9-14-18-19-10-16,11-12-1-13-4-0-3-15-2-6-17-5-7-8-9-14-18-19-10-16,11-12-1-13-4-0-3-15-2-6-17-5-7-8-9-14-18-19-10-16,11-12-1-13-4-0-3-15-2-6-17-5-7-8-9-14-18-19-10-16,11-12-1-13-4-0-3-15-2-6-17-5-7-8-9-14-18-19-10-16,11-12-1-13-4-0-3-15-2-6-17-5-7-8-9-14-18-19-10-16,11-12-1-13-4-0-3-15-2-6-17-5-7-8-9-14-18-19-10-16,11-12-1-13-4-0-3-15-2-6-17-5-7-8-9-14-18-19-10-16,11-12-1-13-4-0-3-15-2-6-17-5-7-8-9-14-18-19-10-16,11-12-1-13-4-0-3-15-2-6-17-5-7-8-9-14-18-19-10-16,11-12-1-13-4-0-3-15-2-6-17-5-7-8-9-14-18-19-10-16
dense_20_5,45.8184,46.379,45.9459,46.1808,45.8672,32.5726,28.559,28.624,28.9386,28.6383,28.3526,29.123,33.114,500000000,491670,379402,483881,375576,307993,276202,465911,454933,464506,453653,472014,364966,11-7-15-6-8-5-14-12-2-0-1-9-4-3-10-13-16-18-17-19,11-7-15-6-8-5-14-12-2-0-1-9-4-3-10-13-16-18-17-19,11-7-15-6-8-5-14-12-2-0-1-9-4-3-10-13-16-18-17-19,11-7-15-6-8-5-14-12-2-0-1-9-4-3-10-13-16-18-17-19,11-7-15-6-8-5-14-12-2-0-1-9-4-3-10-13-16-18-17-19,11-7-15-6-8-5-14-12-2-0-1-9-4-3-10-13-16-18-17-19,11-7-15-6-8-5-14-12-2-0-1-9-4-3-10-13-16-18-17-19,11-7-15-6-8-5-14-12-2-0-1-9-4-3-10-13-16-18-17-19,11-7-15-6-8-5-14-12-2-0-1-9-4-3-10-13-16-18-17-19,11-7-15-6-8-5-14-12-2-0-1-9-4-3-10-13-16-18-17-19,11-7-15-6-8-5-14-12-2-0-1-9-4-3-10-13-16-18-17-19,11-7-15-6-8-5-14-12-2-0-1-9-4-3-10-13-16-18-17-19,11-7-15-6-8-5-14-12-2-0-1-9-4-3-10-13-16-18-17-19,11-7-15-6-8-5-14-12-2-0-1-9-4-3-10-13-16-18-17-19
dense_20_53,30.4646,47.405,39.2976,30.8257,30.0341,30.8314,30.719,31.023,30.6558,31.0599,43.1173,48.4269,54.3826,500000000,490853,385674,482551,380935,322537,281385,460379,449516,457822,447673,465904,363405,8-6-9-7-10-12-16-13-15-11-2-17-18-0-1-14-4-3-5-19,8-6-9-7-10-12-16-13-15-11-2-17-18-0-1-14-4-3-5-19,8-6-9-7-10-12-16-13-15-11-2-17-18-0-1-14-4-3-5-19,8-6-9-7-10-12-16-13-15-11-2-17-18-0-1-14-4-3-5-19,8-6-9-7-10-12-16-13-15-11-2-17-18-0-1-14-4-3-5-19,8-6-9-7-10-12-16-13-15-11-2-17-18-0-1-14-4-3-5-19,8-6-9-7-10-12-16-13-15-11-2-17-18-0-1-14-4-3-5-19,8-6-9-7-10-12-16-13-15-11-2-17-18-0-1-14-4-3-5-19,8-6-9-7-10-12-16-13-15-11-2-17-18-0-1-14-4-3-5-19,8-6-9-7-10-12-16-13-15-11-2-17-18-0-1-14-4-3-5-19,8-6-9-7-10-12-16-13-15-11-2-17-18-0-1-14-4-3-5-19,8-6-9-7-10-12-16-13-15-11-2-17-18-0-1-14-4-3-5-19,8-6-9-7-10-12-16-13-15-11-2-17-18-0-1-14-4-3-5-19,8-6-9-7-10-12-16-13-15-11-2-17-18-0-1-14-4-3-5-19
dense_20_104,0.149402,0.62629,0.163779,0.701708,0.198497,0.738677,1.07253,1.07015,1.09315,1.09287,0.185636,0.642097,2.8213,756566,365832,280987,306704,229573,81585,67869,195557,195533,190839,190813,201971,142064,8-11-13-18-7-10-6-9-14-15-16-17-12-1-0-2-3-19-5-4,8-11-13-18-7-10-6-9-14-15-16-17-12-1-0-2-3-19-5-4,8-11-13-18-7-10-6-9-14-15-16-17-12-1-0-2-3-19-5-4,8-11-13-18-7-10-6-9-14-15-16-17-12-1-0-2-3-19-5-4,8-11-13-18-7-10-6-9-14-15-16-17-12-1-0-2-3-19-5-4,8-11-13-18-7-10-6-9-14-15-16-17-12-1-0-2-3-19-5-4,8-11-13-18-7-10-6-9-14-15-16-17-12-1-0-2-3-19-5-4,8-11-13-18-7-10-6-9-14-15-16-17-12-1-0-2-3-19-5-4,8-11-13-18-7-10-6-9-14-15-16-17-12-1-0-2-3-19-5-4,8-11-13-18-7-10-6-9-14-15-16-17-12-1-0-2-3-19-5-4,8-11-13-18-7-10-6-9-14-15-16-17-12-1-0-2-3-19-5-4,8-11-13-18-7-10-6-9-14-15-16-17-12-1-0-2-3-19-5-4,8-11-13-18-7-10-6-9-14-15-16-17-12-1-0-2-3-19-5-4,8-11-13-18-7-10-6-9-14-15-16-17-12-1-0-2-3-19-5-4
dense_20_6,122.971,120.726,119.789,129.265,154.867,190.9,147.856,124.978,149.207,207.431,209.376,205.134,143.923,200214331,435166,320182,426298,315399,267840,232964,413163,401281,408178,396546,416612,310699,9-18-13-16-3-17-0-4-5-2-15-1-8-12-19-10-11-14-6-7,9-18-13-16-3-17-0-4-5-2-15-1-8-12-19-10-11-14-6-7,9-18-13-16-3-17-0-4-5-2-15-1-8-12-19-10-11-14-6-7,9-18-13-16-3-17-0-4-5-2-15-1-8-12-19-10-11-14-6-7,9-18-13-16-3-17-0-4-5-2-15-1-8-12-19-10-11-14-6-7,9-18-13-16-3-17-0-4-5-2-15-1-8-12-19-10-11-14-6-7,9-18-13-16-3-17-0-4-5-2-15-1-8-12-19-10-11-14-6-7,9-18-13-16-3-17-0-4-5-2-15-1-8-12-19-10-11-14-6-7,9-18-13-16-3-17-0-4-5-2-15-1-8-12-19-10-11-14-6-7,9-18-13-16-3-17-0-4-5-2-15-1-8-12-19-10-11-14-6-7,9-18-13-16-3-17-0-4-5-2-15-1-8-12-19-10-11-14-6-7,9-18-13-16-3-17-0-4-5-2-15-1-8-12-19-10-11-14-6-7,9-18-13-16-3-17-0-4-5-2-15-1-8-12-19-10-11-14-6-7,9-18-13-16-3-17-0-4-5-2-15-1-8-12-19-10-11-14-6-7
dense_20_105,36.7294,28.113,27.8356,28.1274,28.2471,28.2304,28.6125,29.6932,41.0815,28.6771,27.8986,28.1079,33.6109,500000000,505272,408940,497442,404622,339533,304503,475222,464009,474079,463373,481530,386611,9-4-3-1-5-13-8-7-6-15-2-0-12-11-16-17-10-18-14-19,9-4-3-1-5-13-8-7-6-15-2-0-12-11-16-17-10-18-14-19,9-4-3-1-5-13-8-7-6-15-2-0-12-11-16-17-10-18-14-19,9-4-3-1-5-13-8-7-6-15-2-0-12-11-16-17-10-18-14-19,9-4-3-1-5-13-8-7-6-15-2-0-12-11-16-17-10-18-14-19,9-4-3-1-5-13-8-7-6-15-2-0-12-11-16-17-10-18-14-19,9-4-3-1-5-13-8-7-6-15-2-0-12-11-16-17-10-18-14-19,9-4-3-1-5-13-8-7-6-15-2-0-12-11-16-17-10-18-14-19,9-4-3-1-5-13-8-7-6-15-2-0-12-11-16-17-10-18-14-19,9-4-3-1-5-13-8-7-6-15-2-0-12-11-16-17-10-18-14-19,9-4-3-1-5-13-8-7-6-15-2-0-12-11-16-17-10-18-14-19,9-4-3-1-5-13-8-7-6-15-2-0-12-11-16-17-10-18-14-19,9-4-3-1-5-13-8-7-6-15-2-0-12-11-16-17-10-18-14-19,9-4-3-1-5-13-8-7-6-15-2-0-12-11-16-17-10-18-14-19
dense_20_106,0.0357174,0.266077,0.0206079,0.308148,0.0174956,0.308284,0.491146,0.490286,0.488797,0.49148,0.0122613,0.251289,0.222295,26424,98868,68540,16378,14375,1300,1285,4450,4447,1137,1136,2529,2425,0-1-3-14-5-2-6-10-15-8-13-4-9-17-7-16-19-11-12-18,0-1-3-14-5-2-6-10-15-8-13-4-9-17-7-16-19-11-12-18,0-1-3-14-5-2-6-10-15-8-13-4-9-17-7-16-19-11-12-18,0-1-3-14-5-2-6-10-15-8-13-4-9-17-7-16-19-11-12-18,0-1-3-14-5-2-6-10-15-8-13-4-9-17-7-16-19-11-12-18,0-1-3-14-5-2-6-10-15-8-13-4-9-17-7-16-19-11-12-18,0-1-3-14-5-2-6-10-15-8-13-4-9-17-7-16-19-11-12-18,0-1-3-14-5-2-6-10-15-8-13-4-9-17-7-16-19-11-12-18,0-1-3-14-5-2-6-10-15-8-13-4-9-17-7-16-19-11-12-18,0-1-3-14-5-2-6-10-15-8-13-4-9-17-7-16-19-11-12-18,0-1-3-14-5-2-6-10-15-8-13-4-9-17-7-16-19-11-12-18,0-1-3-14-5-2-6-10-15-8-13-4-9-17-7-16-19-11-12-18,0-1-3-14-5-2-6-10-15-8-13-4-9-17-7-16-19-11-12-18,0-1-3-14-5-2-6-10-15-8-13-4-9-17-7-16-19-11-12-18
dense_20_107,139.617,134.832,137.119,129.729,120.755,119.188,169.703,210.191,214.508,139.713,141.527,132.283,149.498,51501574,424022,310145,415151,305491,272460,230025,405594,395739,403121,393564,411443,302421,0-4-5-1-13-2-3-14-15-16-8-17-7-9-10-11-18-19-6-12,0-4-5-1-13-2-3-14-15-16-8-17-7-9-10-11-18-19-6-12,0-4-5-1-13-2-3-14-15-16-8-17-7-9-10-11-18-19-6-12,0-4-5-1-13-2-3-14-15-16-8-17-7-9-10-11-18-19-6-12,0-4-5-1-13-2-3-14-15-16-8-17-7-9-10-11-18-19-6-12,0-4-5-1-13-2-3-14-15-16-8-17-7-9-10-11-18-19-6-12,0-4-5-1-13-2-3-14-15-16-8-17-7-9-10-11-18-19-6-12,0-4-5-1-13-2-3-14-15-16-8-17-7-9-10-11-18-19-6-12,0-4-5-1-13-2-3-14-15-16-8-17-7-9-10-11-18-19-6-12,0-4-5-1-13-2-3-14-15-16-8-17-7-9-10-11-18-19-6-12,0-4-5-1-13-2-3-14-15-16-8-17-7-9-10-11-18-19-6-12,0-4-5-1-13-2-3-14-15-16-8-17-7-9-10-11-18-19-6-12,0-4-5-1-13-2-3-14-15-16-8-17-7-9-10-11-18-19-6-12,0-4-5-1-13-2-3-14-15-16-8-17-7-9-10-11-18-19-6-12
dense_20_161,53.6989,78.8924,71.8391,47.0886,47.384,47.0349,47.3027,47.2854,47.4114,57.9061,46.5839,47.4957,50.7102,500000000,409063,302418,400936,298986,259469,221400,393553,384320,392900,383743,400687,296589,3-10-1-13-0-2-11-5-12-4-17-19-14-18-9-6-8-15-7-16,3-10-1-13-0-2-11-5-12-4-17-19-14-18-9-6-8-15-7-16,3-10-1-13-0-2-11-5-12-4-17-19-14-18-9-6-8-15-7-16,3-10-1-13-0-2-11-5-12-4-17-19-14-18-9-6-8-15-7-16,3-10-1-13-0-2-11-5-12-4-17-19-14-18-9-6-8-15-7-16,3-10-1-13-0-2-11-5-12-4-17-19-14-18-9-6-8-15-7-16,3-10-1-13-0-2-11-5-12-4-17-19-14-18-9-6-8-15-7-16,3-10-1-13-0-2-11-5-12-4-17-19-14-18-9-6-8-15-7-16,3-10-1-13-0-2-11-5-12-4-17-19-14-18-9-6-8-15-7-16,3-10-1-13-0-2-11-5-12-4-17-19-14-18-9-6-8-15-7-16,3-10-1-13-0-2-11-5-12-4-17-19-14-18-9-6-8-15-7-16,3-10-1-13-0-2-11-5-12-4-17-19-14-18-9-6-8-15-7-16,3-10-1-13-0-2-11-5-12-4-17-19-14-18-9-6-8-15-7-16,3-10-1-13-0-2-11-5-12-4-17-19-14-18-9-6-8-15-7-16
dense_20_8,8.15911,8.62791,8.34865,8.75391,6.76079,5.22861,8.94722,9.10787,9.16709,9.16679,8.24486,8.61003,14.1467,56158548,418143,319275,409863,314984,261697,231813,402169,390105,401646,389641,409596,309271,1-0-2-3-10-4-8-5-9-15-11-12-16-6-7-18-17-19-14-13,1-0-2-3-10-4-8-5-9-15-11-12-16-6-7-18-17-19-14-13,1-0-2-3-10-4-8-5-9-15-11-12-16-6-7-18-17-19-14-13,1-0-2-3-10-4-8-5-9-15-11-12-16-6-7-18-17-19-14-13,1-0-2-3-10-4-8-5-9-15-11-12-16-6-7-18-17-19-14-13,1-0-2-3-10-4-8-5-9-15-11-12-16-6-7-18-17-19-14-13,1-0-2-3-10-4-8-5-9-15-11-12-16-6-7-18-17-19-14-13,1-0-2-3-10-4-8-5-9-15-11-12-16-6-7-18-17-19-14-13,1-0-2-3-10-4-8-5-9-15-11-12-16-6-7-18-17-19-14-13,1-0-2-3-10-4-8-5-9-15-11-12-16-6-7-18-17-19-14-13,1-0-2-3-10-4-8-5-9-15-11-12-16-6-7-18-17-19-14-13,1-0-2-3-10-4-8-5-9-15-11-12-16-6-7-18-17-19-14-13,1-0-2-3-10-4-8-5-9-15-11-12-16-6-7-18-17-19-14-13,1-0-2-3-10-4-8-5-9-15-11-12-16-6-7-18-17-19-14-13
dense_20_9,54.906,36.4507,34.8741,34.0032,33.4691,32.8052,41.8496,35.0499,35.4874,35.4781,35.7269,34.6649,37.422,84447091,438441,320396,430042,316518,261060,224215,412750,397459,409822,394698,417979,306644,0-2-10-1-3-8-13-12-15-11-16-9-14-17-4-18-5-7-19-6,0-2-10-1-3-8-13-12-15-11-16-9-14-17-4-18-5-7-19-6,0-2-10-1-3-8-13-12-15-11-16-9-14-17-4-18-5-7-19-6,0-2-10-1-3-8-13-12-15-11-16-9-14-17-4-18-5-7-19-6,0-2-10-1-3-8-13-12-15-11-16-9-14-17-4-18-5-7-19-6,0-2-10-1-3-8-13-12-15-11-16-9-14-17-4-18-5-7-19-6,0-2-10-1-3-8-13-12-15-11-16-9-14-17-4-18-5-7-19-6,0-2-10-1-3-8-13-12-15-11-16-9-14-17-4-18-5-7-19-6,0-2-10-1-3-8-13-12-15-11-16-9-14-17-4-18-5-7-19-6,0-2-10-1-3-8-13-12-15-11-16-9-14-17-4-18-5-7-19-6,0-2-10-1-3-8-13-12-15-11-16-9-14-17-4-18-5-7-19-6,0-2-10-1-3-8-13-12-15-11-16-9-14-17-4-18-5-7-19-6,0-2-10-1-3-8-13-12-15-11-16-9-14-17-4-18-5-7-19-6,0-2-10-1-3-8-13-12-15-11-16-9-14-17-4-18-5-7-19-6
dense_20_55,171.153,199.464,176.901,195.25,242.892,236.834,253.76,208.576,157.42,156.991,171.983,154.164,149.19,269489894,443068,313706,434269,309147,278819,236083,418981,409012,417022,406821,425404,305623,5-16-17-11-19-12-6-18-0-4-13-2-10-15-3-8-9-14-1-7,5-16-17-11-19-12-6-18-0-4-13-2-10-15-3-8-9-14-1-7,5-16-17-11-19-12-6-18-0-4-13-2-10-15-3-8-9-14-1-7,5-16-17-11-19-12-6-18-0-4-13-2-10-15-3-8-9-14-1-7,5-16-17-11-19-12-6-18-0-4-13-2-10-15-3-8-9-14-1-7,5-16-17-11-19-12-6-18-0-4-13-2-10-15-3-8-9-14-1-7,5-16-17-11-19-12-6-18-0-4-13-2-10-15-3-8-9-14-1-7,5-16-17-11-19-12-6-18-0-4-13-2-10-15-3-8-9-14-1-7,5-16-17-11-19-12-6-18-0-4-13-2-10-15-3-8-9-14-1-7,5-16-17-11-19-12-6-18-0-4-13-2-10-15-3-8-9-14-1-7,5-16-17-11-19-12-6-18-0-4-13-2-10-15-3-8-9-14-1-7,5-16-17-11-19-12-6-18-0-4-13-2-10-15-3-8-9-14-1-7,5-16-17-11-19-12-6-18-0-4-13-2-10-15-3-8-9-14-1-7,5-16-17-11-19-12-6-18-0-4-13-2-10-15-3-8-9-14-1-7
dense_20_10,28.4588,29.2138,28.3679,28.8973,28.206,28.7073,28.8948,28.854,29.2497,28.9625,28.8865,29.1948,32.9194,500000000,445038,354030,437322,350328,298234,267632,430101,418290,427329,415804,434823,343824,2-7-3-0-1-9-18-8-10-12-11-13-14-15-17-5-4-16-6-19,2-7-3-0-1-9-18-8-10-12-11-13-14-15-17-5-4-16-6-19,2-7-3-0-1-9-18-8-10-12-11-13-14-15-17-5-4-16-6-19,2-7-3-0-1-9-18-8-10-12-11-13-14-15-17-5-4-16-6-19,2-7-3-0-1-9-18-8-10-12-11-13-14-15-17-5-4-16-6-19,2-7-3-0-1-9-18-8-10-12-11-13-14-15-17-5-4-16-6-19,2-7-3-0-1-9-18-8-10-12-11-13-14-15-17-5-4-16-6-19,2-7-3-0-1-9-18-8-10-12-11-13-14-15-17-5-4-16-6-19,2-7-3-0-1-9-18-8-10-12-11-13-14-15-17-5-4-16-6-19,2-7-3-0-1-9-18-8-10-12-11-13-14-15-17-5-4-16-6-19,2-7-3-0-1-9-18-8-10-12-11-13-14-15-17-5-4-16-6-19,2-7-3-0-1-9-18-8-10-12-11-13-14-15-17-5-4-16-6-19,2-7-3-0-1-9-18-8-10-12-11-13-14-15-17-5-4-16-6-19,2-7-3-0-1-9-18-8-10-12-11-13-14-15-17-5-4-16-6-19
dense_20_11,97.6284,116.613,145.086,153.381,96.8109,95.4246,98.993,115.486,126.434,153.263,170.823,116.576,108.731,500000000,431922,307402,423176,303014,260629,218366,412478,401636,406712,396113,415022,296763,0-1-15-2-13-5-14-4-3-16-17-8-18-7-9-10-11-19-6-12,0-1-15-2-13-5-14-4-3-16-17-8-18-7-9-10-11-19-6-12,0-1-15-2-13-5-14-4-3-16-17-8-18-7-9-10-11-19-6-12,0-1-15-2-13-5-14-4-3-16-17-8-18-7-9-10-11-19-6-12,0-1-15-2-13-5-14-4-3-16-17-8-18-7-9-10-11-19-6-12,0-1-15-2-13-5-14-4-3-16-17-8-18-7-9-10-11-19-6-12,0-1-15-2-13-5-14-4-3-16-17-8-18-7-9-10-11-19-6-12,0-1-15-2-13-5-14-4-3-16-17-8-18-7-9-10-11-19-6-12,0-1-15-2-13-5-14-4-3-16-17-8-18-7-9-10-11-19-6-12,0-1-15-2-13-5-14-4-3-16-17-8-18-7-9-10-11-19-6-12,0-1-15-2-13-5-14-4-3-16-17-8-18-7-9-10-11-19-6-12,0-1-15-2-13-5-14-4-3-16-17-8-18-7-9-10-11-19-6-12,0-1-15-2-13-5-14-4-3-16-17-8-18-7-9-10-11-19-6-12,0-1-15-2-13-5-14-4-3-16-17-8-18-7-9-10-11-19-6-12
dense_20_109,54.8366,60.0738,58.5321,59.1592,59.0353,49.5099,40.6871,58.5056,46.1696,35.9428,35.52,35.5928,40.7913,500000000,470683,354709,462386,350371,309819,271004,444058,433563,441358,431056,449311,342650,9-6-7-10-11-12-18-8-17-15-4-16-19-3-5-0-2-13-14-1,9-6-7-10-11-12-18-8-17-15-4-16-19-3-5-0-2-13-14-1,9-6-7-10-11-12-18-8-17-15-4-16-19-3-5-0-2-13-14-1,9-6-7-10-11-12-18-8-17-15-4-16-19-3-5-0-2-13-14-1,9-6-7-10-11-12-18-8-17-15-4-16-19-3-5-0-2-13-14-1,9-6-7-10-11-12-18-8-17-15-4-16-19-3-5-0-2-13-14-1,9-6-7-10-11-12-18-8-17-15-4-16-19-3-5-0-2-13-14-1,9-6-7-10-11-12-18-8-17-15-4-16-19-3-5-0-2-13-14-1,9-6-7-10-11-12-18-8-17-15-4-16-19-3-5-0-2-13-14-1,9-6-7-10-11-12-18-8-17-15-4-16-19-3-5-0-2-13-14-1,9-6-7-10-11-12-18-8-17-15-4-16-19-3-5-0-2-13-14-1,9-6-7-10-11-12-18-8-17-15-4-16-19-3-5-0-2-13-14-1,9-6-7-10-11-12-18-8-17-15-4-16-19-3-5-0-2-13-14-1,9-6-7-10-11-12-18-8-17-15-4-16-19-3-5-0-2-13-14-1
dense_20_12,43.4278,43.9414,43.3615,37.2741,26.5176,26.882,39.0449,26.9978,27.2212,27.085,26.7542,28.9572,50.4549,500000000,468580,366887,460623,363194,307704,277926,447638,436416,447444,436268,455078,354571,0-2-3-5-17-14-9-1-7-4-8-12-10-13-6-18-11-16-15-19,0-2-3-5-17-14-9-1-7-4-8-12-10-13-6-18-11-16-15-19,0-2-3-5-17-14-9-1-7-4-8-12-10-13-6-18-11-16-15-19,0-2-3-5-17-14-9-1-7-4-8-12-10-13-6-18-11-16-15-19,0-2-3-5-17-14-9-1-7-4-8-12-10-13-6-18-11-16-15-19,0-2-3-5-17-14-9-1-7-4-8-12-10-13-6-18-11-16-15-19,0-2-3-5-17-14-9-1-7-4-8-12-10-13-6-18-11-16-15-19,0-2-3-5-17-14-9-1-7-4-8-12-10-13-6-18-11-16-15-19,0-2-3-5-17-14-9-1-7-4-8-12-10-13-6-18-11-16-15-19,0-2-3-5-17-14-9-1-7-4-8-12-10-13-6-18-11-16-15-19,0-2-3-5-17-14-9-1-7-4-8-12-10-13-6-18-11-16-15-19,0-2-3-5-17-14-9-1-7-4-8-12-10-13-6-18-11-16-15-19,0-2-3-5-17-14-9-1-7-4-8-12-10-13-6-18-11-16-15-19,0-2-3-5-17-14-9-1-7-4-8-12-10-13-6-18-11-16-15-19
dense_20_163,79.4269,69.4934,96.3287,70.7371,69.0574,68.8416,71.297,71.5161,71.5464,71.6933,71.4403,70.0094,74.0254,500000000,469349,378116,461019,373483,314018,290245,450155,438731,449566,438092,457695,363188,0-3-1-11-2-12-4-5-6-19-7-14-13-9-8-10-17-16-18-15,0-3-1-11-2-12-4-5-6-19-7-14-13-9-8-10-17-16-18-15,0-3-1-11-2-12-4-5-6-19-7-14-13-9-8-10-17-16-18-15,0-3-1-11-2-12-4-5-6-19-7-14-13-9-8-10-17-16-18-15,0-3-1-11-2-12-4-5-6-19-7-14-13-9-8-10-17-16-18-15,0-3-1-11-2-12-4-5-6-19-7-14-13-9-8-10-17-16-18-15,0-3-1-11-2-12-4-5-6-19-7-14-13-9-8-10-17-16-18-15,0-3-1-11-2-12-4-5-6-19-7-14-13-9-8-10-17-16-18-15,0-3-1-11-2-12-4-5-6-19-7-14-13-9-8-10-17-16-18-15,0-3-1-11-2-12-4-5-6-19-7-14-13-9-8-10-17-16-18-15,0-3-1-11-2-12-4-5-6-19-7-14-13-9-8-10-17-16-18-15,0-3-1-11-2-12-4-5-6-19-7-14-13-9-8-10-17-16-18-15,0-3-1-11-2-12-4-5-6-19-7-14-13-9-8-10-17-16-18-15,0-3-1-11-2-12-4-5-6-19-7-14-13-9-8-10-17-16-18-15
dense_20_13,33.3456,38.2319,51.9222,43.5313,36.4052,33.4102,33.9158,44.7677,56.3413,56.6639,56.1037,55.8795,61.0548,500000000,482922,382422,475184,378408,318744,286396,448523,429375,447201,428323,454817,355149,5-6-7-11-15-10-16-17-3-9-4-14-8-12-13-1-0-2-18-19,5-6-7-11-15-10-16-17-3-9-4-14-8-12-13-1-0-2-18-19,5-6-7-11-15-10-16-17-3-9-4-14-8-12-13-1-0-2-18-19,5-6-7-11-15-10-16-17-3-9-4-14-8-12-13-1-0-2-18-19,5-6-7-11-15-10-16-17-3-9-4-14-8-12-13-1-0-2-18-19,5-6-7-11-15-10-16-17-3-9-4-14-8-12-13-1-0-2-18-19,5-6-7-11-15-10-16-17-3-9-4-14-8-12-13-1-0-2-18-19,5-6-7-11-15-10-16-17-3-9-4-14-8-12-13-1-0-2-18-19,5-6-7-11-15-10-16-17-3-9-4-14-8-12-13-1-0-2-18-19,5-6-7-11-15-10-16-17-3-9-4-14-8-12-13-1-0-2-18-19,5-6-7-11-15-10-16-17-3-9-4-14-8-12-13-1-0-2-18-19,5-6-7-11-15-10-16-17-3-9-4-14-8-12-13-1-0-2-18-19,5-6-7-11-15-10-16-17-3-9-4-14-8-12-13-1-0-2-18-19,5-6-7-11-15-10-16-17-3-9-4-14-8-12-13-1-0-2-18-19
dense_20_164,16.4994,16.7402,16.7414,17.0955,16.6377,16.9176,17.172,17.2481,17.3118,17.241,16.726,16.8396,20.6438,207868000,417541,297165,409295,294107,240053,198610,396082,385781,395819,385361,403767,285003,0-2-1-4-6-8-5-7-9-3-10-16-18-12-11-13-14-15-17-19,0-2-1-4-6-8-5-7-9-3-10-16-18-12-11-13-14-15-17-19,0-2-1-4-6-8-5-7-9-3-10-16-18-12-11-13-14-15-17-19,0-2-1-4-6-8-5-7-9-3-10-16-18-12-11-13-14-15-17-19,0-2-1-4-6-8-5-7-9-3-10-16-18-12-11-13-14-15-17-19,0-2-1-4-6-8-5-7-9-3-10-16-18-12-11-13-14-15-17-19,0-2-1-4-6-8-5-7-9-3-10-16-18-12-11-13-14-15-17-19,0-2-1-4-6-8-5-7-9-3-10-16-18-12-11-13-14-15-17-19,0-2-1-4-6-8-5-7-9-3-10-16-18-12-11-13-14-15-17-19,0-2-1-4-6-8-5-7-9-3-10-16-18-12-11-13-14-15-17-19,0-2-1-4-6-8-5-7-9-3-10-16-18-12-11-13-14-15-17-19,0-2-1-4-6-8-5-7-9-3-10-16-18-12-11-13-14-15-17-19,0-2-1-4-6-8-5-7-9-3-10-16-18-12-11-13-14-15-17-19,0-2-1-4-6-8-5-7-9-3-10-16-18-12-11-13-14-15-17-19
dense_20_110,355.116,291.515,280.651,271.377,259.475,243.716,281.402,297.516,280.844,285.779,338.389,348.336,276.354,10263162,417452,290001,408601,285438,220655,191007,394601,384822,391391,381842,399908,285543,10-7-6-8-2-0-1-3-5-15-18-9-11-14-19-17-4-12-13-16,10-7-6-8-2-0-1-3-5-15-18-9-11-14-19-17-4-12-13-16,10-7-6-8-2-0-1-3-5-15-18-9-11-14-19-17-4-12-13-16,10-7-6-8-2-0-1-3-5-15-18-9-11-14-19-17-4-12-13-16,10-7-6-8-2-0-1-3-5-15-18-9-11-14-19-17-4-12-13-16,10-7-6-8-2-0-1-3-5-15-18-9-11-14-19-17-4-12-13-16,10-7-6-8-2-0-1-3-5-15-18-9-11-14-19-17-4-12-13-16,10-7-6-8-2-0-1-3-5-15-18-9-11-14-19-17-4-12-13-16,10-7-6-8-2-0-1-3-5-15-18-9-11-14-19-17-4-12-13-16,10-7-6-8-2-0-1-3-5-15-18-9-11-14-19-17-4-12-13-16,10-7-6-8-2-0-1-3-5-15-18-9-11-14-19-17-4-12-13-16,10-7-6-8-2-0-1-3-5-15-18-9-11-14-19-17-4-12-13-16,10-7-6-8-2-0-1-3-5-15-18-9-11-14-19-17-4-12-13-16,10-7-6-8-2-0-1-3-5-15-18-9-11-14-19-17-4-12-13-16
dense_20_57,228.16,192.926,189.674,185.674,184.406,181.114,187.657,187.335,189.232,186.988,273.308,240.244,189.159,500000000,435166,320660,426298,315972,276526,239509,413689,405366,410865,402755,419359,311856,6-8-2-9-15-18-13-14-3-0-1-4-11-10-16-7-17-19-5-12,6-8-2-9-15-18-13-14-3-0-1-4-11-10-16-7-17-19-5-12,6-8-2-9-15-18-13-14-3-0-1-4-11-10-16-7-17-19-5-12,6-8-2-9-15-18-13-14-3-0-1-4-11-10-16-7-17-19-5-12,6-8-2-9-15-18-13-14-3-0-1-4-11-10-16-7-17-19-5-12,6-8-2-9-15-18-13-14-3-0-1-4-11-10-16-7-17-19-5-12,6-8-2-9-15-18-13-14-3-0-1-4-11-10-16-7-17-19-5-12,6-8-2-9-15-18-13-14-3-0-1-4-11-10-16-7-17-19-5-12,6-8-2-9-15-18-13-14-3-0-1-4-11-10-16-7-17-19-5-12,6-8-2-9-15-18-13-14-3-0-1-4-11-10-16-7-17-19-5-12,6-8-2-9-15-18-13-14-3-0-1-4-11-10-16-7-17-19-5-12,6-8-2-9-15-18-13-14-3-0-1-4-11-10-16-7-17-19-5-12,6-8-2-9-15-18-13-14-3-0-1-4-11-10-16-7-17-19-5-12,6-8-2-9-15-18-13-14-3-0-1-4-11-10-16-7-17-19-5-12
dense_20_166,23.0296,28.3772,22.7636,22.8338,22.4851,22.2641,23.2145,23.3875,23.4268,23.4669,23.1089,22.9049,26.3554,204609454,440493,326471,432121,321814,262335,233862,409310,393732,408363,392864,416747,315826,5-7-2-8-1-0-3-9-15-13-14-6-16-4-10-11-17-18-19-12,5-7-2-8-1-0-3-9-15-13-14-6-16-4-10-11-17-18-19-12,5-7-2-8-1-0-3-9-15-13-14-6-16-4-10-11-17-18-19-12,5-7-2-8-1-0-3-9-15-13-14-6-16-4-10-11-17-18-19-12,5-7-2-8-1-0-3-9-15-13-14-6-16-4-10-11-17-18-19-12,5-7-2-8-1-0-3-9-15-13-14-6-16-4-10-11-17-18-19-12,5-7-2-8-1-0-3-9-15-13-14-6-16-4-10-11-17-18-19-12,5-7-2-8-1-0-3-9-15-13-14-6-16-4-10-11-17-18-19-12,5-7-2-8-1-0-3-9-15-13-14-6-16-4-10-11-17-18-19-12,5-7-2-8-1-0-3-9-15-13-14-6-16-4-10-11-17-18-19-12,5-7-2-8-1-0-3-9-15-13-14-6-16-4-10-11-17-18-19-12,5-7-2-8-1-0-3-9-15-13-14-6-16-4-10-11-17-18-19-12,5-7-2-8-1-0-3-9-15-13-14-6-16-4-10-11-17-18-19-12,5-7-2-8-1-0-3-9-15-13-14-6-16-4-10-11-17-18-19-12
dense_20_167,34.2267,34.981,34.4007,34.755,34.2438,34.73,35.0185,35.07,35.987,35.1527,34.5092,34.6473,39.5424,500000000,472013,373540,463861,368737,288556,247509,444016,423244,442432,421692,449969,350225,9-2-11-3-10-1-0-5-4-18-14-15-12-13-19-16-17-7-6-8,9-2-11-3-10-1-0-5-4-18-14-15-12-13-19-16-17-7-6-8,9-2-11-3-10-1-0-5-4-18-14-15-12-13-19-16-17-7-6-8,9-2-11-3-10-1-0-5-4-18-14-15-12-13-19-16-17-7-6-8,9-2-11-3-10-1-0-5-4-18-14-15-12-13-19-16-17-7-6-8,9-2-11-3-10-1-0-5-4-18-14-15-12-13-19-16-17-7-6-8,9-2-11-3-10-1-0-5-4-18-14-15-12-13-19-16-17-7-6-8,9-2-11-3-10-1-0-5-4-18-14-15-12-13-19-16-17-7-6-8,9-2-11-3-10-1-0-5-4-18-14-15-12-13-19-16-17-7-6-8,9-2-11-3-10-1-0-5-4-18-14-15-12-13-19-16-17-7-6-8,9-2-11-3-10-1-0-5-4-18-14-15-12-13-19-16-17-7-6-8,9-2-11-3-10-1-0-5-4-18-14-15-12-13-19-16-17-7-6-8,9-2-11-3-10-1-0-5-4-18-14-15-12-13-19-16-17-7-6-8,9-2-11-3-10-1-0-5-4-18-14-15-12-13-19-16-17-7-6-8
dense_20_168,37.8934,37.7733,37.6645,37.6317,37.9098,37.5683,38.5138,38.4331,38.3961,38.406,37.9175,38.0369,43.2919,500000000,464773,343125,456476,339173,308229,264282,439621,429281,438056,427878,446070,331255,0-1-2-3-4-10-13-14-8-6-9-7-11-5-12-16-17-18-19-15,0-1-2-3-4-10-13-14-8-6-9-7-11-5-12-16-17-18-19-15,0-1-2-3-4-10-13-14-8-6-9-7-11-5-12-16-17-18-19-15,0-1-2-3-4-10-13-14-8-6-9-7-11-5-12-16-17-18-19-15,0-1-2-3-4-10-13-14-8-6-9-7-11-5-12-16-17-18-19-15,0-1-2-3-4-10-13-14-8-6-9-7-11-5-12-16-17-18-19-15,0-1-2-3-4-10-13-14-8-6-9-7-11-5-12-16-17-18-19-15,0-1-2-3-4-10-13-14-8-6-9-7-11-5-12-16-17-18-19-15,0-1-2-3-4-10-13-14-8-6-9-7-11-5-12-16-17-18-19-15,0-1-2-3-4-10-13-14-8-6-9-7-11-5-12-16-17-18-19-15,0-1-2-3-4-10-13-14-8-6-9-7-11-5-12-16-17-18-19-15,0-1-2-3-4-10-13-14-8-6-9-7-11-5-12-16-17-18-19-15,0-1-2-3-4-10-13-14-8-6-9-7-11-5-12-16-17-18-19-15,0-1-2-3-4-10-13-14-8-6-9-7-11-5-12-16-17-18-19-15
dense_20_58,124.928,120.436,121.675,119.635,115.603,114.135,147.733,122.687,122.862,122.461,124.913,119.848,118.438,500000000,456153,322217,447793,318772,295306,243388,438517,427245,432864,421564,440874,311361,11-2-12-14-1-0-3-4-5-13-15-16-7-17-6-8-9-10-18-19,11-2-12-14-1-0-3-4-5-13-15-16-7-17-6-8-9-10-18-19,11-2-12-14-1-0-3-4-5-13-15-16-7-17-6-8-9-10-18-19,11-2-12-14-1-0-3-4-5-13-15-16-7-17-6-8-9-10-18-19,11-2-12-14-1-0-3-4-5-13-15-16-7-17-6-8-9-10-18-19,11-2-12-14-1-0-3-4-5-13-15-16-7-17-6-8-9-10-18-19,11-2-12-14-1-0-3-4-5-13-15-16-7-17-6-8-9-10-18-19,11-2-12-14-1-0-3-4-5-13-15-16-7-17-6-8-9-10-18-19,11-2-12-14-1-0-3-4-5-13-15-16-7-17-6-8-9-10-18-19,11-2-12-14-1-0-3-4-5-13-15-16-7-17-6-8-9-10-18-19,11-2-12-14-1-0-3-4-5-13-15-16-7-17-6-8-9-10-18-19,11-2-12-14-1-0-3-4-5-13-15-16-7-17-6-8-9-10-18-19,11-2-12-14-1-0-3-4-5-13-15-16-7-17-6-8-9-10-18-19,11-2-12-14-1-0-3-4-5-13-15-16-7-17-6-8-9-10-18-19
dense_20_59,12.6618,8.91329,12.7672,9.02734,3.07861,3.11318,13.6939,13.395,13.3158,13.3276,12.8776,9.10668,6.8076,2418304,405205,295816,397105,292543,235798,206565,385370,376659,384810,376151,392652,289820,12-6-16-2-5-7-14-13-15-17-3-0-11-1-4-18-9-8-10-19,12-6-16-2-5-7-14-13-15-17-3-0-11-1-4-18-9-8-10-19,12-6-16-2-5-7-14-13-15-17-3-0-11-1-4-18-9-8-10-19,12-6-16-2-5-7-14-13-15-17-3-0-11-1-4-18-9-8-10-19,12-6-16-2-5-7-14-13-15-17-3-0-11-1-4-18-9-8-10-19,12-6-16-2-5-7-14-13-15-17-3-0-11-1-4-18-9-8-10-19,12-6-16-2-5-7-14-13-15-17-3-0-11-1-4-18-9-8-10-19,12-6-16-2-5-7-14-13-15-17-3-0-11-1-4-18-9-8-10-19,12-6-16-2-5-7-14-13-15-17-3-0-11-1-4-18-9-8-10-19,12-6-16-2-5-7-14-13-15-17-3-0-11-1-4-18-9-8-10-19,12-6-16-2-5-7-14-13-15-17-3-0-11-1-4-18-9-8-10-19,12-6-16-2-5-7-14-13-15-17-3-0-11-1-4-18-9-8-10-19,12-6-16-2-5-7-14-13-15-17-3-0-11-1-4-18-9-8-10-19,12-6-16-2-5-7-14-13-15-17-3-0-11-1-4-18-9-8-10-19
dense_20_169,41.5801,41.5992,66.7605,67.9068,57.1909,42.5065,42.2517,42.0736,42.0892,43.0057,41.7049,41.7369,45.8763,500000000,456829,345385,448466,341540,314768,267311,436533,425062,436309,425130,444178,335798,0-1-2-6-11-5-12-15-4-3-13-7-9-10-8-19-14-16-17-18,0-1-2-6-11-5-12-15-4-3-13-7-9-10-8-19-14-16-17-18,0-1-2-6-11-5-12-15-4-3-13-7-9-10-8-19-14-16-17-18,0-1-2-6-11-5-12-15-4-3-13-7-9-10-8-19-14-16-17-18,0-1-2-6-11-5-12-15-4-3-13-7-9-10-8-19-14-16-17-18,0-1-2-6-11-5-12-15-4-3-13-7-9-10-8-19-14-16-17-18,0-1-2-6-11-5-12-15-4-3-13-7-9-10-8-19-14-16-17-18,0-1-2-6-11-5-12-15-4-3-13-7-9-10-8-19-14-16-17-18,0-1-2-6-11-5-12-15-4-3-13-7-9-10-8-19-14-16-17-18,0-1-2-6-11-5-12-15-4-3-13-7-9-10-8-19-14-16-17-18,0-1-2-6-11-5-12-15-4-3-13-7-9-10-8-19-14-16-17-18,0-1-2-6-11-5-12-15-4-3-13-7-9-10-8-19-14-16-17-18,0-1-2-6-11-5-12-15-4-3-13-7-9-10-8-19-14-16-17-18,0-1-2-6-11-5-12-15-4-3-13-7-9-10-8-19-14-16-17-18
dense_20_60,28.7627,29.0948,28.871,29.2389,29.42,29.1931,29.4428,29.703,29.5416,29.3302,28.9375,29.0905,34.1375,500000000,513172,397343,505467,393365,308124,266743,469827,450667,468705,450322,476386,359562,5-3-6-15-7-10-17-11-9-4-8-16-1-0-2-13-12-14-18-19,5-3-6-15-7-10-17-11-9-4-8-16-1-0-2-13-12-14-18-19,5-3-6-15-7-10-17-11-9-4-8-16-1-0-2-13-12-14-18-19,5-3-6-15-7-10-17-11-9-4-8-16-1-0-2-13-12-14-18-19,5-3-6-15-7-10-17-11-9-4-8-16-1-0-2-13-12-14-18-19,5-3-6-15-7-10-17-11-9-4-8-16-1-0-2-13-12-14-18-19,5-3-6-15-7-10-17-11-9-4-8-16-1-0-2-13-12-14-18-19,5-3-6-15-7-10-17-11-9-4-8-16-1-0-2-13-12-14-18-19,5-3-6-15-7-10-17-11-9-4-8-16-1-0-2-13-12-14-18-19,5-3-6-15-7-10-17-11-9-4-8-16-1-0-2-13-12-14-18-19,5-3-6-15-7-10-17-11-9-4-8-16-1-0-2-13-12-14-18-19,5-3-6-15-7-10-17-11-9-4-8-16-1-0-2-13-12-14-18-19,5-3-6-15-7-10-17-11-9-4-8-16-1-0-2-13-12-14-18-19,5-3-6-15-7-10-17-11-9-4-8-16-1-0-2-13-12-14-18-19
dense_20_61,47.1205,46.9658,47.2012,46.6847,45.8382,46.0463,47.3415,47.4023,46.969,47.3827,46.8332,46.3002,51.5218,500000000,495369,387808,487076,382797,321626,288239,457895,441756,457259,441291,465126,370212,7-9-8-10-19-11-13-4-14-18-3-6-5-12-2-0-1-16-17-15,7-9-8-10-19-11-13-4-14-18-3-6-5-12-2-0-1-16-17-15,7-9-8-10-19-11-13-4-14-18-3-6-5-12-2-0-1-16-17-15,7-9-8-10-19-11-13-4-14-18-3-6-5-12-2-0-1-16-17-15,7-9-8-10-19-11-13-4-14-18-3-6-5-12-2-0-1-16-17-15,7-9-8-10-19-11-13-4-14-18-3-6-5-12-2-0-1-16-17-15,7-9-8-10-19-11-13-4-14-18-3-6-5-12-2-0-1-16-17-15,7-9-8-10-19-11-13-4-14-18-3-6-5-12-2-0-1-16-17-15,7-9-8-10-19-11-13-4-14-18-3-6-5-12-2-0-1-16-17-15,7-9-8-10-19-11-13-4-14-18-3-6-5-12-2-0-1-16-17-15,7-9-8-10-19-11-13-4-14-18-3-6-5-12-2-0-1-16-17-15,7-9-8-10-19-11-13-4-14-18-3-6-5-12-2-0-1-16-17-15,7-9-8-10-19-11-13-4-14-18-3-6-5-12-2-0-1-16-17-15,7-9-8-10-19-11-13-4-14-18-3-6-5-12-2-0-1-16-17-15
dense_20_112,131.921,131.861,36.475,36.2686,7.78125,8.05103,8.53549,8.54048,8.69675,8.79131,8.07267,8.21055,10.5066,77513864,398555,295568,352606,254620,147155,121182,285922,285915,282349,270040,289286,200083,3-5-10-13-6-15-17-12-7-14-8-9-16-4-11-18-19-1-0-2,3-5-10-13-6-15-17-12-7-14-8-9-16-4-11-18-19-1-0-2,3-5-10-13-6-15-17-12-7-14-8-9-16-4-11-18-19-1-0-2,3-5-10-13-6-15-17-12-7-14-8-9-16-4-11-18-19-1-0-2,3-5-10-13-6-15-17-12-7-14-8-9-16-4-11-18-19-1-0-2,3-5-10-13-6-15-17-12-7-14-8-9-16-4-11-18-19-1-0-2,3-5-10-13-6-15-17-12-7-14-8-9-16-4-11-18-19-1-0-2,3-5-10-13-6-15-17-12-7-14-8-9-16-4-11-18-19-1-0-2,3-5-10-13-6-15-17-12-7-14-8-9-16-4-11-18-19-1-0-2,3-5-10-13-6-15-17-12-7-14-8-9-16-4-11-18-19-1-0-2,3-5-10-13-6-15-17-12-7-14-8-9-16-4-11-18-19-1-0-2,3-5-10-13-6-15-17-12-7-14-8-9-16-4-11-18-19-1-0-2,3-5-10-13-6-15-17-12-7-14-8-9-16-4-11-18-19-1-0-2,3-5-10-13-6-15-17-12-7-14-8-9-16-4-11-18-19-1-0-2
dense_20_62,123.414,121.446,121.79,121.633,119.79,118.293,121.604,121.745,123.07,121.068,121.037,115.965,117.691,500000000,435166,330011,426298,324959,279098,246334,415648,406056,410734,401500,419187,320343,6-7-1-8-15-18-19-13-14-3-0-4-5-10-12-11-16-17-2-9,6-7-1-8-15-18-19-13-14-3-0-4-5-10-12-11-16-17-2-9,6-7-1-8-15-18-19-13-14-3-0-4-5-10-12-11-16-17-2-9,6-7-1-8-15-18-19-13-14-3-0-4-5-10-12-11-16-17-2-9,6-7-1-8-15-18-19-13-14-3-0-4-5-10-12-11-16-17-2-9,6-7-1-8-15-18-19-13-14-3-0-4-5-10-12-11-16-17-2-9,6-7-1-8-15-18-19-13-14-3-0-4-5-10-12-11-16-17-2-9,6-7-1-8-15-18-19-13-14-3-0-4-5-10-12-11-16-17-2-9,6-7-1-8-15-18-19-13-14-3-0-4-5-10-12-11-16-17-2-9,6-7-1-8-15-18-19-13-14-3-0-4-5-10-12-11-16-17-2-9,6-7-1-8-15-18-19-13-14-3-0-4-5-10-12-11-16-17-2-9,6-7-1-8-15-18-19-13-14-3-0-4-5-10-12-11-16-17-2-9,6-7-1-8-15-18-19-13-14-3-0-4-5-10-12-11-16-17-2-9,6-7-1-8-15-18-19-13-14-3-0-4-5-10-12-11-16-17-2-9
dense_20_113,66.9535,66.0723,66.8984,67.1412,65.1236,64.1789,66.0443,65.8235,65.7877,64.832,64.0667,63.2447,67.2405,454099020,456811,356845,448487,352312,292068,259550,438153,428254,436426,423394,444429,342109,1-4-8-11-9-17-10-7-3-16-18-6-12-5-19-0-14-13-15-2,1-4-8-11-9-17-10-7-3-16-18-6-12-5-19-0-14-13-15-2,1-4-8-11-9-17-10-7-3-16-18-6-12-5-19-0-14-13-15-2,1-4-8-11-9-17-10-7-3-16-18-6-12-5-19-0-14-13-15-2,1-4-8-11-9-17-10-7-3-16-18-6-12-5-19-0-14-13-15-2,1-4-8-11-9-17-10-7-3-16-18-6-12-5-19-0-14-13-15-2,1-4-8-11-9-17-10-7-3-16-18-6-12-5-19-0-14-13-15-2,1-4-8-11-9-17-10-7-3-16-18-6-12-5-19-0-14-13-15-2,1-4-8-11-9-17-10-7-3-16-18-6-12-5-19-0-14-13-15-2,1-4-8-11-9-17-10-7-3-16-18-6-12-5-19-0-14-13-15-2,1-4-8-11-9-17-10-7-3-16-18-6-12-5-19-0-14-13-15-2,1-4-8-11-9-17-10-7-3-16-18-6-12-5-19-0-14-13-15-2,1-4-8-11-9-17-10-7-3-16-18-6-12-5-19-0-14-13-15-2,1-4-8-11-9-17-10-7-3-16-18-6-12-5-19-0-14-13-15-2
dense_20_114,12.9743,12.9179,12.7091,12.8994,12.6367,12.69,13.2781,13.2611,13.2915,13.3225,12.9231,12.9885,16.5168,127299418,452251,323165,443977,319489,283331,238454,428086,420500,427339,416873,435314,315392,0-3-16-13-17-4-11-12-5-6-14-15-18-19-1-7-2-8-9-10,0-3-16-13-17-4-11-12-5-6-14-15-18-19-1-7-2-8-9-10,0-3-16-13-17-4-11-12-5-6-14-15-18-19-1-7-2-8-9-10,0-3-16-13-17-4-11-12-5-6-14-15-18-19-1-7-2-8-9-10,0-3-16-13-17-4-11-12-5-6-14-15-18-19-1-7-2-8-9-10,0-3-16-13-17-4-11-12-5-6-14-15-18-19-1-7-2-8-9-10,0-3-16-13-17-4-11-12-5-6-14-15-18-19-1-7-2-8-9-10,0-3-16-13-17-4-11-12-5-6-14-15-18-19-1-7-2-8-9-10,0-3-16-13-17-4-11-12-5-6-14-15-18-19-1-7-2-8-9-10,0-3-16-13-17-4-11-12-5-6-14-15-18-19-1-7-2-8-9-10,0-3-16-13-17-4-11-12-5-6-14-15-18-19-1-7-2-8-9-10,0-3-16-13-17-4-11-12-5-6-14-15-18-19-1-7-2-8-9-10,0-3-16-13-17-4-11-12-5-6-14-15-18-19-1-7-2-8-9-10,0-3-16-13-17-4-11-12-5-6-14-15-18-19-1-7-2-8-9-10
dense_20_115,30.6497,30.0956,29.9478,28.751,27.1883,26.8898,30.3248,30.5157,30.5899,30.6389,31.2852,30.3748,30.035,4022772,408300,275147,399515,271151,234103,194500,389089,377585,387456,376101,395827,270938,0-6-15-5-4-8-7-18-9-16-17-19-12-1-10-11-2-3-13-14,0-6-15-5-4-8-7-18-9-16-17-19-12-1-10-11-2-3-13-14,0-6-15-5-4-8-7-18-9-16-17-19-12-1-10-11-2-3-13-14,0-6-15-5-4-8-7-18-9-16-17-19-12-1-10-11-2-3-13-14,0-6-15-5-4-8-7-18-9-16-17-19-12-1-10-11-2-3-13-14,0-6-15-5-4-8-7-18-9-16-17-19-12-1-10-11-2-3-13-14,0-6-15-5-4-8-7-18-9-16-17-19-12-1-10-11-2-3-13-14,0-6-15-5-4-8-7-18-9-16-17-19-12-1-10-11-2-3-13-14,0-6-15-5-4-8-7-18-9-16-17-19-12-1-10-11-2-3-13-14,0-6-15-5-4-8-7-18-9-16-17-19-12-1-10-11-2-3-13-14,0-6-15-5-4-8-7-18-9-16-17-19-12-1-10-11-2-3-13-14,0-6-15-5-4-8-7-18-9-16-17-19-12-1-10-11-2-3-13-14,0-6-15-5-4-8-7-18-9-16-17-19-12-1-10-11-2-3-13-14,0-6-15-5-4-8-7-18-9-16-17-19-12-1-10-11-2-3-13-14
dense_20_170,243.401,239.783,242.714,239.31,217.783,220.35,244.197,243.419,235.91,229.156,235.532,231.682,218.567,500000000,426074,321726,417230,316779,261772,234394,402856,391097,399233,387844,407708,313090,11-12-6-5-7-19-9-10-13-16-17-18-4-15-0-1-2-3-8-14,11-12-6-5-7-19-9-10-13-16-17-18-4-15-0-1-2-3-8-14,11-12-6-5-7-19-9-10-13-16-17-18-4-15-0-1-2-3-8-14,11-12-6-5-7-19-9-10-13-16-17-18-4-15-0-1-2-3-8-14,11-12-6-5-7-19-9-10-13-16-17-18-4-15-0-1-2-3-8-14,11-12-6-5-7-19-9-10-13-16-17-18-4-15-0-1-2-3-8-14,11-12-6-5-7-19-9-10-13-16-17-18-4-15-0-1-2-3-8-14,11-12-6-5-7-19-9-10-13-16-17-18-4-15-0-1-2-3-8-14,11-12-6-5-7-19-9-10-13-16-17-18-4-15-0-1-2-3-8-14,11-12-6-5-7-19-9-10-13-16-17-18-4-15-0-1-2-3-8-14,11-12-6-5-7-19-9-10-13-16-17-18-4-15-0-1-2-3-8-14,11-12-6-5-7-19-9-10-13-16-17-18-4-15-0-1-2-3-8-14,11-12-6-5-7-19-9-10-13-16-17-18-4-15-0-1-2-3-8-14,11-12-6-5-7-19-9-10-13-16-17-18-4-15-0-1-2-3-8-14
dense_20_171,28.0768,28.3445,28.0771,28.6137,28.1851,28.521,28.5964,28.6667,28.7183,28.6706,28.2139,28.5377,33.4618,500000000,451577,368598,443250,363820,316105,297178,438588,428585,437672,427779,445814,366010,19-9-17-8-18-7-10-13-11-14-15-12-16-5-4-2-0-1-3-6,19-9-17-8-18-7-10-13-11-14-15-12-16-5-4-2-0-1-3-6,19-9-17-8-18-7-10-13-11-14-15-12-16-5-4-2-0-1-3-6,19-9-17-8-18-7-10-13-11-14-15-12-16-5-4-2-0-1-3-6,19-9-17-8-18-7-10-13-11-14-15-12-16-5-4-2-0-1-3-6,19-9-17-8-18-7-10-13-11-14-15-12-16-5-4-2-0-1-3-6,19-9-17-8-18-7-10-13-11-14-15-12-16-5-4-2-0-1-3-6,19-9-17-8-18-7-10-13-11-14-15-12-16-5-4-2-0-1-3-6,19-9-17-8-18-7-10-13-11-14-15-12-16-5-4-2-0-1-3-6,19-9-17-8-18-7-10-13-11-14-15-12-16-5-4-2-0-1-3-6,19-9-17-8-18-7-10-13-11-14-15-12-16-5-4-2-0-1-3-6,19-9-17-8-18-7-10-13-11-14-15-12-16-5-4-2-0-1-3-6,19-9-17-8-18-7-10-13-11-14-15-12-16-5-4-2-0-1-3-6,19-9-17-8-18-7-10-13-11-14-15-12-16-5-4-2-0-1-3-6
dense_20_172,26.468,27.1231,26.5945,27.1035,26.64,27.0415,27.056,27.1229,27.1757,27.7446,26.7128,26.9117,32.0145,500000000,492074,408699,484270,404397,356587,322735,468641,457615,467710,456819,475133,393064,1-11-9-10-14-18-12-13-19-4-8-3-5-0-2-7-17-15-6-16,1-11-9-10-14-18-12-13-19-4-8-3-5-0-2-7-17-15-6-16,1-11-9-10-14-18-12-13-19-4-8-3-5-0-2-7-17-15-6-16,1-11-9-10-14-18-12-13-19-4-8-3-5-0-2-7-17-15-6-16,1-11-9-10-14-18-12-13-19-4-8-3-5-0-2-7-17-15-6-16,1-11-9-10-14-18-12-13-19-4-8-3-5-0-2-7-17-15-6-16,1-11-9-10-14-18-12-13-19-4-8-3-5-0-2-7-17-15-6-16,1-11-9-10-14-18-12-13-19-4-8-3-5-0-2-7-17-15-6-16,1-11-9-10-14-18-12-13-19-4-8-3-5-0-2-7-17-15-6-16,1-11-9-10-14-18-12-13-19-4-8-3-5-0-2-7-17-15-6-16,1-11-9-10-14-18-12-13-19-4-8-3-5-0-2-7-17-15-6-16,1-11-9-10-14-18-12-13-19-4-8-3-5-0-2-7-17-15-6-16,1-11-9-10-14-18-12-13-19-4-8-3-5-0-2-7-17-15-6-16,1-11-9-10-14-18-12-13-19-4-8-3-5-0-2-7-17-15-6-16
dense_20_16,189.846,189.293,190.023,188.101,185.147,184.313,189.437,189.476,194.054,189.24,189.607,187.887,189.601,151753836,443786,351834,434981,346208,299853,272534,420787,409850,418787,407972,427096,340353,8-13-15-16-2-6-12-7-5-17-14-18-0-3-11-19-1-4-9-10,8-13-15-16-2-6-12-7-5-17-14-18-0-3-11-19-1-4-9-10,8-13-15-16-2-6-12-7-5-17-14-18-0-3-11-19-1-4-9-10,8-13-15-16-2-6-12-7-5-17-14-18-0-3-11-19-1-4-9-10,8-13-15-16-2-6-12-7-5-17-14-18-0-3-11-19-1-4-9-10,8-13-15-16-2-6-12-7-5-17-14-18-0-3-11-19-1-4-9-10,8-13-15-16-2-6-12-7-5-17-14-18-0-3-11-19-1-4-9-10,8-13-15-16-2-6-12-7-5-17-14-18-0-3-11-19-1-4-9-10,8-13-15-16-2-6-12-7-5-17-14-18-0-3-11-19-1-4-9-10,8-13-15-16-2-6-12-7-5-17-14-18-0-3-11-19-1-4-9-10,8-13-15-16-2-6-12-7-5-17-14-18-0-3-11-19-1-4-9-10,8-13-15-16-2-6-12-7-5-17-14-18-0-3-11-19-1-4-9-10,8-13-15-16-2-6-12-7-5-17-14-18-0-3-11-19-1-4-9-10,8-13-15-16-2-6-12-7-5-17-14-18-0-3-11-19-1-4-9-10
dense_20_116,150.86,146.532,146.202,143.042,138.856,139.928,147.883,148.327,148.617,148.545,151.514,147.07,141.877,500000000,468631,342112,460307,337725,287242,250118,439191,426251,435577,422551,443182,328492,0-2-3-5-13-1-4-14-15-17-9-18-7-10-11-8-12-16-19-6,0-2-3-5-13-1-4-14-15-17-9-18-7-10-11-8-12-16-19-6,0-2-3-5-13-1-4-14-15-17-9-18-7-10-11-8-12-16-19-6,0-2-3-5-13-1-4-14-15-17-9-18-7-10-11-8-12-16-19-6,0-2-3-5-13-1-4-14-15-17-9-18-7-10-11-8-12-16-19-6,0-2-3-5-13-1-4-14-15-17-9-18-7-10-11-8-12-16-19-6,0-2-3-5-13-1-4-14-15-17-9-18-7-10-11-8-12-16-19-6,0-2-3-5-13-1-4-14-15-17-9-18-7-10-11-8-12-16-19-6,0-2-3-5-13-1-4-14-15-17-9-18-7-10-11-8-12-16-19-6,0-2-3-5-13-1-4-14-15-17-9-18-7-10-11-8-12-16-19-6,0-2-3-5-13-1-4-14-15-17-9-18-7-10-11-8-12-16-19-6,0-2-3-5-13-1-4-14-15-17-9-18-7-10-11-8-12-16-19-6,0-2-3-5-13-1-4-14-15-17-9-18-7-10-11-8-12-16-19-6,0-2-3-5-13-1-4-14-15-17-9-18-7-10-11-8-12-16-19-6
dense_20_17,50.7211,50.8475,50.7022,50.7394,50.3372,50.6387,51.2612,51.5687,51.2714,51.918,51.4667,50.8019,55.4669,500000000,468631,380409,460307,375240,319927,296584,444437,435725,443862,432149,451914,364990,6-8-5-1-9-18-7-10-11-19-16-17-15-3-2-4-13-12-14-0,6-8-5-1-9-18-7-10-11-19-16-17-15-3-2-4-13-12-14-0,6-8-5-1-9-18-7-10-11-19-16-17-15-3-2-4-13-12-14-0,6-8-5-1-9-18-7-10-11-19-16-17-15-3-2-4-13-12-14-0,6-8-5-1-9-18-7-10-11-19-16-17-15-3-2-4-13-12-14-0,6-8-5-1-9-18-7-10-11-19-16-17-15-3-2-4-13-12-14-0,6-8-5-1-9-18-7-10-11-19-16-17-15-3-2-4-13-12-14-0,6-8-5-1-9-18-7-10-11-19-16-17-15-3-2-4-13-12-14-0,6-8-5-1-9-18-7-10-11-19-16-17-15-3-2-4-13-12-14-0,6-8-5-1-9-18-7-10-11-19-16-17-15-3-2-4-13-12-14-0,6-8-5-1-9-18-7-10-11-19-16-17-15-3-2-4-13-12-14-0,6-8-5-1-9-18-7-10-11-19-16-17-15-3-2-4-13-12-14-0,6-8-5-1-9-18-7-10-11-19-16-17-15-3-2-4-13-12-14-0,6-8-5-1-9-18-7-10-11-19-16-17-15-3-2-4-13-12-14-0
dense_20_64,27.8601,28.1795,28.0578,28.1987,27.8583,28.2016,28.4406,28.3643,28.4737,28.4254,27.9275,28.1337,32.4159,500000000,484653,358839,476433,354703,295936,255161,454323,443468,451840,442030,459777,342483,9-10-8-11-15-16-13-14-2-6-12-18-4-5-7-0-1-3-17-19,9-10-8-11-15-16-13-14-2-6-12-18-4-5-7-0-1-3-17-19,9-10-8-11-15-16-13-14-2-6-12-18-4-5-7-0-1-3-17-19,9-10-8-11-15-16-13-14-2-6-12-18-4-5-7-0-1-3-17-19,9-10-8-11-15-16-13-14-2-6-12-18-4-5-7-0-1-3-17-19,9-10-8-11-15-16-13-14-2-6-12-18-4-5-7-0-1-3-17-19,9-10-8-11-15-16-13-14-2-6-12-18-4-5-7-0-1-3-17-19,9-10-8-11-15-16-13-14-2-6-12-18-4-5-7-0-1-3-17-19,9-10-8-11-15-16-13-14-2-6-12-18-4-5-7-0-1-3-17-19,9-10-8-11-15-16-13-14-2-6-12-18-4-5-7-0-1-3-17-19,9-10-8-11-15-16-13-14-2-6-12-18-4-5-7-0-1-3-17-19,9-10-8-11-15-16-13-14-2-6-12-18-4-5-7-0-1-3-17-19,9-10-8-11-15-16-13-14-2-6-12-18-4-5-7-0-1-3-17-19,9-10-8-11-15-16-13-14-2-6-12-18-4-5-7-0-1-3-17-19
dense_20_117,190.945,182.431,186.154,176.821,160.825,155.065,187.447,185.411,187.211,183.145,194.42,183.416,158.339,136542616,427466,303764,418669,299527,243157,211495,406934,394664,393603,382236,401922,295802,0-2-1-3-16-13-5-18-9-10-11-4-12-8-17-14-19-15-6-7,0-2-1-3-16-13-5-18-9-10-11-4-12-8-17-14-19-15-6-7,0-2-1-3-16-13-5-18-9-10-11-4-12-8-17-14-19-15-6-7,0-2-1-3-16-13-5-18-9-10-11-4-12-8-17-14-19-15-6-7,0-2-1-3-16-13-5-18-9-10-11-4-12-8-17-14-19-15-6-7,0-2-1-3-16-13-5-18-9-10-11-4-12-8-17-14-19-15-6-7,0-2-1-3-16-13-5-18-9-10-11-4-12-8-17-14-19-15-6-7,0-2-1-3-16-13-5-18-9-10-11-4-12-8-17-14-19-15-6-7,0-2-1-3-16-13-5-18-9-10-11-4-12-8-17-14-19-15-6-7,0-2-1-3-16-13-5-18-9-10-11-4-12-8-17-14-19-15-6-7,0-2-1-3-16-13-5-18-9-10-11-4-12-8-17-14-19-15-6-7,0-2-1-3-16-13-5-18-9-10-11-4-12-8-17-14-19-15-6-7,0-2-1-3-16-13-5-18-9-10-11-4-12-8-17-14-19-15-6-7,0-2-1-3-16-13-5-18-9-10-11-4-12-8-17-14-19-15-6-7
dense_20_174,368.639,356.35,124.757,124.701,102.409,102.985,105.454,105.376,103.358,104.254,103.304,104.375,104.903,29988124,360924,282699,302097,232900,115923,105550,205245,205241,204476,226226,209907,161917,0-4-1-16-3-18-2-5-6-17-14-11-12-9-19-7-8-10-13-15,0-4-1-16-3-18-2-5-6-17-14-11-12-9-19-7-8-10-13-15,0-4-1-16-3-18-2-5-6-17-14-11-12-9-19-7-8-10-13-15,0-4-1-16-3-18-2-5-6-17-14-11-12-9-19-7-8-10-13-15,0-4-1-16-3-18-2-5-6-17-14-11-12-9-19-7-8-10-13-15,0-4-1-16-3-18-2-5-6-17-14-11-12-9-19-7-8-10-13-15,0-4-1-16-3-18-2-5-6-17-14-11-12-9-19-7-8-10-13-15,0-4-1-16-3-18-2-5-6-17-14-11-12-9-19-7-8-10-13-15,0-4-1-16-3-18-2-5-6-17-14-11-12-9-19-7-8-10-13-15,0-4-1-16-3-18-2-5-6-17-14-11-12-9-19-7-8-10-13-15,0-4-1-16-3-18-2-5-6-17-14-11-12-9-19-7-8-10-13-15,0-4-1-16-3-18-2-5-6-17-14-11-12-9-19-7-8-10-13-15,0-4-1-16-3-18-2-5-6-17-14-11-12-9-19-7-8-10-13-15,0-4-1-16-3-18-2-5-6-17-14-11-12-9-19-7-8-10-13-15
dense_20_175,26.3149,26.6156,26.6527,26.5698,26.5791,26.4971,26.6521,26.7529,26.7801,26.6412,26.5697,26.4489,29.9901,500000000,438214,362286,397036,324475,190172,162464,345743,345743,345288,331979,351852,267307,0-1-9-3-10-4-11-2-5-18-17-16-19-6-8-14-12-13-7-15,0-1-9-3-10-4-11-2-5-18-17-16-19-6-8-14-12-13-7-15,0-1-9-3-10-4-11-2-5-18-17-16-19-6-8-14-12-13-7-15,0-1-9-3-10-4-11-2-5-18-17-16-19-6-8-14-12-13-7-15,0-1-9-3-10-4-11-2-5-18-17-16-19-6-8-14-12-13-7-15,0-1-9-3-10-4-11-2-5-18-17-16-19-6-8-14-12-13-7-15,0-1-9-3-10-4-11-2-5-18-17-16-19-6-8-14-12-13-7-15,0-1-9-3-10-4-11-2-5-18-17-16-19-6-8-14-12-13-7-15,0-1-9-3-10-4-11-2-5-18-17-16-19-6-8-14-12-13-7-15,0-1-9-3-10-4-11-2-5-18-17-16-19-6-8-14-12-13-7-15,0-1-9-3-10-4-11-2-5-18-17-16-19-6-8-14-12-13-7-15,0-1-9-3-10-4-11-2-5-18-17-16-19-6-8-14-12-13-7-15,0-1-9-3-10-4-11-2-5-18-17-16-19-6-8-14-12-13-7-15,0-1-9-3-10-4-11-2-5-18-17-16-19-6-8-14-12-13-7-15
dense_20_118,229.022,225.384,223.815,217.123,205.868,203.504,223.688,223.926,224.358,224.383,231.586,226.479,209.419,101965256,439742,315277,430841,310692,276417,235906,419697,410036,414014,404640,422544,307317,0-1-2-10-3-7-4-9-8-12-13-14-16-11-15-5-6-17-18-19,0-1-2-10-3-7-4-9-8-12-13-14-16-11-15-5-6-17-18-19,0-1-2-10-3-7-4-9-8-12-13-14-16-11-15-5-6-17-18-19,0-1-2-10-3-7-4-9-8-12-13-14-16-11-15-5-6-17-18-19,0-1-2-10-3-7-4-9-8-12-13-14-16-11-15-5-6-17-18-19,0-1-2-10-3-7-4-9-8-12-13-14-16-11-15-5-6-17-18-19,0-1-2-10-3-7-4-9-8-12-13-14-16-11-15-5-6-17-18-19,0-1-2-10-3-7-4-9-8-12-13-14-16-11-15-5-6-17-18-19,0-1-2-10-3-7-4-9-8-12-13-14-16-11-15-5-6-17-18-19,0-1-2-10-3-7-4-9-8-12-13-14-16-11-15-5-6-17-18-19,0-1-2-10-3-7-4-9-8-12-13-14-16-11-15-5-6-17-18-19,0-1-2-10-3-7-4-9-8-12-13-14-16-11-15-5-6-17-18-19,0-1-2-10-3-7-4-9-8-12-13-14-16-11-15-5-6-17-18-19,0-1-2-10-3-7-4-9-8-12-13-14-16-11-15-5-6-17-18-19
dense_20_176,10.7331,11.0883,10.7253,10.9685,10.6927,10.8309,11.3514,11.2203,11.2712,11.4662,10.9948,10.9476,14.6554,22602095,419444,321112,410662,316120,273184,245489,400461,390357,399906,389812,408342,312718,5-18-6-3-4-16-2-7-8-9-17-19-13-14-15-10-12-0-1-11,5-18-6-3-4-16-2-7-8-9-17-19-13-14-15-10-12-0-1-11,5-18-6-3-4-16-2-7-8-9-17-19-13-14-15-10-12-0-1-11,5-18-6-3-4-16-2-7-8-9-17-19-13-14-15-10-12-0-1-11,5-18-6-3-4-16-2-7-8-9-17-19-13-14-15-10-12-0-1-11,5-18-6-3-4-16-2-7-8-9-17-19-13-14-15-10-12-0-1-11,5-18-6-3-4-16-2-7-8-9-17-19-13-14-15-10-12-0-1-11,5-18-6-3-4-16-2-7-8-9-17-19-13-14-15-10-12-0-1-11,5-18-6-3-4-16-2-7-8-9-17-19-13-14-15-10-12-0-1-11,5-18-6-3-4-16-2-7-8-9-17-19-13-14-15-10-12-0-1-11,5-18-6-3-4-16-2-7-8-9-17-19-13-14-15-10-12-0-1-11,5-18-6-3-4-16-2-7-8-9-17-19-13-14-15-10-12-0-1-11,5-18-6-3-4-16-2-7-8-9-17-19-13-14-15-10-12-0-1-11,5-18-6-3-4-16-2-7-8-9-17-19-13-14-15-10-12-0-1-11
dense_20_119,30.437,30.4809,30.2576,30.532,30.2663,30.6149,30.6932,30.7056,30.7524,30.9338,30.2906,30.5684,30.9835,500000000,277004,221108,178372,140374,40220,37547,72894,72748,66946,66876,76815,60406,11-6-10-3-1-2-5-12-13-0-4-14-16-15-17-18-9-7-8-19,11-6-10-3-1-2-5-12-13-0-4-14-16-15-17-18-9-7-8-19,11-6-10-3-1-2-5-12-13-0-4-14-16-15-17-18-9-7-8-19,11-6-10-3-1-2-5-12-13-0-4-14-16-15-17-18-9-7-8-19,11-6-10-3-1-2-5-12-13-0-4-14-16-15-17-18-9-7-8-19,11-6-10-3-1-2-5-12-13-0-4-14-16-15-17-18-9-7-8-19,11-6-10-3-1-2-5-12-13-0-4-14-16-15-17-18-9-7-8-19,11-6-10-3-1-2-5-12-13-0-4-14-16-15-17-18-9-7-8-19,11-6-10-3-1-2-5-12-13-0-4-14-16-15-17-18-9-7-8-19,11-6-10-3-1-2-5-12-13-0-4-14-16-15-17-18-9-7-8-19,11-6-10-3-1-2-5-12-13-0-4-14-16-15-17-18-9-7-8-19,11-6-10-3-1-2-5-12-13-0-4-14-16-15-17-18-9-7-8-19,11-6-10-3-1-2-5-12-13-0-4-14-16-15-17-18-9-7-8-19,11-6-10-3-1-2-5-12-13-0-4-14-16-15-17-18-9-7-8-19
dense_20_120,14.2613,14.558,14.322,14.5933,14.1937,14.4125,14.7399,14.75,14.9613,14.8276,14.3836,14.5142,18.2293,257145066,434061,339159,426003,334769,247085,213955,413724,398661,412779,397639,420413,324645,6-1-8-3-13-2-0-4-5-19-14-15-12-17-16-18-7-9-10-11,6-1-8-3-13-2-0-4-5-19-14-15-12-17-16-18-7-9-10-11,6-1-8-3-13-2-0-4-5-19-14-15-12-17-16-18-7-9-10-11,6-1-8-3-13-2-0-4-5-19-14-15-12-17-16-18-7-9-10-11,6-1-8-3-13-2-0-4-5-19-14-15-12-17-16-18-7-9-10-11,6-1-8-3-13-2-0-4-5-19-14-15-12-17-16-18-7-9-10-11,6-1-8-3-13-2-0-4-5-19-14-15-12-17-16-18-7-9-10-11,6-1-8-3-13-2-0-4-5-19-14-15-12-17-16-18-7-9-10-11,6-1-8-3-13-2-0-4-5-19-14-15-12-17-16-18-7-9-10-11,6-1-8-3-13-2-0-4-5-19-14-15-12-17-16-18-7-9-10-11,6-1-8-3-13-2-0-4-5-19-14-15-12-17-16-18-7-9-10-11,6-1-8-3-13-2-0-4-5-19-14-15-12-17-16-18-7-9-10-11,6-1-8-3-13-2-0-4-5-19-14-15-12-17-16-18-7-9-10-11,6-1-8-3-13-2-0-4-5-19-14-15-12-17-16-18-7-9-10-11
dense_20_66,70.8653,69.925,71.3833,69.0162,67.9805,67.8301,71.3548,72.1416,73.3724,72.5412,71.6558,70.8885,72.583,58949575,430590,320310,421755,315471,278340,242571,411480,401074,409838,399332,418207,310509,1-13-16-11-12-4-0-15-2-3-19-7-18-6-8-9-14-17-5-10,1-13-16-11-12-4-0-15-2-3-19-7-18-6-8-9-14-17-5-10,1-13-16-11-12-4-0-15-2-3-19-7-18-6-8-9-14-17-5-10,1-13-16-11-12-4-0-15-2-3-19-7-18-6-8-9-14-17-5-10,1-13-16-11-12-4-0-15-2-3-19-7-18-6-8-9-14-17-5-10,1-13-16-11-12-4-0-15-2-3-19-7-18-6-8-9-14-17-5-10,1-13-16-11-12-4-0-15-2-3-19-7-18-6-8-9-14-17-5-10,1-13-16-11-12-4-0-15-2-3-19-7-18-6-8-9-14-17-5-10,1-13-16-11-12-4-0-15-2-3-19-7-18-6-8-9-14-17-5-10,1-13-16-11-12-4-0-15-2-3-19-7-18-6-8-9-14-17-5-10,1-13-16-11-12-4-0-15-2-3-19-7-18-6-8-9-14-17-5-10,1-13-16-11-12-4-0-15-2-3-19-7-18-6-8-9-14-17-5-10,1-13-16-11-12-4-0-15-2-3-19-7-18-6-8-9-14-17-5-10,1-13-16-11-12-4-0-15-2-3-19-7-18-6-8-9-14-17-5-10
dense_20_150,198.239,186.865,185.64,181.746,298.686,181.351,187.736,185.31,186.242,185.543,191.271,187.987,178.892,111584726,426014,309103,417212,304163,266582,232256,405601,397240,403110,394945,411487,304139,6-11-5-0-1-2-13-3-4-8-10-7-9-17-18-19-15-12-14-16,6-11-5-0-1-2-13-3-4-8-10-7-9-17-18-19-15-12-14-16,6-11-5-0-1-2-13-3-4-8-10-7-9-17-18-19-15-12-14-16,6-11-5-0-1-2-13-3-4-8-10-7-9-17-18-19-15-12-14-16,6-11-5-0-1-2-13-3-4-8-10-7-9-17-18-19-15-12-14-16,6-11-5-0-1-2-13-3-4-8-10-7-9-17-18-19-15-12-14-16,6-11-5-0-1-2-13-3-4-8-10-7-9-17-18-19-15-12-14-16,6-11-5-0-1-2-13-3-4-8-10-7-9-17-18-19-15-12-14-16,6-11-5-0-1-2-13-3-4-8-10-7-9-17-18-19-15-12-14-16,6-11-5-0-1-2-13-3-4-8-10-7-9-17-18-19-15-12-14-16,6-11-5-0-1-2-13-3-4-8-10-7-9-17-18-19-15-12-14-16,6-11-5-0-1-2-13-3-4-8-10-7-9-17-18-19-15-12-14-16,6-11-5-0-1-2-13-3-4-8-10-7-9-17-18-19-15-12-14-16,6-11-5-0-1-2-13-3-4-8-10-7-9-17-18-19-15-12-14-16
dense_20_50,222.239,211.343,212.274,209.3,206.992,315.672,352.311,352.067,350.931,277.167,238.915,309.282,208.785,772817704,443128,322305,434287,317703,268129,232325,415108,403819,409979,399191,418463,313559,9-6-1-10-5-7-8-11-0-2-13-3-14-15-18-4-12-16-17-19,9-6-1-10-5-7-8-11-0-2-13-3-14-15-18-4-12-16-17-19,9-6-1-10-5-7-8-11-0-2-13-3-14-15-18-4-12-16-17-19,9-6-1-10-5-7-8-11-0-2-13-3-14-15-18-4-12-16-17-19,9-6-1-10-5-7-8-11-0-2-13-3-14-15-18-4-12-16-17-19,9-6-1-10-5-7-8-11-0-2-13-3-14-15-18-4-12-16-17-19,9-6-1-10-5-7-8-11-0-2-13-3-14-15-18-4-12-16-17-19,9-6-1-10-5-7-8-11-0-2-13-3-14-15-18-4-12-16-17-19,9-6-1-10-5-7-8-11-0-2-13-3-14-15-18-4-12-16-17-19,9-6-1-10-5-7-8-11-0-2-13-3-14-15-18-4-12-16-17-19,9-6-1-10-5-7-8-11-0-2-13-3-14-15-18-4-12-16-17-19,9-6-1-10-5-7-8-11-0-2-13-3-14-15-18-4-12-16-17-19,9-6-1-10-5-7-8-11-0-2-13-3-14-15-18-4-12-16-17-19,9-6-1-10-5-7-8-11-0-2-13-3-14-15-18-4-12-16-17-19
dense_20_152,5.74171,5.42202,5.69652,5.4351,4.97499,4.89919,6.22363,6.20048,6.16359,6.25098,5.88772,5.51867,8.17204,1455201,406997,284216,398770,280689,223592,189188,380617,368565,378753,366841,386720,272620,5-10-17-8-3-15-9-18-12-4-16-13-0-1-2-6-7-14-19-11,5-10-17-8-3-15-9-18-12-4-16-13-0-1-2-6-7-14-19-11,5-10-17-8-3-15-9-18-12-4-16-13-0-1-2-6-7-14-19-11,5-10-17-8-3-15-9-18-12-4-16-13-0-1-2-6-7-14-19-11,5-10-17-8-3-15-9-18-12-4-16-13-0-1-2-6-7-14-19-11,5-10-17-8-3-15-9-18-12-4-16-13-0-1-2-6-7-14-19-11,5-10-17-8-3-15-9-18-12-4-16-13-0-1-2-6-7-14-19-11,5-10-17-8-3-15-9-18-12-4-16-13-0-1-2-6-7-14-19-11,5-10-17-8-3-15-9-18-12-4-16-13-0-1-2-6-7-14-19-11,5-10-17-8-3-15-9-18-12-4-16-13-0-1-2-6-7-14-19-11,5-10-17-8-3-15-9-18-12-4-16-13-0-1-2-6-7-14-19-11,5-10-17-8-3-15-9-18-12-4-16-13-0-1-2-6-7-14-19-11,5-10-17-8-3-15-9-18-12-4-16-13-0-1-2-6-7-14-19-11,5-10-17-8-3-15-9-18-12-4-16-13-0-1-2-6-7-14-19-11
dense_20_153,7.30499,11.8279,11.8678,11.9683,11.4873,12.0083,12.7871,12.7779,12.791,12.8062,11.9012,11.895,17.5671,124061208,442251,321230,434100,317828,258045,219810,413431,399877,412520,399401,420313,309774,3-5-4-12-6-11-7-14-8-9-16-17-10-13-15-18-19-2-0-1,3-5-4-12-6-11-7-14-8-9-16-17-10-13-15-18-19-2-0-1,3-5-4-12-6-11-7-14-8-9-16-17-10-13-15-18-19-2-0-1,3-5-4-12-6-11-7-14-8-9-16-17-10-13-15-18-19-2-0-1,3-5-4-12-6-11-7-14-8-9-16-17-10-13-15-18-19-2-0-1,3-5-4-12-6-11-7-14-8-9-16-17-10-13-15-18-19-2-0-1,3-5-4-12-6-11-7-14-8-9-16-17-10-13-15-18-19-2-0-1,3-5-4-12-6-11-7-14-8-9-16-17-10-13-15-18-19-2-0-1,3-5-4-12-6-11-7-14-8-9-16-17-10-13-15-18-19-2-0-1,3-5-4-12-6-11-7-14-8-9-16-17-10-13-15-18-19-2-0-1,3-5-4-12-6-11-7-14-8-9-16-17-10-13-15-18-19-2-0-1,3-5-4-12-6-11-7-14-8-9-16-17-10-13-15-18-19-2-0-1,3-5-4-12-6-11-7-14-8-9-16-17-10-13-15-18-19-2-0-1,3-5-4-12-6-11-7-14-8-9-16-17-10-13-15-18-19-2-0-1
dense_20_155,276.471,226.465,274.677,274.24,192.162,161.297,168.968,173.863,165.473,166.502,165.364,166.554,168.098,1582535861,473207,342951,464850,338653,294633,250942,443671,429297,440456,426498,448621,328653,0-4-8-1-9-10-2-12-14-13-3-15-5-6-11-19-16-17-18-7,0-4-8-1-9-10-2-12-14-13-3-15-5-6-11-19-16-17-18-7,0-4-8-1-9-10-2-12-14-13-3-15-5-6-11-19-16-17-18-7,0-4-8-1-9-10-2-12-14-13-3-15-5-6-11-19-16-17-18-7,0-4-8-1-9-10-2-12-14-13-3-15-5-6-11-19-16-17-18-7,0-4-8-1-9-10-2-12-14-13-3-15-5-6-11-19-16-17-18-7,0-4-8-1-9-10-2-12-14-13-3-15-5-6-11-19-16-17-18-7,0-4-8-1-9-10-2-12-14-13-3-15-5-6-11-19-16-17-18-7,0-4-8-1-9-10-2-12-14-13-3-15-5-6-11-19-16-17-18-7,0-4-8-1-9-10-2-12-14-13-3-15-5-6-11-19-16-17-18-7,0-4-8-1-9-10-2-12-14-13-3-15-5-6-11-19-16-17-18-7,0-4-8-1-9-10-2-12-14-13-3-15-5-6-11-19-16-17-18-7,0-4-8-1-9-10-2-12-14-13-3-15-5-6-11-19-16-17-18-7,0-4-8-1-9-10-2-12-14-13-3-15-5-6-11-19-16-17-18-7
dense_20_156,144.495,136.624,202.695,197.104,124.254,123.3,124.865,126.485,125.139,125.431,124.673,123.757,126.312,1975044204,449585,338966,441189,335005,290240,253062,428421,414416,428193,414221,436065,329385,1-0-3-10-2-11-9-4-14-15-16-5-17-12-18-13-7-6-8-19,1-0-3-10-2-11-9-4-14-15-16-5-17-12-18-13-7-6-8-19,1-0-3-10-2-11-9-4-14-15-16-5-17-12-18-13-7-6-8-19,1-0-3-10-2-11-9-4-14-15-16-5-17-12-18-13-7-6-8-19,1-0-3-10-2-11-9-4-14-15-16-5-17-12-18-13-7-6-8-19,1-0-3-10-2-11-9-4-14-15-16-5-17-12-18-13-7-6-8-19,1-0-3-10-2-11-9-4-14-15-16-5-17-12-18-13-7-6-8-19,1-0-3-10-2-11-9-4-14-15-16-5-17-12-18-13-7-6-8-19,1-0-3-10-2-11-9-4-14-15-16-5-17-12-18-13-7-6-8-19,1-0-3-10-2-11-9-4-14-15-16-5-17-12-18-13-7-6-8-19,1-0-3-10-2-11-9-4-14-15-16-5-17-12-18-13-7-6-8-19,1-0-3-10-2-11-9-4-14-15-16-5-17-12-18-13-7-6-8-19,1-0-3-10-2-11-9-4-14-15-16-5-17-12-18-13-7-6-8-19,1-0-3-10-2-11-9-4-14-15-16-5-17-12-18-13-7-6-8-19
dense_20_104,0.102281,0.341898,0.112996,0.420482,0.138144,0.445583,0.588437,0.588283,0.606863,0.606472,0.130458,0.362506,1.91321,756566,365832,280987,306704,229573,81585,67869,195557,195533,190839,190813,201971,142064,8-11-13-18-7-10-6-9-14-15-16-17-12-1-0-2-3-19-5-4,8-11-13-18-7-10-6-9-14-15-16-17-12-1-0-2-3-19-5-4,8-11-13-18-7-10-6-9-14-15-16-17-12-1-0-2-3-19-5-4,8-11-13-18-7-10-6-9-14-15-16-17-12-1-0-2-3-19-5-4,8-11-13-18-7-10-6-9-14-15-16-17-12-1-0-2-3-19-5-4,8-11-13-18-7-10-6-9-14-15-16-17-12-1-0-2-3-19-5-4,8-11-13-18-7-10-6-9-14-15-16-17-12-1-0-2-3-19-5-4,8-11-13-18-7-10-6-9-14-15-16-17-12-1-0-2-3-19-5-4,8-11-13-18-7-10-6-9-14-15-16-17-12-1-0-2-3-19-5-4,8-11-13-18-7-10-6-9-14-15-16-17-12-1-0-2-3-19-5-4,8-11-13-18-7-10-6-9-14-15-16-17-12-1-0-2-3-19-5-4,8-11-13-18-7-10-6-9-14-15-16-17-12-1-0-2-3-19-5-4,8-11-13-18-7-10-6-9-14-15-16-17-12-1-0-2-3-19-5-4,8-11-13-18-7-10-6-9-14-15-16-17-12-1-0-2-3-19-5-4
dense_20_158,1.75701,1.70896,1.70676,1.74955,1.21072,1.33064,2.12177,2.11401,2.13675,2.15151,1.66369,1.63332,2.93761,2553,342629,235879,296504,197017,99880,75852,228137,228137,226563,225040,228607,144814,4-9-11-12-6-13-18-10-16-17-7-14-8-15-2-5-0-1-3-19,4-9-11-12-6-13-18-10-16-17-7-14-8-15-2-5-0-1-3-19,4-9-11-12-6-13-18-10-16-17-7-14-8-15-2-5-0-1-3-19,4-9-11-12-6-13-18-10-16-17-7-14-8-15-2-5-0-1-3-19,4-9-11-12-6-13-18-10-16-17-7-14-8-15-2-5-0-1-3-19,4-9-11-12-6-13-18-10-16-17-7-14-8-15-2-5-0-1-3-19,4-9-11-12-6-13-18-10-16-17-7-14-8-15-2-5-0-1-3-19,4-9-11-12-6-13-18-10-16-17-7-14-8-15-2-5-0-1-3-19,4-9-11-12-6-13-18-10-16-17-7-14-8-15-2-5-0-1-3-19,4-9-11-12-6-13-18-10-16-17-7-14-8-15-2-5-0-1-3-19,4-9-11-12-6-13-18-10-16-17-7-14-8-15-2-5-0-1-3-19,4-9-11-12-6-13-18-10-16-17-7-14-8-15-2-5-0-1-3-19,4-9-11-12-6-13-18-10-16-17-7-14-8-15-2-5-0-1-3-19,4-9-11-12-6-13-18-10-16-17-7-14-8-15-2-5-0-1-3-19
dense_20_5,291.272,358.145,279.504,282.252,282.44,283.597,289.658,280.097,284.144,293.739,280.826,279.904,284.1,5000000000,491670,379402,483881,375576,307993,276202,465911,454933,464506,453653,472014,364966,11-7-15-6-8-5-14-12-2-0-1-9-4-3-10-13-16-18-17-19,11-7-15-6-8-5-14-12-2-0-1-9-4-3-10-13-16-18-17-19,11-7-15-6-8-5-14-12-2-0-1-9-4-3-10-13-16-18-17-19,11-7-15-6-8-5-14-12-2-0-1-9-4-3-10-13-16-18-17-19,11-7-15-6-8-5-14-12-2-0-1-9-4-3-10-13-16-18-17-19,11-7-15-6-8-5-14-12-2-0-1-9-4-3-10-13-16-18-17-19,11-7-15-6-8-5-14-12-2-0-1-9-4-3-10-13-16-18-17-19,11-7-15-6-8-5-14-12-2-0-1-9-4-3-10-13-16-18-17-19,11-7-15-6-8-5-14-12-2-0-1-9-4-3-10-13-16-18-17-19,11-7-15-6-8-5-14-12-2-0-1-9-4-3-10-13-16-18-17-19,11-7-15-6-8-5-14-12-2-0-1-9-4-3-10-13-16-18-17-19,11-7-15-6-8-5-14-12-2-0-1-9-4-3-10-13-16-18-17-19,11-7-15-6-8-5-14-12-2-0-1-9-4-3-10-13-16-18-17-19,11-7-15-6-8-5-14-12-2-0-1-9-4-3-10-13-16-18-17-19
dense_20_106,0.0230356,0.261826,0.0206501,0.307956,0.0176427,0.306185,0.48883,0.48874,0.488774,0.488371,0.0122829,0.250091,0.22255,26424,98868,68540,16378,14375,1300,1285,4450,4447,1137,1136,2529,2425,0-1-3-14-5-2-6-10-15-8-13-4-9-17-7-16-19-11-12-18,0-1-3-14-5-2-6-10-15-8-13-4-9-17-7-16-19-11-12-18,0-1-3-14-5-2-6-10-15-8-13-4-9-17-7-16-19-11-12-18,0-1-3-14-5-2-6-10-15-8-13-4-9-17-7-16-19-11-12-18,0-1-3-14-5-2-6-10-15-8-13-4-9-17-7-16-19-11-12-18,0-1-3-14-5-2-6-10-15-8-13-4-9-17-7-16-19-11-12-18,0-1-3-14-5-2-6-10-15-8-13-4-9-17-7-16-19-11-12-18,0-1-3-14-5-2-6-10-15-8-13-4-9-17-7-16-19-11-12-18,0-1-3-14-5-2-6-10-15-8-13-4-9-17-7-16-19-11-12-18,0-1-3-14-5-2-6-10-15-8-13-4-9-17-7-16-19-11-12-18,0-1-3-14-5-2-6-10-15-8-13-4-9-17-7-16-19-11-12-18,0-1-3-14-5-2-6-10-15-8-13-4-9-17-7-16-19-11-12-18,0-1-3-14-5-2-6-10-15-8-13-4-9-17-7-16-19-11-12-18,0-1-3-14-5-2-6-10-15-8-13-4-9-17-7-16-19-11-12-18
dense_20_159,77.5493,76.3558,76.4935,75.2561,71.8319,71.6444,76.774,76.6551,77.528,76.8259,110.431,127.048,126.737,36806383,430590,320545,421755,315466,275615,241910,409998,397935,407407,395515,415774,311506,11-12-1-13-4-0-3-15-2-6-17-5-7-8-9-14-18-19-10-16,11-12-1-13-4-0-3-15-2-6-17-5-7-8-9-14-18-19-10-16,11-12-1-13-4-0-3-15-2-6-17-5-7-8-9-14-18-19-10-16,11-12-1-13-4-0-3-15-2-6-17-5-7-8-9-14-18-19-10-16,11-12-1-13-4-0-3-15-2-6-17-5-7-8-9-14-18-19-10-16,11-12-1-13-4-0-3-15-2-6-17-5-7-8-9-14-18-19-10-16,11-12-1-13-4-0-3-15-2-6-17-5-7-8-9-14-18-19-10-16,11-12-1-13-4-0-3-15-2-6-17-5-7-8-9-14-18-19-10-16,11-12-1-13-4-0-3-15-2-6-17-5-7-8-9-14-18-19-10-16,11-12-1-13-4-0-3-15-2-6-17-5-7-8-9-14-18-19-10-16,11-12-1-13-4-0-3-15-2-6-17-5-7-8-9-14-18-19-10-16,11-12-1-13-4-0-3-15-2-6-17-5-7-8-9-14-18-19-10-16,11-12-1-13-4-0-3-15-2-6-17-5-7-8-9-14-18-19-10-16,11-12-1-13-4-0-3-15-2-6-17-5-7-8-9-14-18-19-10-16
dense_20_55,159.367,153.202,153.503,148.521,146.282,142.607,156.04,157.889,158.161,182.369,254.055,248.48,223.54,269489894,443068,313706,434269,309147,278819,236083,418981,409012,417022,406821,425404,305623,5-16-17-11-19-12-6-18-0-4-13-2-10-15-3-8-9-14-1-7,5-16-17-11-19-12-6-18-0-4-13-2-10-15-3-8-9-14-1-7,5-16-17-11-19-12-6-18-0-4-13-2-10-15-3-8-9-14-1-7,5-16-17-11-19-12-6-18-0-4-13-2-10-15-3-8-9-14-1-7,5-16-17-11-19-12-6-18-0-4-13-2-10-15-3-8-9-14-1-7,5-16-17-11-19-12-6-18-0-4-13-2-10-15-3-8-9-14-1-7,5-16-17-11-19-12-6-18-0-4-13-2-10-15-3-8-9-14-1-7,5-16-17-11-19-12-6-18-0-4-13-2-10-15-3-8-9-14-1-7,5-16-17-11-19-12-6-18-0-4-13-2-10-15-3-8-9-14-1-7,5-16-17-11-19-12-6-18-0-4-13-2-10-15-3-8-9-14-1-7,5-16-17-11-19-12-6-18-0-4-13-2-10-15-3-8-9-14-1-7,5-16-17-11-19-12-6-18-0-4-13-2-10-15-3-8-9-14-1-7,5-16-17-11-19-12-6-18-0-4-13-2-10-15-3-8-9-14-1-7,5-16-17-11-19-12-6-18-0-4-13-2-10-15-3-8-9-14-1-7
dense_20_6,201.214,200.156,210.936,176.523,199.718,198.075,121.018,120.498,122.767,200.605,209.52,120.657,122.068,200214331,435166,320182,426298,315399,267840,232964,413163,401281,408178,396546,416612,310699,9-18-13-16-3-17-0-4-5-2-15-1-8-12-19-10-11-14-6-7,9-18-13-16-3-17-0-4-5-2-15-1-8-12-19-10-11-14-6-7,9-18-13-16-3-17-0-4-5-2-15-1-8-12-19-10-11-14-6-7,9-18-13-16-3-17-0-4-5-2-15-1-8-12-19-10-11-14-6-7,9-18-13-16-3-17-0-4-5-2-15-1-8-12-19-10-11-14-6-7,9-18-13-16-3-17-0-4-5-2-15-1-8-12-19-10-11-14-6-7,9-18-13-16-3-17-0-4-5-2-15-1-8-12-19-10-11-14-6-7,9-18-13-16-3-17-0-4-5-2-15-1-8-12-19-10-11-14-6-7,9-18-13-16-3-17-0-4-5-2-15-1-8-12-19-10-11-14-6-7,9-18-13-16-3-17-0-4-5-2-15-1-8-12-19-10-11-14-6-7,9-18-13-16-3-17-0-4-5-2-15-1-8-12-19-10-11-14-6-7,9-18-13-16-3-17-0-4-5-2-15-1-8-12-19-10-11-14-6-7,9-18-13-16-3-17-0-4-5-2-15-1-8-12-19-10-11-14-6-7,9-18-13-16-3-17-0-4-5-2-15-1-8-12-19-10-11-14-6-7
dense_20_107,138.673,201.113,223.681,206.874,191.87,190.956,227.937,227.048,227.554,226.265,231.47,218.175,142.449,51501574,424022,310145,415151,305491,272460,230025,405594,395739,403121,393564,411443,302421,0-4-5-1-13-2-3-14-15-16-8-17-7-9-10-11-18-19-6-12,0-4-5-1-13-2-3-14-15-16-8-17-7-9-10-11-18-19-6-12,0-4-5-1-13-2-3-14-15-16-8-17-7-9-10-11-18-19-6-12,0-4-5-1-13-2-3-14-15-16-8-17-7-9-10-11-18-19-6-12,0-4-5-1-13-2-3-14-15-16-8-17-7-9-10-11-18-19-6-12,0-4-5-1-13-2-3-14-15-16-8-17-7-9-10-11-18-19-6-12,0-4-5-1-13-2-3-14-15-16-8-17-7-9-10-11-18-19-6-12,0-4-5-1-13-2-3-14-15-16-8-17-7-9-10-11-18-19-6-12,0-4-5-1-13-2-3-14-15-16-8-17-7-9-10-11-18-19-6-12,0-4-5-1-13-2-3-14-15-16-8-17-7-9-10-11-18-19-6-12,0-4-5-1-13-2-3-14-15-16-8-17-7-9-10-11-18-19-6-12,0-4-5-1-13-2-3-14-15-16-8-17-7-9-10-11-18-19-6-12,0-4-5-1-13-2-3-14-15-16-8-17-7-9-10-11-18-19-6-12,0-4-5-1-13-2-3-14-15-16-8-17-7-9-10-11-18-19-6-12
dense_20_8,4.96942,5.16977,4.99429,8.62778,8.10586,8.60219,9.14093,9.09549,9.16969,9.14976,8.25651,8.61291,13.9949,56158548,418143,319275,409863,314984,261697,231813,402169,390105,401646,389641,409596,309271,1-0-2-3-10-4-8-5-9-15-11-12-16-6-7-18-17-19-14-13,1-0-2-3-10-4-8-5-9-15-11-12-16-6-7-18-17-19-14-13,1-0-2-3-10-4-8-5-9-15-11-12-16-6-7-18-17-19-14-13,1-0-2-3-10-4-8-5-9-15-11-12-16-6-7-18-17-19-14-13,1-0-2-3-10-4-8-5-9-15-11-12-16-6-7-18-17-19-14-13,1-0-2-3-10-4-8-5-9-15-11-12-16-6-7-18-17-19-14-13,1-0-2-3-10-4-8-5-9-15-11-12-16-6-7-18-17-19-14-13,1-0-2-3-10-4-8-5-9-15-11-12-16-6-7-18-17-19-14-13,1-0-2-3-10-4-8-5-9-15-11-12-16-6-7-18-17-19-14-13,1-0-2-3-10-4-8-5-9-15-11-12-16-6-7-18-17-19-14-13,1-0-2-3-10-4-8-5-9-15-11-12-16-6-7-18-17-19-14-13,1-0-2-3-10-4-8-5-9-15-11-12-16-6-7-18-17-19-14-13,1-0-2-3-10-4-8-5-9-15-11-12-16-6-7-18-17-19-14-13,1-0-2-3-10-4-8-5-9-15-11-12-16-6-7-18-17-19-14-13
dense_20_9,55.9818,54.1515,34.7598,34.0664,33.2632,32.6934,35.1233,35.4246,35.0648,35.2828,35.4422,34.4921,36.8718,84447091,438441,320396,430042,316518,261060,224215,412750,397459,409822,394698,417979,306644,0-2-10-1-3-8-13-12-15-11-16-9-14-17-4-18-5-7-19-6,0-2-10-1-3-8-13-12-15-11-16-9-14-17-4-18-5-7-19-6,0-2-10-1-3-8-13-12-15-11-16-9-14-17-4-18-5-7-19-6,0-2-10-1-3-8-13-12-15-11-16-9-14-17-4-18-5-7-19-6,0-2-10-1-3-8-13-12-15-11-16-9-14-17-4-18-5-7-19-6,0-2-10-1-3-8-13-12-15-11-16-9-14-17-4-18-5-7-19-6,0-2-10-1-3-8-13-12-15-11-16-9-14-17-4-18-5-7-19-6,0-2-10-1-3-8-13-12-15-11-16-9-14-17-4-18-5-7-19-6,0-2-10-1-3-8-13-12-15-11-16-9-14-17-4-18-5-7-19-6,0-2-10-1-3-8-13-12-15-11-16-9-14-17-4-18-5-7-19-6,0-2-10-1-3-8-13-12-15-11-16-9-14-17-4-18-5-7-19-6,0-2-10-1-3-8-13-12-15-11-16-9-14-17-4-18-5-7-19-6,0-2-10-1-3-8-13-12-15-11-16-9-14-17-4-18-5-7-19-6,0-2-10-1-3-8-13-12-15-11-16-9-14-17-4-18-5-7-19-6
dense_20_59,12.9573,9.05438,13.1873,9.0909,3.06536,3.10475,13.2252,13.2231,13.47,13.3365,12.9706,8.98988,6.73888,2418304,405205,295816,397105,292543,235798,206565,385370,376659,384810,376151,392652,289820,12-6-16-2-5-7-14-13-15-17-3-0-11-1-4-18-9-8-10-19,12-6-16-2-5-7-14-13-15-17-3-0-11-1-4-18-9-8-10-19,12-6-16-2-5-7-14-13-15-17-3-0-11-1-4-18-9-8-10-19,12-6-16-2-5-7-14-13-15-17-3-0-11-1-4-18-9-8-10-19,12-6-16-2-5-7-14-13-15-17-3-0-11-1-4-18-9-8-10-19,12-6-16-2-5-7-14-13-15-17-3-0-11-1-4-18-9-8-10-19,12-6-16-2-5-7-14-13-15-17-3-0-11-1-4-18-9-8-10-19,12-6-16-2-5-7-14-13-15-17-3-0-11-1-4-18-9-8-10-19,12-6-16-2-5-7-14-13-15-17-3-0-11-1-4-18-9-8-10-19,12-6-16-2-5-7-14-13-15-17-3-0-11-1-4-18-9-8-10-19,12-6-16-2-5-7-14-13-15-17-3-0-11-1-4-18-9-8-10-19,12-6-16-2-5-7-14-13-15-17-3-0-11-1-4-18-9-8-10-19,12-6-16-2-5-7-14-13-15-17-3-0-11-1-4-18-9-8-10-19,12-6-16-2-5-7-14-13-15-17-3-0-11-1-4-18-9-8-10-19
dense_20_11,404.53,323.317,268.533,382.626,371.573,229.514,232.045,232.738,234.338,234.183,233.201,232.663,281.43,1171552664,431922,307402,423176,303014,260629,218366,412478,401636,406712,396113,415022,296763,0-1-15-2-13-5-14-4-3-16-17-8-18-7-9-10-11-19-6-12,0-1-15-2-13-5-14-4-3-16-17-8-18-7-9-10-11-19-6-12,0-1-15-2-13-5-14-4-3-16-17-8-18-7-9-10-11-19-6-12,0-1-15-2-13-5-14-4-3-16-17-8-18-7-9-10-11-19-6-12,0-1-15-2-13-5-14-4-3-16-17-8-18-7-9-10-11-19-6-12,0-1-15-2-13-5-14-4-3-16-17-8-18-7-9-10-11-19-6-12,0-1-15-2-13-5-14-4-3-16-17-8-18-7-9-10-11-19-6-12,0-1-15-2-13-5-14-4-3-16-17-8-18-7-9-10-11-19-6-12,0-1-15-2-13-5-14-4-3-16-17-8-18-7-9-10-11-19-6-12,0-1-15-2-13-5-14-4-3-16-17-8-18-7-9-10-11-19-6-12,0-1-15-2-13-5-14-4-3-16-17-8-18-7-9-10-11-19-6-12,0-1-15-2-13-5-14-4-3-16-17-8-18-7-9-10-11-19-6-12,0-1-15-2-13-5-14-4-3-16-17-8-18-7-9-10-11-19-6-12,0-1-15-2-13-5-14-4-3-16-17-8-18-7-9-10-11-19-6-12
