poisson_30_0,2400279147,260332237,2234773416,239961651,144559455,166171400,395659730,395659680,371147734,371147698,407570651,260925168,14675074,10000,119.867,11.2155,110.218,11.3507,8.08011,7.89642,21.2478,22.2135,20.9324,20.3135,22.1641,11.0852,17.0485,10000,813801,695879,802806,688555,613750,582582,777100,764753,776132,763704,787046,675195,582497,23-15-25-4-8-9-11-13-21-1-3-10-12-17-19-20-26-28-27-14-18-22-24-5-29-0-2-6-7-16,23-15-25-13-8-9-4-11-21-26-17-1-20-12-19-28-10-3-27-22-14-18-24-5-29-16-0-2-6-7,23-15-25-4-8-9-11-13-21-1-3-10-12-17-19-20-26-28-27-14-18-22-24-5-29-0-2-6-7-16,23-15-25-13-8-9-4-11-21-26-17-1-20-12-19-28-10-3-27-22-14-18-24-5-29-16-0-2-6-7,23-15-8-13-25-9-4-21-11-1-20-17-26-12-28-19-10-3-27-22-14-24-18-5-29-16-6-2-0-7,23-15-8-13-25-9-4-11-21-17-1-20-26-12-28-19-10-3-27-22-14-18-24-5-29-16-6-0-2-7,23-15-25-8-9-13-4-11-21-12-26-19-1-3-17-20-28-10-27-14-22-24-18-5-29-16-0-6-2-7,23-15-25-8-9-13-4-11-21-12-26-19-1-3-17-20-28-10-27-14-22-24-18-5-29-16-0-6-2-7,23-15-25-8-13-9-4-11-21-12-26-1-19-17-20-28-3-10-27-14-22-24-18-5-29-16-6-0-2-7,23-15-25-8-13-9-4-11-21-12-26-1-19-17-20-28-3-10-27-14-22-24-18-5-29-16-0-6-2-7,23-15-25-8-13-9-4-11-21-12-26-1-19-17-20-28-3-10-27-14-22-24-18-5-29-16-0-6-2-7,23-15-25-13-8-9-11-4-21-26-17-1-20-12-19-28-10-3-27-22-14-18-24-5-29-16-6-0-2-7,23-15-8-13-25-9-4-11-17-20-1-26-21-12-28-19-10-3-27-22-14-18-24-5-29-16-6-0-2-7,0.0685044,0.369426,0.116699,0.481444,0.19969,0.576879,0.630707,0.633962,0.65136,0.659324,0.150633,0.398125,16.4157,119.798,10.8461,110.101,10.8693,7.88042,7.31954,20.617,21.5795,20.2811,19.6541,22.0134,10.687,0.632799
poisson_30_10,221509966,3917993,201463910,3788984,5409746,73707786,7428361887,7151961035,289467549,268018408,273867994,4256872,67776349,10000,10.0254,0.611363,8.86669,1.02158,0.466545,3.4125,317.779,318.392,10.0797,9.27077,8.79611,0.602981,20.4746,10000,796018,651503,783477,642377,591079,543236,757908,747283,753220,745843,765289,632975,534907,1-28-5-14-23-26-9-10-24-19-7-8-12-17-25-2-3-4-6-11-13-15-16-18-20-21-27-29-0-22,1-28-14-5-26-23-24-19-7-17-12-9-25-8-10-3-29-20-27-16-18-2-4-15-13-21-6-11-0-22,1-28-5-14-23-26-9-10-24-19-7-8-12-17-25-2-3-4-6-11-13-15-16-18-20-21-27-29-0-22,1-28-14-5-26-23-24-19-7-17-12-9-25-8-10-3-29-20-27-16-18-2-4-15-13-21-6-11-0-22,1-28-14-26-5-23-24-19-7-12-10-17-8-25-9-16-18-2-4-29-21-3-15-13-11-27-20-6-22-0,1-28-14-5-26-23-24-19-7-12-8-25-9-17-10-16-18-29-3-2-27-20-4-21-15-13-11-6-22-0,19-7-24-14-1-28-5-26-23-17-8-12-10-25-9-16-4-15-3-18-13-11-2-29-27-20-6-21-0-22,19-7-24-14-1-28-5-26-23-17-8-12-10-25-9-15-16-4-3-18-13-11-2-29-27-6-20-21-0-22,1-28-14-26-5-23-24-19-7-17-10-25-8-12-9-16-15-2-4-18-21-13-3-29-6-27-20-11-22-0,1-28-14-5-26-23-24-19-7-17-9-12-10-25-8-2-4-16-15-18-21-13-3-29-6-20-27-11-22-0,1-28-5-14-26-23-24-19-7-17-9-10-25-12-8-2-4-16-15-18-21-13-3-29-11-6-20-27-22-0,1-28-14-5-26-23-24-19-7-17-12-9-25-8-10-3-29-20-27-16-18-2-4-15-21-13-11-6-0-22,1-28-5-26-14-23-24-19-7-25-12-8-9-17-10-18-16-27-29-20-3-2-4-21-13-15-11-6-22-0,0.0709939,0.427079,0.159547,0.742305,0.258685,0.625827,0.649673,0.623655,0.629571,0.6481,0.155376,0.418511,17.9785,9.95437,0.184284,8.70714,0.27928,0.207861,2.78667,317.129,317.768,9.4501,8.62267,8.64074,0.18447,2.49605
poisson_30_11,298098841,33705770,284669521,32475504,30713906,4571562,43729301,43727882,44947316,44947316,46823682,33707189,1404520,10000,13.9971,1.77834,12.8459,1.87301,1.58611,0.785149,2.48431,2.52705,2.60278,3.0247,2.23825,2.20441,19.0814,10000,930436,797098,920785,790864,705188,660885,882273,871392,880424,869375,890321,760556,656005,14-2-3-9-26-0-11-17-29-7-16-8-18-19-22-23-28-12-13-15-20-25-1-4-5-6-10-21-24-27,14-2-26-0-11-9-17-3-29-23-18-7-16-19-8-22-28-13-25-15-12-20-4-5-24-1-6-10-21-27,14-2-3-9-26-0-11-17-29-7-16-8-18-19-22-23-28-12-13-15-20-25-1-4-5-6-10-21-24-27,14-2-26-0-11-9-17-3-29-23-18-7-16-19-8-22-28-13-25-15-12-20-4-5-24-1-6-10-21-27,14-2-26-0-9-11-29-17-3-23-18-16-19-7-8-22-28-13-15-25-12-20-4-24-5-1-27-21-6-10,14-2-26-0-11-9-17-29-23-3-18-7-19-16-8-22-13-28-25-15-12-20-4-24-5-1-27-21-6-10,14-2-3-9-29-26-0-11-17-19-7-18-23-16-8-28-22-15-12-13-20-25-4-5-24-1-21-27-6-10,14-2-3-9-29-26-0-11-17-19-7-18-23-16-8-28-22-15-12-13-20-25-4-5-24-1-6-10-21-27,14-2-9-29-3-26-0-11-17-19-7-16-18-23-8-22-28-15-12-13-20-25-4-5-24-1-21-27-6-10,14-2-9-29-3-26-0-11-17-19-7-16-18-23-8-22-28-15-12-13-20-25-4-5-24-1-21-27-6-10,14-2-9-29-3-26-0-11-17-19-7-16-18-23-8-22-28-15-12-13-20-25-4-5-24-1-21-27-6-10,14-2-26-0-11-9-17-3-29-23-18-7-16-19-8-22-28-13-25-15-12-20-4-24-5-1-21-27-6-10,14-2-26-0-11-17-23-9-29-18-3-7-16-19-8-25-13-22-28-15-12-20-4-24-5-1-21-27-6-10,0.0679631,0.339243,0.101437,0.48604,0.204835,0.574783,0.60115,0.61773,0.623533,0.654474,0.15563,0.602021,18.9713,13.9291,1.4391,12.7444,1.38697,1.38127,0.210366,1.88316,1.90932,1.97925,2.37022,2.08262,1.60239,0.110022
poisson_30_30,2290581806,2481397735,2093315395,2260090350,3724847845,11378891,2067699539,2141408886,2794887354,2794887354,3101763997,2484748757,2766487579,10000,90.2848,96.2505,78.0545,89.1274,177.955,1.03286,88.2007,90.7373,127.802,127.778,154.324,96.0838,128.688,10000,858410,711936,847962,704702,604032,569598,793708,779864,790836,776837,801358,672394,577331,23-6-19-9-2-12-7-16-28-29-8-10-14-22-25-11-26-5-15-18-20-21-24-27-0-1-3-4-13-17,23-6-19-9-12-16-28-2-7-29-22-10-25-8-26-14-11-15-20-27-5-24-18-21-3-13-4-17-0-1,23-6-19-9-2-12-7-16-28-29-8-10-14-22-25-11-26-5-15-18-20-21-24-27-0-1-3-4-13-17,23-6-19-9-12-16-28-2-7-29-22-10-25-8-26-14-11-15-20-27-5-24-18-21-3-13-4-17-0-1,23-6-19-9-12-28-7-16-2-29-10-22-25-26-20-8-14-11-27-15-24-5-21-18-13-3-17-4-1-0,6-23-19-12-9-28-16-7-2-29-10-22-25-26-20-14-8-11-15-27-5-24-21-18-13-3-17-4-1-0,23-6-19-9-16-28-12-29-7-2-14-22-26-10-25-11-8-15-5-27-20-24-18-21-3-13-4-17-1-0,23-6-19-9-16-28-12-29-7-2-14-22-26-10-25-11-8-5-15-27-20-24-18-21-3-13-4-17-1-0,23-6-19-9-28-16-2-12-29-7-14-22-25-26-10-8-11-27-15-5-20-24-18-21-3-13-17-4-1-0,23-6-19-9-28-16-2-12-29-7-14-22-25-26-10-8-11-27-15-5-20-24-18-21-3-13-17-4-1-0,23-6-19-9-28-16-2-12-29-7-14-22-25-26-10-8-11-27-5-15-20-24-18-21-3-13-17-4-1-0,23-6-19-9-12-16-28-2-7-29-22-10-25-26-8-14-11-15-20-27-5-24-18-21-13-3-17-4-1-0,23-6-19-12-9-28-7-16-2-10-29-22-25-26-8-14-20-11-15-27-5-24-21-18-13-3-17-4-1-0,0.0665574,0.338031,0.102981,0.482892,0.214743,0.590578,0.621996,0.621866,0.64572,0.642344,0.144142,0.410724,16.9352,90.2183,95.9125,77.9515,88.6445,177.74,0.442279,87.5787,90.1154,127.156,127.136,154.18,95.6731,111.753
poisson_30_31,4318781436,101568731,3925401302,97430252,80991318,77693963,113065349,113039528,113064954,113039417,118622099,101566996,1556203,0,357.282,6.65014,318.99,6.26878,4.13732,4.68203,5.84989,5.71268,5.79359,5.70956,5.51697,6.42498,12.0241,0,746873,581346,736285,576163,410725,369503,671528,648611,669665,647179,679719,525340,394414,0-5-7-9-10-13-16-1-23-22-17-28-4-11-12-19-20-25-27-29-2-3-8-14-15-6-18-21-24-26,7-5-0-9-16-10-13-28-1-23-22-17-4-11-12-19-20-25-27-29-14-8-15-2-3-6-18-21-26-24,0-5-7-9-10-13-16-1-23-22-17-28-4-11-12-19-20-25-27-29-2-3-8-14-15-6-18-21-24-26,7-5-0-9-16-10-13-28-1-23-22-17-4-11-12-19-20-25-27-29-14-8-15-2-3-6-18-21-26-24,5-9-7-0-28-16-10-13-1-23-17-22-11-4-19-12-27-20-25-29-14-15-2-8-3-6-18-26-21-24,5-9-7-0-28-16-1-10-13-17-23-22-4-11-12-19-27-20-25-29-14-15-8-2-3-6-18-26-21-24,0-5-7-9-16-10-13-28-17-1-23-22-19-27-4-11-12-25-29-20-2-14-15-3-8-6-18-21-26-24,0-5-7-9-16-10-13-28-17-1-23-22-19-27-4-11-12-25-29-20-2-14-15-3-8-6-18-21-26-24,0-5-7-9-16-10-13-28-17-1-23-22-19-27-4-11-12-25-20-29-14-2-15-3-8-6-18-21-26-24,0-5-7-9-16-10-13-28-17-1-23-22-19-27-4-11-12-25-20-29-2-14-15-3-8-6-18-21-26-24,0-5-7-9-16-10-13-28-17-1-23-22-19-27-4-11-12-25-20-29-2-14-15-3-8-6-18-21-26-24,7-5-0-9-16-10-13-28-1-23-22-17-4-11-12-19-25-20-27-29-14-8-15-2-3-6-18-26-21-24,9-5-7-0-28-1-16-10-13-4-17-23-22-11-12-19-20-27-25-29-14-8-15-3-2-18-26-6-21-24,0.0690227,0.327327,0.10503,0.471886,0.18797,0.559432,0.617305,0.602283,0.609431,0.63347,0.141716,0.381189,11.9465,357.213,6.32281,318.885,5.79689,3.94935,4.1226,5.23258,5.11039,5.18416,5.07609,5.37526,6.04379,0.0776095
poisson_30_12,3267971186,1174424181,2763180414,1058920299,36271586,51912544,1935130653,1935067187,148960020,1282969691,1519354046,1174721566,145242979,0,318.263,69.9325,266.008,57.1155,2.41279,4.94114,190.608,189.272,12.5723,80.8943,95.4592,63.2931,17.335,0,542391,379495,530015,373579,248028,218397,504468,493269,502955,491920,515026,365069,213117,21-17-25-18-8-13-23-10-3-11-14-16-22-28-29-1-2-5-6-7-12-15-19-24-27-0-4-20-26-9,21-25-18-17-8-23-10-3-13-16-22-11-29-14-28-1-5-7-27-19-24-15-2-12-6-4-20-0-26-9,21-17-25-18-8-13-23-10-3-11-14-16-22-28-29-1-2-5-6-7-12-15-19-24-27-0-4-20-26-9,21-25-18-17-8-23-13-10-3-16-22-11-29-14-28-1-5-7-27-19-24-15-2-12-6-4-20-0-26-9,21-25-18-8-17-23-11-3-29-10-16-22-28-13-14-1-19-5-6-27-12-24-7-2-15-20-4-26-0-9,21-25-18-17-8-23-10-3-11-16-29-22-13-28-14-1-19-5-6-27-24-12-7-2-15-20-4-26-0-9,21-17-25-18-8-13-23-10-3-11-29-14-16-22-28-6-12-1-7-19-27-5-24-15-2-26-4-20-0-9,21-17-25-18-8-13-23-10-3-11-29-14-16-22-28-6-12-1-7-5-19-27-24-2-15-26-4-20-0-9,21-17-25-18-8-23-13-29-11-3-10-16-22-14-28-6-12-1-2-7-19-27-5-24-15-26-4-20-0-9,21-17-25-18-8-23-13-11-3-29-10-16-22-14-28-6-12-1-2-7-19-27-5-24-15-26-4-20-0-9,21-17-25-18-8-23-13-11-3-29-10-16-22-14-28-6-12-1-2-7-19-27-5-24-15-26-4-20-0-9,21-25-18-17-8-23-10-3-13-16-22-11-29-14-28-1-7-27-5-19-24-15-2-12-6-4-20-0-26-9,18-25-21-8-17-10-3-23-11-29-16-22-28-13-14-1-27-19-5-7-24-6-15-12-2-20-4-0-26-9,0.0682436,0.311805,0.0973057,0.460249,0.180388,0.544731,0.605132,0.594513,0.639123,0.632208,0.149353,0.374422,9.12271,318.195,69.6207,265.91,56.6553,2.2324,4.39641,190.003,188.678,11.9332,80.2621,95.3098,62.9187,8.21232
poisson_30_32,1749608591,536479986,1537155469,463665353,1128927,817329,115999045,115925705,100310645,100252063,112862357,117494095,3189067,0,92.7692,22.9232,83.0526,20.3882,0.283352,0.644526,7.40708,7.23643,6.40958,6.31089,6.44705,6.83445,13.7943,0,810421,636869,800749,631969,484601,438946,733150,707424,726318,701449,736241,581297,458939,24-22-27-26-6-3-14-1-11-16-21-25-4-0-8-9-12-15-20-29-5-10-17-2-7-13-18-19-23-28,24-22-27-26-6-3-14-11-25-16-21-1-29-12-4-20-8-9-0-15-17-10-5-2-18-7-23-13-19-28,24-22-27-26-6-3-14-1-11-16-21-25-4-0-8-9-12-15-20-29-5-10-17-2-7-13-18-19-23-28,24-22-27-26-6-3-14-11-25-16-21-1-29-12-4-20-8-9-0-15-17-10-5-2-18-7-23-13-19-28,24-6-27-26-22-14-3-11-25-29-16-12-21-8-1-20-4-9-15-0-10-17-5-2-18-7-28-23-13-19,24-6-27-26-22-14-3-11-25-29-12-16-8-21-20-1-4-9-15-0-17-10-5-7-2-18-28-23-19-13,24-22-27-26-6-3-14-11-16-25-1-21-8-9-12-15-4-20-29-0-17-10-5-2-18-7-23-28-13-19,24-22-27-26-6-3-14-11-16-25-1-21-8-9-12-15-4-20-29-0-17-10-5-2-18-7-23-28-13-19,24-26-22-27-6-3-14-11-16-1-25-21-8-4-20-12-9-29-15-0-17-10-5-2-18-7-23-28-13-19,24-26-22-27-6-3-14-11-16-1-25-21-8-4-20-12-9-29-15-0-17-10-5-2-18-7-23-28-13-19,24-26-22-27-6-3-14-11-16-1-25-21-8-4-20-12-9-29-15-0-17-10-5-2-18-7-23-28-13-19,24-22-27-26-6-3-14-11-25-16-1-21-29-12-4-20-8-9-15-0-17-10-5-2-18-7-23-28-19-13,6-26-27-14-24-22-3-11-29-25-12-16-8-21-1-20-4-9-0-15-17-10-5-7-2-18-28-23-19-13,0.0680262,0.330563,0.105795,0.473902,0.192262,0.576579,0.63183,0.611412,0.639148,0.635163,0.139275,0.386778,13.5954,92.7012,22.5926,82.9468,19.9143,0.0910901,0.0679467,6.77525,6.62502,5.77043,5.67573,6.30778,6.44767,0.198877
poisson_30_2,131983792,467361,124577023,441525,975026,926655,761586,761140,6082391,279959,879817,753398,2083978,10000,7.45653,0.357195,7.11402,0.511853,0.250957,0.626611,0.678701,0.665253,0.932309,0.665471,0.200013,0.494647,16.3485,10000,770464,648442,759053,640824,562991,530636,738086,725770,735993,723658,747079,627064,541122,29-13-26-8-11-5-21-7-22-27-28-0-4-6-10-17-18-24-25-1-2-3-12-15-16-23-9-14-19-20,29-13-26-21-8-22-11-27-28-7-5-4-0-24-10-18-17-25-6-16-1-3-23-15-2-12-9-14-19-20,29-13-26-8-11-5-21-7-22-27-28-0-4-6-10-17-18-24-25-1-2-3-12-15-16-23-9-14-19-20,29-13-26-21-8-22-11-27-28-7-5-4-0-24-10-18-17-25-6-16-1-3-23-15-2-12-9-14-19-20,29-13-26-8-28-21-22-27-11-7-5-0-4-24-10-17-18-25-6-16-15-3-1-23-2-12-9-19-14-20,29-13-26-8-21-22-28-11-27-7-5-4-0-24-10-17-18-25-16-6-15-3-1-23-2-12-9-19-14-20,29-13-26-8-22-28-21-27-5-11-7-4-24-0-10-17-6-18-25-15-16-1-12-2-3-23-9-19-14-20,29-13-26-8-22-28-21-27-5-11-7-4-24-0-10-17-6-18-25-15-16-1-12-3-2-23-9-14-20-19,29-13-26-28-8-22-21-27-5-7-11-4-24-0-10-17-6-18-25-15-16-1-3-23-12-2-9-19-14-20,29-13-26-28-8-22-21-27-5-11-7-4-24-0-6-10-17-18-25-15-16-1-3-23-12-2-9-14-20-19,29-13-26-28-8-22-21-27-5-11-7-4-24-0-10-17-6-18-25-15-16-1-3-23-12-2-9-19-14-20,29-13-26-21-8-22-11-27-28-7-5-4-0-24-10-17-18-25-6-16-15-1-23-3-2-12-9-19-14-20,26-13-29-21-8-28-11-27-22-7-5-4-0-24-10-17-18-25-16-6-3-15-1-23-2-12-19-9-14-20,0.0684429,0.333245,0.106297,0.487937,0.197879,0.576841,0.63569,0.621233,0.659276,0.647716,0.150372,0.458785,16.2423,7.38809,0.0239495,7.00772,0.0239162,0.0530779,0.0497696,0.0430104,0.0440197,0.273033,0.0177551,0.0496413,0.0358624,0.106233
poisson_30_3,41971902,47972798,39478571,44453636,2086260,1182266,215375722,215375607,214685798,48478070,227668438,47972798,1258021,10000,2.51434,4.25033,2.41872,3.9397,0.356084,0.713884,9.32701,9.82397,9.65035,4.58691,9.39731,4.20576,14.3805,10000,758658,624113,747320,617042,519589,486981,721486,712556,718422,704229,729622,598661,488765,8-28-9-26-7-20-21-15-19-27-29-1-2-4-11-13-17-23-24-3-5-6-10-12-22-25-0-14-16-18,26-7-20-21-9-8-28-19-27-29-15-2-1-11-4-13-23-24-17-25-10-22-5-3-6-12-0-14-16-18,8-28-9-26-7-20-21-15-19-27-29-1-2-4-11-13-17-23-24-3-5-6-10-12-22-25-0-14-16-18,26-7-20-21-9-8-28-19-27-29-15-2-1-11-4-13-23-24-17-25-10-22-5-3-6-12-0-14-16-18,8-19-26-28-9-7-20-21-27-29-2-15-1-11-13-25-24-23-4-17-22-10-5-3-6-12-0-14-16-18,8-19-26-9-28-7-20-21-27-2-29-15-1-11-13-25-4-24-23-17-10-22-5-3-6-12-0-14-16-18,8-28-9-26-7-20-21-19-27-29-15-2-11-17-1-4-23-24-13-5-3-10-25-22-6-12-0-14-16-18,8-28-9-26-7-20-21-19-27-29-15-2-11-17-1-4-23-24-13-5-3-10-25-22-6-12-0-14-16-18,8-28-9-26-7-20-21-19-15-27-29-11-2-17-1-4-23-24-13-25-5-3-10-22-6-12-0-14-16-18,26-7-20-21-9-8-28-19-15-29-27-11-2-17-1-23-24-4-13-25-3-10-5-22-6-12-0-14-16-18,8-28-9-26-7-20-21-19-15-27-29-11-2-17-1-4-23-24-13-25-3-5-10-22-6-12-0-14-16-18,26-7-20-21-9-8-28-19-27-29-15-2-1-11-4-13-23-24-17-25-10-22-5-3-6-12-0-14-16-18,8-19-26-9-28-7-20-21-27-2-29-15-1-11-13-25-24-23-4-10-17-22-5-6-3-12-0-14-16-18,0.0690097,0.422457,0.102609,0.487321,0.19893,0.634822,0.594349,0.688962,0.62642,0.651661,0.150086,0.397805,14.3003,2.44533,3.82787,2.31611,3.45238,0.157154,0.0790616,8.73266,9.13501,9.02393,3.93525,9.24722,3.80795,0.0802113
poisson_30_4,2142774442,487857809,1858556082,5213680908,40885538,1812205,2092231291,2092231291,1678383928,1678383928,2447092564,487858408,652747,10000,98.6427,20.8269,86.9174,189.552,2.69586,0.678579,105.825,104.906,68.427,67.2637,128.387,21.0009,14.9832,10000,826949,663078,816155,656724,551201,513272,767765,751734,764738,748817,775232,632634,523736,17-3-21-27-11-25-5-16-0-28-1-6-8-10-15-20-2-12-13-7-18-19-22-23-26-4-9-14-24-29,3-27-17-21-25-16-11-28-5-0-8-20-10-1-15-6-26-19-2-12-18-23-13-22-7-29-9-14-4-24,17-3-21-27-11-25-5-16-0-28-1-6-8-10-15-20-2-12-13-7-18-19-22-23-26-4-9-14-24-29,3-27-17-21-25-16-11-5-28-0-8-20-10-1-15-6-26-19-2-12-18-23-13-22-7-29-9-14-4-24,3-27-21-17-25-16-28-11-5-8-20-0-10-1-6-26-15-2-19-18-12-23-22-13-7-29-9-14-4-24,27-3-21-17-28-16-25-11-8-20-5-0-10-1-26-6-2-15-19-18-12-23-22-13-7-9-29-14-4-24,17-3-21-27-11-25-16-5-0-28-6-15-20-1-8-10-12-26-2-18-22-19-13-23-7-29-9-14-4-24,17-3-21-27-11-25-16-5-0-28-6-15-20-1-8-10-12-26-2-18-22-19-13-23-7-29-9-14-4-24,17-3-21-27-25-11-5-16-0-28-20-6-15-8-10-1-26-12-2-23-18-22-19-13-7-29-9-14-4-24,17-3-21-27-25-11-5-16-0-28-20-6-15-8-10-1-26-12-2-23-18-22-19-13-7-29-9-14-4-24,17-3-21-27-11-25-5-16-0-28-6-15-20-8-10-1-12-26-2-23-18-22-19-13-7-29-9-14-4-24,3-27-17-21-25-16-11-28-5-0-8-20-10-1-15-6-26-2-19-12-18-23-22-13-7-29-9-14-4-24,27-3-17-28-21-16-25-8-5-20-11-0-10-1-26-6-2-19-15-12-18-23-22-13-7-9-29-14-4-24,0.0698316,0.331473,0.100586,0.472158,0.193948,0.567502,0.589392,0.669884,0.622355,0.643707,0.145011,0.399921,14.9398,98.5729,20.4955,86.8168,189.08,2.50191,0.111078,105.236,104.236,67.8047,66.62,128.242,20.601,0.0433254
poisson_30_5,248843,39602769,239811,563259,226556624,220374554,451066,451066,716733,716733,812087,39436353,249805566,10000,0.0834115,2.51524,0.117061,0.512614,9.92382,10.3767,0.656299,0.647364,0.685704,0.681146,0.189004,2.54674,27.6071,10000,876124,711908,865659,705089,610812,574737,806735,790326,804848,788431,815193,679841,581409,7-10-12-16-20-29-22-25-2-8-9-13-28-19-23-21-1-5-6-11-15-18-24-26-0-3-4-14-17-27,16-12-10-7-29-20-25-22-8-19-23-9-13-28-2-21-11-18-1-5-24-6-15-26-14-17-0-4-27-3,7-10-12-16-20-29-22-25-2-8-9-13-28-19-23-21-1-5-6-11-15-18-24-26-0-3-4-14-17-27,7-10-29-20-12-16-25-22-8-19-23-9-13-28-2-21-11-18-1-5-24-6-15-26-14-17-0-4-27-3,16-12-10-7-20-29-25-8-19-23-22-2-13-28-9-21-11-18-24-1-5-6-15-26-14-17-0-27-4-3,16-12-10-7-20-29-25-8-19-23-22-2-13-28-9-21-11-18-24-1-5-6-15-26-14-17-0-27-4-3,7-10-20-29-12-16-22-25-8-13-28-2-19-23-9-21-1-11-18-24-15-5-6-26-14-17-0-4-27-3,7-10-20-29-12-16-22-25-8-13-28-2-19-23-9-21-1-11-18-24-15-5-6-26-14-17-0-4-27-3,7-10-20-29-12-16-25-22-8-19-23-9-13-28-2-21-11-1-18-24-15-5-6-26-14-17-0-4-27-3,7-10-20-29-12-16-25-22-8-19-23-9-13-28-2-21-11-1-18-24-15-5-6-26-14-17-0-4-27-3,7-10-20-29-12-16-22-25-8-19-23-9-13-28-2-21-11-1-18-24-15-5-6-26-14-17-0-4-27-3,16-12-10-7-29-20-25-22-8-19-23-9-13-28-2-21-18-11-1-24-5-6-15-26-14-17-0-4-27-3,16-8-10-7-20-29-12-25-19-23-22-2-13-28-9-21-11-18-24-1-5-6-15-26-0-14-17-27-4-3,0.0701477,0.335128,0.103993,0.480745,0.202575,0.576415,0.628176,0.619195,0.645439,0.642078,0.144544,0.399764,17.2809,0.0132638,2.18011,0.0130682,0.0318694,9.72125,9.8003,0.0281231,0.028169,0.0402652,0.0390681,0.0444605,2.14697,10.3262
poisson_30_34,23519133,8300903,22815462,8016756,1841877,1824877,32933608,26505584,261330684,261330684,222602238,8310521,1836842,10000,1.19797,0.741528,1.21631,0.877355,0.329237,0.718795,2.20102,1.81608,14.9218,14.7238,9.33905,0.823769,18.7335,10000,899608,781931,888888,773187,676826,660066,849804,840712,847387,838301,858194,757395,663638,15-3-8-20-4-2-16-5-6-13-9-12-18-1-23-25-27-0-17-21-22-26-28-29-7-10-11-14-19-24,15-3-8-20-6-13-16-2-4-5-27-12-23-18-1-9-25-17-0-22-28-21-26-29-24-19-11-7-14-10,15-3-8-20-4-2-16-5-6-13-9-12-18-1-23-25-27-0-17-21-22-26-28-29-7-10-11-14-19-24,15-3-8-20-6-13-16-2-4-5-27-12-23-18-1-9-25-17-0-22-28-21-26-29-24-19-11-7-14-10,15-3-8-20-6-13-16-2-4-5-27-23-9-12-18-1-25-17-22-28-0-26-21-29-24-19-11-14-7-10,15-3-8-20-6-13-16-2-4-5-27-23-9-12-18-1-25-17-22-28-0-26-21-29-24-19-11-14-7-10,15-3-8-20-9-13-5-2-16-4-6-25-12-23-1-18-27-22-0-28-17-29-26-21-24-19-11-14-7-10,15-3-8-20-9-13-5-2-16-4-6-25-12-23-27-1-18-22-0-28-17-29-26-21-24-19-11-14-7-10,15-3-20-8-9-13-5-2-16-4-23-27-6-12-25-18-1-22-0-28-17-21-26-29-24-19-11-14-7-10,15-3-20-8-9-13-5-2-16-4-23-27-6-12-25-18-1-22-0-28-17-21-26-29-24-19-11-14-7-10,15-3-20-8-9-13-5-2-16-4-23-6-27-12-25-18-1-22-0-28-17-26-21-29-24-19-11-14-7-10,15-3-8-20-6-13-16-2-4-5-27-23-12-18-1-9-25-17-22-28-0-26-21-29-24-19-11-14-7-10,15-3-8-20-6-13-16-2-4-5-27-23-9-12-18-1-25-17-22-28-0-21-26-29-24-19-11-14-7-10,0.069895,0.347032,0.107835,0.489119,0.203192,0.595614,0.616478,0.636381,0.631319,0.659147,0.148187,0.427862,18.6112,1.12807,0.394496,1.10848,0.388236,0.126045,0.12318,1.58454,1.1797,14.2905,14.0647,9.19086,0.395906,0.122296
poisson_30_14,206714984,203951269,188537872,171669098,12297419,11756260,1074317805,1074189885,1132381153,1132249266,1283083654,203951261,16512710,0,12.0112,10.9263,10.9625,9.34852,1.01189,1.34622,64.4418,64.3432,67.8028,68.322,77.8342,11.7804,13.9744,0,684669,529738,673112,523110,397053,363931,642364,626581,639251,623365,650609,501295,370243,1-18-29-2-3-9-13-15-24-11-12-22-23-4-6-16-17-20-25-28-5-7-10-14-19-26-27-0-8-21,1-18-29-2-3-15-9-24-13-11-22-23-12-25-28-17-4-16-20-6-7-19-27-10-14-5-26-0-8-21,1-18-29-2-3-9-13-15-24-11-12-22-23-4-6-16-17-20-25-28-5-7-10-14-19-26-27-0-8-21,1-18-29-2-3-15-9-24-13-11-22-23-12-25-28-17-4-16-20-6-7-19-27-10-14-5-26-0-8-21,18-1-29-2-3-9-24-11-13-15-22-23-25-12-17-16-28-4-6-20-7-19-14-10-27-26-5-21-8-0,1-18-29-2-3-9-24-11-13-15-22-23-25-12-17-16-28-4-6-20-7-19-10-14-27-26-5-21-8-0,1-18-29-2-3-15-24-13-9-12-11-22-23-25-6-16-20-4-28-17-7-19-14-10-27-5-26-0-21-8,1-18-29-2-3-15-24-13-9-12-11-22-23-25-6-16-20-4-28-17-7-19-14-10-27-5-26-0-21-8,1-18-29-2-3-15-9-24-13-12-11-22-23-25-6-16-20-4-28-17-7-19-27-14-10-5-26-0-21-8,1-18-29-2-3-15-9-24-13-12-11-22-23-25-6-16-20-4-28-17-7-19-27-14-10-5-26-0-21-8,1-18-29-2-3-15-9-24-13-12-11-22-23-25-6-16-20-4-28-17-7-19-27-14-10-5-26-0-21-8,1-18-29-2-3-15-9-24-13-11-22-23-12-25-28-17-4-16-20-6-7-19-27-10-14-5-26-0-8-21,1-18-29-2-3-9-11-24-15-13-22-25-23-12-17-28-4-7-16-20-6-19-10-14-27-26-5-8-0-21,0.0691946,0.342281,0.0999134,0.471121,0.190373,0.561835,0.609317,0.605914,0.614472,0.637632,0.146247,0.387502,12.9858,11.942,10.584,10.8626,8.8774,0.821514,0.78438,63.8325,63.7373,67.1883,67.6844,77.6879,11.3929,0.988579
poisson_30_15,65882278,46647,64432443,45607,3915167,124872,19456175,19456175,60858,54400,63885,47120,4536471,10000,4.76059,0.342044,4.51834,0.502484,0.366854,0.591838,1.33174,1.34967,0.626032,0.651197,0.14855,0.405835,18.433,10000,872849,758101,861915,750508,673325,630692,831040,816127,825980,811228,836892,724164,649760,11-13-25-3-8-21-24-27-17-29-4-12-15-26-5-10-14-1-16-18-19-20-22-23-28-0-2-6-7-9,11-13-25-27-21-29-17-24-8-3-15-12-26-4-18-19-10-5-14-16-22-28-20-1-23-7-0-2-6-9,11-13-25-3-8-21-24-27-17-29-4-12-15-26-5-10-14-1-16-18-19-20-22-23-28-0-2-6-7-9,11-13-25-27-21-29-17-24-8-3-15-12-26-4-18-19-10-5-14-16-22-28-20-1-23-7-0-2-6-9,11-13-27-21-29-25-24-17-8-3-15-12-26-18-4-19-10-5-22-28-16-14-20-1-23-7-2-0-6-9,11-27-21-13-25-29-24-17-8-3-15-12-18-26-4-19-10-5-16-14-22-28-20-1-23-7-2-0-6-9,11-13-25-24-21-27-29-3-8-17-12-26-15-4-10-19-14-16-18-28-5-1-20-22-23-7-2-0-6-9,11-13-25-24-21-27-29-3-8-17-12-26-15-4-10-19-14-16-18-28-5-1-20-22-23-7-2-0-6-9,11-13-25-24-21-29-27-8-3-17-12-26-15-4-10-5-19-14-16-18-22-28-1-20-23-7-2-0-6-9,11-13-25-24-21-27-29-8-3-17-12-26-15-4-10-5-19-14-16-18-22-28-1-20-23-7-2-0-6-9,11-13-25-24-21-29-27-8-3-17-12-26-15-4-10-5-19-14-16-18-22-28-1-20-23-7-2-0-6-9,11-13-25-27-21-29-17-24-8-3-15-12-26-4-18-10-19-5-14-16-22-28-20-1-23-7-2-0-6-9,11-27-29-21-13-25-24-8-17-15-3-18-12-26-4-10-5-19-22-16-14-28-20-1-23-7-2-0-6-9,0.0680043,0.338801,0.100342,0.499417,0.199846,0.585651,0.605029,0.622501,0.622557,0.647092,0.144871,0.40264,18.2342,4.69258,0.00324332,4.418,0.00306794,0.167008,0.00618756,0.726713,0.727172,0.00347532,0.00410512,0.00367885,0.00319571,0.198781
poisson_30_36,140148176,70339648,134428630,64482468,1061688,4813360,163585530,129842468,48883371,266355611,53218353,70340069,10695465,10000,7.70863,4.93516,7.48273,4.75401,0.266477,0.794267,10.8724,9.45855,2.95517,14.1827,2.6805,5.00325,17.7079,10000,816376,692620,804954,684133,597227,566651,773610,760466,771657,761674,782618,670153,571709,11-6-24-10-12-25-15-29-26-28-3-4-5-7-14-22-0-1-9-16-8-18-19-20-21-27-2-13-17-23,29-15-25-12-11-24-6-10-28-26-7-3-5-14-22-4-19-0-20-21-18-16-1-8-27-9-2-23-13-17,11-6-24-10-12-25-15-29-26-28-3-4-5-7-14-22-0-1-9-16-8-18-19-20-21-27-2-13-17-23,29-15-25-12-11-24-6-10-28-26-7-3-5-14-22-4-19-0-20-21-18-16-1-8-27-9-2-23-13-17,11-24-6-12-10-25-15-29-7-28-26-5-14-3-22-4-19-20-0-21-18-27-16-8-1-9-2-23-17-13,11-24-6-12-25-15-29-10-7-28-26-5-14-3-22-4-19-20-0-21-18-27-16-8-1-9-2-23-17-13,11-6-24-10-12-26-28-15-29-25-4-7-22-14-5-3-19-27-18-0-20-16-21-1-8-9-2-23-17-13,11-6-24-10-12-26-28-25-15-29-4-7-22-14-5-3-19-27-18-0-20-16-21-1-8-9-2-23-17-13,11-6-24-10-12-26-28-15-29-25-7-5-3-22-4-14-19-27-18-0-20-16-21-1-8-9-2-23-17-13,29-15-28-6-11-24-12-10-26-25-7-3-5-22-4-14-19-27-18-0-20-21-16-1-8-9-2-23-17-13,11-6-24-10-12-26-28-15-29-25-7-5-3-4-22-14-19-27-18-0-20-16-21-1-8-9-2-23-17-13,29-15-25-12-11-24-6-10-28-26-7-3-5-14-22-4-19-0-20-18-21-27-16-1-8-9-2-23-17-13,29-15-25-12-11-24-6-10-7-28-26-3-5-14-4-22-0-19-20-21-27-18-16-8-1-9-2-23-17-13,0.068903,0.340088,0.104854,0.523732,0.20176,0.586061,0.643626,0.629282,0.653598,0.664397,0.149947,0.409252,16.9098,7.63973,4.59507,7.37787,4.23027,0.0647169,0.208206,10.2288,8.82927,2.30157,13.5183,2.53056,4.594,0.798132
poisson_30_17,47356478,34988675,45201053,33903332,24120793,25567619,34319001,184720044,12467792,65836716,13082950,38622163,29203263,10000,3.68699,3.02734,3.69486,3.136,2.25893,2.6078,2.08823,7.8027,1.66643,3.78287,1.25859,3.46375,16.9826,10000,818991,668940,808058,662491,577844,524937,776052,762670,769278,755724,779724,632568,524721,19-3-20-11-26-28-29-0-1-2-4-5-6-15-27-24-23-25-7-8-10-16-17-18-21-9-12-13-14-22,20-3-19-29-26-28-11-23-27-24-25-4-15-0-6-5-2-1-7-18-17-21-16-10-8-12-9-13-14-22,19-3-20-11-26-28-29-0-1-2-4-5-6-15-27-24-23-25-7-8-10-16-17-18-21-9-12-13-14-22,20-3-19-29-26-28-11-23-27-24-25-4-15-0-6-5-2-1-7-18-17-21-16-10-8-12-9-13-14-22,20-3-19-29-26-28-11-25-27-24-23-4-15-2-0-1-6-5-21-7-16-18-10-17-8-12-13-14-22-9,20-3-19-29-26-28-11-25-27-24-23-4-15-0-2-7-1-6-5-21-16-18-17-10-8-12-13-14-22-9,20-3-19-11-28-29-26-23-27-24-15-4-0-1-2-25-6-5-21-18-7-8-16-17-10-12-22-13-14-9,20-3-19-11-28-29-26-4-23-27-24-15-0-1-2-25-6-5-21-18-7-8-16-17-10-12-13-14-9-22,27-24-23-11-20-3-19-28-29-26-25-15-2-4-0-1-6-5-7-21-16-10-18-8-17-12-13-14-22-9,20-3-19-28-11-29-26-4-2-23-27-24-25-15-0-1-6-5-21-7-16-18-10-8-17-12-13-14-9-22,27-24-23-11-20-3-19-28-29-26-25-2-15-4-0-1-6-5-7-21-16-10-18-8-17-12-13-14-22-9,20-3-19-29-26-28-11-23-27-24-25-4-15-0-6-2-5-1-7-18-21-17-16-10-8-12-22-9-13-14,20-3-19-26-29-28-11-25-27-24-23-4-15-0-7-2-6-5-1-21-18-17-16-10-8-12-13-22-9-14,0.068058,0.328749,0.100736,0.476434,0.199299,0.569044,0.594167,0.612973,0.61269,0.637964,0.145794,0.392625,14.7968,3.61893,2.69859,3.59413,2.65956,2.05963,2.03875,1.49406,7.18973,1.05374,3.14491,1.1128,3.07112,2.18582
poisson_30_37,74173948,54023109,69057888,49409656,6597190,7542465,9857201649,9857040378,2151503319,1114526489,2350579106,63018084,19872520,0,5.11704,3.39009,4.79711,3.19614,0.625815,0.991555,734.99,726.946,136.307,58.6949,144.62,3.87984,12.1902,0,681376,533525,670252,527060,374566,350773,631804,614107,628888,611018,639729,502290,361143,23-12-21-8-11-17-18-15-19-24-25-1-3-7-9-13-5-10-14-2-22-26-28-4-16-27-0-6-20-29,23-12-21-8-11-17-18-15-24-19-25-26-9-13-7-1-10-22-28-5-2-14-3-4-27-16-6-0-29-20,23-12-21-8-11-17-18-15-19-24-25-1-3-7-9-13-5-10-14-2-22-26-28-4-16-27-0-6-20-29,23-12-21-8-11-17-18-15-24-19-25-26-9-13-7-1-10-22-28-5-2-14-3-4-27-16-6-0-29-20,23-12-21-18-8-24-11-17-15-26-19-9-13-25-1-22-28-10-14-2-5-7-3-27-4-16-6-29-0-20,23-12-21-18-8-24-11-17-15-26-19-9-13-25-1-22-28-10-7-14-5-2-3-4-27-16-6-29-0-20,23-12-21-18-8-11-17-15-24-19-25-28-7-26-10-22-13-9-1-3-2-14-5-16-4-27-6-29-0-20,23-12-21-18-8-11-17-15-24-19-25-28-7-26-10-22-13-9-1-2-14-3-5-16-4-27-6-0-29-20,23-12-21-18-8-11-17-15-24-19-25-28-7-26-9-13-10-3-22-1-5-2-14-16-4-27-6-29-0-20,23-12-21-18-8-11-17-15-24-19-25-28-26-7-9-13-3-10-22-1-5-2-14-16-4-27-6-29-0-20,23-12-21-18-8-11-17-15-24-19-25-28-7-26-9-13-10-3-22-1-5-2-14-16-4-27-6-29-0-20,23-12-21-8-11-17-18-15-24-19-25-26-9-13-7-10-1-28-22-5-2-14-3-4-27-16-6-29-0-20,12-23-21-18-8-11-17-24-15-26-9-13-19-1-25-10-22-28-7-5-2-14-4-3-27-16-6-29-0-20,0.0668053,0.330953,0.0983751,0.446864,0.185161,0.542177,0.611309,0.641009,0.639443,0.626558,0.145462,0.3951,11.0743,5.05023,3.05914,4.69874,2.74927,0.440655,0.449378,734.379,726.305,135.668,58.0683,144.475,3.48474,1.11591
poisson_30_38,301014403,505691869,279231473,433144809,315913240,275126144,228578132,228578717,135048221,441697835,224373977,505740115,249222094,10000,12.1741,15.1957,11.5564,13.5085,10.4707,9.03683,9.43034,8.71631,5.87997,16.422,7.83106,15.2361,25.8956,10000,957302,834087,947568,827355,742399,705067,905816,892972,904814,891780,914769,793441,705999,15-1-12-21-5-14-18-3-9-11-13-16-24-26-28-4-2-7-8-19-23-27-0-6-10-17-20-22-25-29,15-1-12-21-5-18-14-26-24-3-13-28-11-9-16-4-7-19-23-8-27-2-6-20-10-17-22-25-0-29,15-1-12-21-5-14-18-3-9-11-13-16-24-26-28-4-2-7-8-19-23-27-0-6-10-17-20-22-25-29,15-1-12-21-5-18-14-26-24-3-13-28-11-9-16-4-7-19-23-8-27-2-6-20-10-17-22-25-0-29,15-1-12-21-5-18-14-26-28-24-9-3-11-13-16-4-7-19-23-8-27-2-20-6-22-10-25-17-0-29,15-1-12-21-5-18-14-26-24-28-3-13-9-11-16-4-7-19-23-8-27-2-20-6-10-22-25-17-0-29,15-1-21-12-14-18-5-9-26-28-3-13-16-11-4-24-7-19-23-27-8-2-6-20-10-22-25-17-0-29,15-1-21-12-14-5-18-9-26-28-3-13-16-11-4-24-7-19-23-27-8-2-6-20-10-22-25-17-0-29,15-21-1-12-14-5-18-9-28-26-13-3-16-24-11-4-7-19-23-27-8-2-6-20-10-22-25-17-0-29,15-21-1-12-14-5-18-9-26-28-13-3-16-24-11-4-7-19-23-27-8-2-6-20-10-22-25-17-0-29,15-1-21-12-14-5-18-9-26-28-3-13-16-24-11-4-7-19-23-27-8-2-6-20-10-22-25-17-0-29,15-1-12-21-5-18-14-26-24-3-13-28-9-11-16-4-7-19-23-8-27-2-20-6-10-25-22-17-0-29,15-1-12-21-5-18-14-26-24-28-3-13-9-16-11-4-7-19-8-23-27-2-20-6-10-22-25-17-0-29,0.0670028,0.341726,0.101144,0.49874,0.201348,0.568481,0.6001,0.6086,0.609221,0.637693,0.138303,0.402233,18.1102,12.1071,14.854,11.4553,13.0098,10.2694,8.46834,8.83024,8.10771,5.27075,15.7843,7.69276,14.8339,7.78544
