dense_64_1,1,0,796,0.0511002,100200,0,50-49-54-51-53-55-28-26-32-25-33-59-57-56-60-62-44-58-61-63-52-31-8-9-29-35-27-34-37-39-41-42-40-7-4-10-11-3-5-16-1-18-0-2-6-12-13-14-30-38-15-19-20-22-17-36-43-45-46-47-21-23-24-48,0.0508256,0.000274574,6.92853e-310
dense_64_1,2,0,0,0.0743788,24623,0,26-31-29-35-27-28-32-34-37-30-38-39-41-33-36-40-43-45-46-47-49-50-53-59-57-60-56-62-54-55-58-61-51-63-52-42-44-48-25-8-9-10-11-12-13-14-15-7-4-3-5-16-1-18-2-0-6-17-19-20-22-24-23-21,0.0743508,2.8056e-05,6.93655e-310
dense_64_1,3,0,0,0.0437811,41324,0,0-3-4-6-8-25-26-28-49-50-32-54-51-33-53-55-44-52-1-31-29-39-41-40-42-35-27-34-37-59-57-56-9-30-38-36-43-5-16-48-60-62-58-61-63-18-2-45-46-47-10-11-7-17-24-19-20-22-15-12-13-14-23-21,0.0437385,4.255e-05,6.9493e-310
dense_64_1,4,0,0,0.00494793,2398,0,26-28-25-8-7-4-3-5-18-1-6-19-20-0-2-16-17-49-50-55-21-22-23-24-31-29-39-41-33-40-42-44-35-9-27-32-34-37-30-38-10-11-12-36-47-54-13-14-15-51-43-45-46-48-53-59-57-56-52-60-62-58-61-63,0.00492954,1.839e-05,6.91697e-310
dense_64_1,1,1,508,0.075373,92564,0,50-49-54-51-53-55-28-26-32-25-33-59-57-56-44-60-62-58-61-63-52-31-8-9-29-35-27-34-37-39-41-42-40-7-4-10-11-3-5-16-1-18-0-2-6-12-30-38-13-14-36-15-47-43-45-46-19-20-22-48-17-24-21-23,0.0750508,0.000322161,0.00138429
dense_64_1,2,1,0,0.0861069,24617,0,26-31-29-35-27-28-32-34-37-30-38-39-41-33-36-40-43-45-46-47-49-50-53-59-57-60-56-62-54-55-58-61-51-63-52-42-44-48-25-8-9-10-11-12-13-14-15-7-4-3-5-16-1-18-2-0-6-17-19-20-22-24-23-21,0.0860661,4.0793e-05,0.00170676
dense_64_1,3,1,0,0.0456373,41000,0,0-3-4-6-8-25-26-28-49-50-32-54-51-33-53-55-44-52-1-31-29-39-41-40-42-35-27-34-37-59-57-56-9-30-38-36-43-5-16-48-60-62-58-61-63-18-2-47-45-46-10-11-7-17-24-19-20-22-12-15-13-14-23-21,0.0455922,4.5129e-05,0.00143364
dense_64_1,4,1,0,0.00524606,2373,0,26-28-25-8-7-4-3-5-18-1-6-19-20-0-2-16-17-49-50-55-21-22-23-24-31-29-39-41-33-40-42-44-35-9-27-32-34-37-30-38-10-11-12-13-14-36-15-47-54-51-43-45-46-48-53-59-57-56-52-60-62-58-61-63,0.00522331,2.2749e-05,0.0014299
dense_64_2,4,0,2659486,6.51169,27750,100000000,6-9-12-13-14-11-16-56-63-5-15-21-2-3-26-29-34-31-37-41-45-1-4-20-51-52-8-10-7-18-40-23-22-24-25-27-28-57-32-38-30-36-42-44-46-61-19-33-35-39-43-48-49-50-53-54-55-62-58-0-17-59-47-60,0.0481738,6.46352,6.90584e-310
dense_64_2,4,1,2659486,6.96024,27700,100000000,6-9-12-13-14-11-16-56-63-5-15-21-2-3-26-29-34-31-37-41-45-1-4-20-51-52-8-10-7-18-40-23-22-24-25-27-28-57-32-38-30-36-42-44-46-61-19-33-35-39-43-48-49-50-53-54-55-62-58-0-17-59-47-60,0.0701038,6.89014,0.00229468
dense_64_1,5,0,1031986,9.28036,2553,100000000,26-31-29-35-28-39-41-25-8-7-12-4-3-5-18-1-16-33-40-43-49-50-42-44-10-11-6-19-17-0-2-27-32-34-9-13-14-20-22-37-24-15-30-38-47-21-23-36-54-51-45-46-48-53-55-59-57-56-52-60-62-58-61-63,0.0234313,9.25693,6.91278e-310
dense_64_3,4,0,2402742,8.24191,10270,100000000,12-10-63-56-7-8-51-14-42-50-53-40-49-36-4-0-1-9-23-15-24-59-6-25-26-27-29-30-31-35-37-38-43-44-45-48-52-54-55-60-5-11-13-28-32-33-34-39-41-47-61-62-20-46-17-18-19-16-21-22-57-58-2-3,0.277283,7.96463,6.90936e-310
dense_64_1,0,0,102106967,20.0876,169415,100000000,50-54-51-49-59-57-28-32-26-25-33-44-31-29-8-9-35-27-34-10-11-37-53-60-7-4-56-62-12-55-3-5-16-1-13-14-18-30-38-39-40-58-61-6-15-19-20-22-41-42-63-0-2-17-36-43-45-46-47-52-21-23-24-48,0.0897748,19.9978,6.8999e-310
dense_64_3,4,1,2402742,13.7999,10270,100000000,12-10-63-56-7-8-51-14-42-50-53-40-49-36-4-0-1-9-23-15-24-59-6-25-26-27-29-30-31-35-37-38-43-44-45-48-52-54-55-60-5-11-13-28-32-33-34-39-41-47-61-62-20-46-17-18-19-16-21-22-57-58-2-3,0.281755,13.5181,0.0238504
dense_64_4,4,0,5072997,7.78505,21784,100000000,34-25-24-53-62-14-12-59-21-23-26-27-42-60-52-32-41-43-46-37-44-11-10-29-38-30-33-35-36-40-45-47-48-49-51-61-28-31-50-39-8-9-13-0-4-54-56-58-55-57-63-5-22-1-2-3-18-15-17-19-20-6-7-16,0.0482517,7.7368,6.94314e-310
dense_64_5,4,0,0,0.0347684,7308,0,24-5-0-1-2-4-3-8-48-55-6-9-10-11-18-19-21-22-23-30-31-32-33-34-36-37-38-39-41-42-43-47-54-56-58-59-17-14-46-57-13-16-53-7-12-20-25-28-40-52-15-29-50-44-35-26-27-45-49-51-60-61-62-63,0.0347505,1.7856e-05,6.90475e-310
dense_64_6,4,0,0,0.00304692,0,0,1-2-7-11-14-16-19-25-43-18-4-39-41-20-26-31-40-47-48-52-53-57-60-0-3-5-6-8-9-10-12-13-15-17-21-22-23-24-27-28-29-30-32-33-34-35-36-37-38-42-44-45-46-49-50-51-54-55-56-58-59-61-62-63,0.00301841,2.8516e-05,6.92708e-310
dense_64_7,4,0,11094458,6.07844,8260,100000000,35-0-3-16-22-34-10-24-14-1-4-6-8-11-20-32-18-36-42-39-41-49-51-52-53-54-59-40-60-23-26-28-29-27-30-46-47-2-12-44-48-5-7-9-13-15-17-19-21-31-33-25-55-56-63-57-61-58-37-50-45-62-43-38,0.020035,6.0584,6.92022e-310
dense_64_4,4,1,5072997,13.4297,21726,100000000,34-25-24-53-62-14-12-59-21-23-26-27-42-60-52-32-41-43-46-37-44-11-10-29-38-30-33-35-36-40-45-47-48-49-51-61-28-31-50-39-8-9-13-0-4-54-56-58-55-57-63-5-22-1-2-3-18-15-17-19-20-6-7-16,0.0517544,13.378,0.0058474
dense_64_5,4,1,0,0.0373516,7306,0,24-5-0-1-2-4-3-8-48-55-6-9-10-11-18-19-21-22-23-30-31-32-33-34-36-37-38-39-41-42-43-47-54-56-58-59-17-14-46-57-13-16-53-7-12-20-25-28-40-52-15-29-50-44-35-26-27-45-49-51-60-61-62-63,0.037321,3.0655e-05,0.0153901
dense_64_6,4,1,0,0.00247223,0,0,1-2-7-11-14-16-19-25-43-18-4-39-41-20-26-31-40-47-48-52-53-57-60-0-3-5-6-8-9-10-12-13-15-17-21-22-23-24-27-28-29-30-32-33-34-35-36-37-38-42-44-45-46-49-50-51-54-55-56-58-59-61-62-63,0.00245434,1.7891e-05,0.00988312
dense_64_8,4,0,770088,6.48083,9672,100000000,20-18-16-17-19-15-23-29-24-26-27-30-31-33-35-36-37-38-39-40-41-42-44-46-49-51-52-53-57-61-28-47-25-55-54-63-59-34-22-43-48-50-56-58-32-45-21-60-62-9-11-12-13-14-3-5-10-0-1-2-4-6-7-8,0.0525128,6.42832,6.92654e-310
dense_64_9,4,0,3004263,7.29291,26525,100000000,26-29-16-54-28-32-35-53-31-4-17-13-7-8-10-15-23-2-20-0-27-21-3-25-56-30-49-50-38-1-22-5-55-11-9-6-24-14-18-19-12-37-48-52-33-34-51-41-39-40-36-47-44-57-45-42-46-58-43-61-59-62-63-60,0.0644702,7.22844,6.91961e-310
dense_64_2,2,0,204468121,45.5082,20014,100000000,6-9-12-13-14-11-63-21-5-56-16-15-8-10-26-29-31-37-41-45-34-2-3-20-1-4-18-7-40-51-52-22-23-24-25-27-28-61-57-44-46-42-38-36-32-30-19-58-43-33-35-39-62-48-54-55-53-49-50-17-59-47-0-60,0.0713382,45.4368,6.90181e-310
dense_64_7,4,1,11094458,10.2147,8252,100000000,35-0-3-16-22-34-10-24-14-1-4-6-8-11-20-32-18-36-42-39-41-49-51-52-53-54-59-40-60-23-26-28-29-27-30-46-47-2-12-44-48-5-7-9-13-15-17-19-21-31-33-25-55-56-63-57-61-58-37-50-45-62-43-38,0.0260952,10.1886,0.00557066
dense_64_3,2,0,2402742,8.12288,9743,100000000,12-10-63-56-7-8-51-14-42-50-53-40-49-36-4-0-1-9-23-15-24-59-6-25-26-27-29-30-31-35-37-38-43-44-45-48-52-54-55-60-5-11-13-28-32-33-34-39-41-47-61-62-20-46-17-18-19-16-21-22-57-58-2-3,0.281647,7.84123,6.92011e-310
dense_64_8,4,1,770088,9.64409,9665,100000000,20-18-16-17-19-15-23-29-24-26-27-30-31-33-35-36-37-38-39-40-41-42-44-46-49-51-52-53-57-61-28-47-25-55-54-63-59-34-22-43-48-50-56-58-32-45-21-60-62-9-11-12-13-14-3-5-10-0-1-2-4-6-7-8,0.0508685,9.59322,0.014368
dense_64_4,2,0,8430704,10.7528,18720,100000000,25-34-24-53-62-23-14-12-59-21-26-27-42-60-52-32-41-43-46-37-44-22-11-10-9-8-29-38-30-33-35-36-40-45-47-48-49-51-61-28-31-50-39-5-13-4-56-58-57-54-55-63-0-2-3-1-19-20-17-15-18-6-7-16,0.0896029,10.6632,6.95098e-310
dense_64_5,2,0,0,0.047822,0,0,59-14-8-12-20-25-28-40-46-48-52-55-57-13-16-7-53-6-9-10-11-18-19-21-22-23-24-30-31-32-33-34-36-37-38-39-41-42-43-47-54-56-58-44-5-35-15-26-27-29-45-49-50-51-17-0-1-2-4-60-61-62-63-3,0.0478001,2.1899e-05,6.9326e-310
dense_64_6,2,0,0,0.00151276,408,0,7-11-14-16-19-25-43-18-4-39-41-20-26-31-40-47-48-52-53-57-60-5-6-8-9-10-12-13-15-17-21-22-23-24-27-28-29-30-32-33-34-35-36-37-38-42-44-45-46-49-50-51-54-55-56-58-59-61-62-63-0-1-2-3,0.00149465,1.8114e-05,6.93707e-310
dense_64_9,4,1,3004263,9.39257,26403,100000000,26-29-16-54-28-32-35-53-31-4-17-13-7-8-10-15-23-2-20-0-27-21-3-25-56-30-49-50-38-1-22-5-55-11-9-6-24-14-18-19-12-37-48-52-33-34-51-41-39-40-36-47-44-57-45-42-46-58-43-61-59-62-63-60,0.0664059,9.32616,0.0109707
dense_64_2,2,1,204467806,79.9478,20011,100000000,6-9-12-13-14-11-63-21-5-56-16-15-8-10-26-29-31-37-41-45-34-2-3-20-1-4-18-7-40-51-52-22-23-24-25-27-28-61-57-44-46-42-38-36-32-30-19-58-43-33-35-39-48-62-54-55-53-49-50-17-59-47-0-60,0.113995,79.8338,0.00222823
dense_64_3,2,1,2402742,11.0163,9743,100000000,12-10-63-56-7-8-51-14-42-50-53-40-49-36-4-0-1-9-23-15-24-59-6-25-26-27-29-30-31-35-37-38-43-44-45-48-52-54-55-60-5-11-13-28-32-33-34-39-41-47-61-62-20-46-17-18-19-16-21-22-57-58-2-3,0.426621,10.5897,0.0236107
dense_64_4,2,1,8430704,7.80752,18708,100000000,25-34-24-53-62-23-14-12-59-21-26-27-42-60-52-32-41-43-46-37-44-22-11-10-9-8-29-38-30-33-35-36-40-45-47-48-49-51-61-28-31-50-39-5-13-4-56-58-57-54-55-63-0-2-3-1-19-20-17-15-18-6-7-16,0.0918801,7.71564,0.00587834
dense_64_5,2,1,0,0.0477338,0,0,59-14-8-12-20-25-28-40-46-48-52-55-57-13-16-7-53-6-9-10-11-18-19-21-22-23-24-30-31-32-33-34-36-37-38-39-41-42-43-47-54-56-58-44-5-35-15-26-27-29-45-49-50-51-17-0-1-2-4-60-61-62-63-3,0.0477103,2.3512e-05,0.0154987
dense_64_6,2,1,0,0.00152335,401,0,7-11-14-16-19-25-43-18-4-39-41-20-26-31-40-47-48-52-53-57-60-5-6-8-9-10-12-13-15-17-21-22-23-24-27-28-29-30-32-33-34-35-36-37-38-42-44-45-46-49-50-51-54-55-56-58-59-61-62-63-0-1-2-3,0.00150259,2.0761e-05,0.0138528
dense_64_7,2,0,67322216,54.5278,4931,100000000,35-37-50-0-3-16-22-34-10-24-23-14-1-4-6-8-11-20-32-18-36-40-52-42-44-48-53-46-47-39-41-49-51-54-59-60-45-43-26-28-29-27-30-2-12-55-56-63-5-7-9-13-15-17-19-21-31-33-25-58-57-61-38-62,0.0809818,54.4468,6.93587e-310
dense_64_8,2,0,770088,6.65881,9399,100000000,20-18-16-17-15-19-23-29-24-26-27-30-31-33-35-36-37-38-39-40-41-42-44-46-49-51-52-53-57-61-28-47-25-55-54-63-59-34-22-43-48-50-56-58-32-45-21-60-62-9-11-12-13-14-3-5-10-8-6-7-0-1-2-4,0.0808953,6.57791,6.91333e-310
dense_64_9,2,0,3190770,7.56798,22731,100000000,26-29-16-54-28-32-35-53-31-4-17-7-8-10-15-23-2-20-13-0-30-21-3-25-49-50-56-27-1-22-55-11-9-5-38-6-24-12-14-18-19-37-48-52-33-34-51-44-41-39-40-36-47-57-42-46-45-43-58-61-62-59-63-60,0.108466,7.45951,6.91694e-310
dense_64_7,2,1,67322216,46.2923,4931,100000000,35-37-50-0-3-16-22-34-10-24-23-14-1-4-6-8-11-20-32-18-36-40-52-42-44-48-53-46-47-39-41-49-51-54-59-60-45-43-26-28-29-27-30-2-12-55-56-63-5-7-9-13-15-17-19-21-31-33-25-58-57-61-38-62,0.072767,46.2196,0.00672289
dense_64_8,2,1,770088,6.63499,9399,100000000,20-18-16-17-15-19-23-29-24-26-27-30-31-33-35-36-37-38-39-40-41-42-44-46-49-51-52-53-57-61-28-47-25-55-54-63-59-34-22-43-48-50-56-58-32-45-21-60-62-9-11-12-13-14-3-5-10-8-6-7-0-1-2-4,0.073695,6.56129,0.0143178
dense_64_9,2,1,3190770,12.4057,22710,100000000,26-29-16-54-28-32-35-53-31-4-17-7-8-10-15-23-2-20-13-0-30-21-3-25-49-50-56-27-1-22-55-11-9-5-38-6-24-12-14-18-19-37-48-52-33-34-51-44-41-39-40-36-47-57-42-46-45-43-58-61-62-59-63-60,0.10815,12.2975,0.00809329
dense_64_3,1,0,2201269,7.83965,11918,100000000,12-10-63-56-7-8-51-14-42-50-53-40-49-36-4-0-1-9-23-15-24-59-6-25-26-27-29-30-31-35-37-38-43-44-45-48-52-54-55-60-5-11-13-28-32-33-34-39-41-47-61-62-20-46-17-16-21-22-57-58-2-18-19-3,0.14798,7.69167,6.90982e-310
dense_64_3,1,1,2201269,7.87452,11787,100000000,12-10-63-56-7-8-51-14-42-50-53-40-49-36-4-0-1-9-23-15-24-59-6-25-26-27-29-30-31-35-37-38-43-44-45-48-52-54-55-60-5-11-13-28-32-33-34-39-41-47-61-62-20-46-17-16-21-22-57-58-2-18-19-3,0.205522,7.669,0.0236636
dense_64_3,3,0,3071601,8.74915,10335,100000000,12-10-63-56-7-8-51-14-42-50-53-40-49-36-4-0-1-9-23-15-24-59-6-25-26-27-29-30-31-35-37-38-43-44-45-48-52-54-55-60-5-11-13-28-32-33-34-39-41-47-61-62-18-19-20-46-17-16-21-22-57-58-2-3,0.137945,8.6112,6.91476e-310
dense_64_3,3,1,3071601,14.8019,10335,100000000,12-10-63-56-7-8-51-14-42-50-53-40-49-36-4-0-1-9-23-15-24-59-6-25-26-27-29-30-31-35-37-38-43-44-45-48-52-54-55-60-5-11-13-28-32-33-34-39-41-47-61-62-18-19-20-46-17-16-21-22-57-58-2-3,0.211597,14.5904,0.0237394
dense_64_3,5,0,2402742,9.16307,10280,100000000,12-10-63-56-7-8-51-14-42-50-53-40-49-36-4-0-1-9-23-15-24-59-6-25-26-27-29-30-31-35-37-38-43-44-45-48-52-54-55-60-5-11-13-28-32-33-34-39-41-47-61-62-20-46-17-18-19-16-21-22-57-58-2-3,0.201566,8.9615,6.9054e-310
dense_64_3,0,0,2402299,8.45203,68454,100000000,10-56-12-63-7-8-51-14-42-50-53-40-49-36-4-1-0-9-23-15-24-20-46-59-6-25-26-27-29-30-31-35-37-38-43-44-45-48-52-54-55-60-5-11-13-28-32-33-34-39-41-47-61-62-17-16-21-22-57-58-18-19-2-3,0.596747,7.85529,6.93527e-310
dense_64_4,3,0,80708407,25.2703,30664,100000000,34-53-62-25-24-59-42-12-23-52-60-32-41-43-46-37-44-11-10-29-38-27-30-33-35-36-40-45-47-48-49-51-61-28-31-50-26-8-39-9-54-56-58-55-57-13-63-5-4-0-14-22-2-3-1-21-18-6-7-15-17-19-20-16,0.0500969,25.2202,6.9486e-310
dense_64_5,3,0,0,0.0457856,15044,0,46-6-5-0-1-2-3-4-17-8-48-55-19-22-32-37-53-7-59-14-57-13-16-35-15-29-50-9-10-11-18-21-23-24-30-31-33-34-36-38-39-41-42-43-47-54-56-58-12-20-25-28-40-52-44-26-27-45-49-51-60-61-62-63,0.0457524,3.3213e-05,6.93973e-310
dense_64_6,3,0,0,0.00391456,727,0,4-46-1-52-60-57-0-8-10-28-29-33-50-54-2-7-11-14-16-25-19-43-18-39-41-20-26-31-40-47-48-53-3-5-6-9-12-13-15-17-21-22-23-24-27-30-32-34-35-36-37-38-42-44-45-49-51-55-56-58-59-61-62-63,0.0038978,1.6765e-05,6.90974e-310
dense_64_7,3,0,1486363,5.38755,17559,100000000,35-0-3-22-10-16-34-24-14-36-42-52-53-54-59-40-60-18-1-4-6-8-11-20-32-46-47-39-41-49-51-2-12-26-28-29-27-30-23-55-56-63-57-61-25-58-44-48-45-62-43-5-7-9-13-15-17-19-21-31-33-37-50-38,0.0508889,5.33666,6.94027e-310
dense_64_8,3,0,770088,6.57755,13540,100000000,29-30-20-18-16-17-15-37-38-39-42-49-57-61-19-47-9-11-23-24-26-27-31-33-35-36-40-41-44-46-51-52-53-28-12-13-14-25-55-54-63-59-34-22-43-48-50-56-58-32-45-3-5-21-60-10-62-0-1-2-4-6-7-8,0.0662489,6.5113,6.94117e-310
dense_64_4,3,1,80708407,31.6448,30540,100000000,34-53-62-25-24-59-42-12-23-52-60-32-41-43-46-37-44-11-10-29-38-27-30-33-35-36-40-45-47-48-49-51-61-28-31-50-26-8-39-9-54-56-58-55-57-13-63-5-4-0-14-22-2-3-1-21-18-6-7-15-17-19-20-16,0.0506182,31.5941,0.00571245
dense_64_5,3,1,0,0.054402,15037,0,46-6-5-0-1-2-3-4-17-8-48-55-19-22-32-37-53-7-59-14-57-13-16-35-15-29-50-9-10-11-18-21-23-24-30-31-33-34-36-38-39-41-42-43-47-54-56-58-12-20-25-28-40-52-44-26-27-45-49-51-60-61-62-63,0.0543509,5.1157e-05,0.0152725
dense_64_6,3,1,0,0.00401145,727,0,4-46-1-52-60-57-0-8-10-28-29-33-50-54-2-7-11-14-16-25-19-43-18-39-41-20-26-31-40-47-48-53-3-5-6-9-12-13-15-17-21-22-23-24-27-30-32-34-35-36-37-38-42-44-45-49-51-55-56-58-59-61-62-63,0.0039924,1.9049e-05,0.0100931
dense_64_9,3,0,3032260,7.36609,27177,100000000,26-29-16-54-28-32-35-53-31-4-17-13-7-8-10-15-23-2-20-0-27-21-3-25-56-30-49-50-1-22-5-55-11-9-6-24-38-14-18-19-12-37-48-52-33-34-51-41-39-40-44-57-36-47-42-45-46-58-43-61-59-62-63-60,0.0482518,7.31784,6.91159e-310
dense_64_7,3,1,1486363,8.67397,17551,100000000,35-0-3-22-10-16-34-24-14-36-42-52-53-54-59-40-60-18-1-4-6-8-11-20-32-46-47-39-41-49-51-2-12-26-28-29-27-30-23-55-56-63-57-61-25-58-44-48-45-43-62-5-7-9-13-15-17-19-21-31-33-37-50-38,0.0513036,8.62267,0.00550401
dense_64_8,3,1,770088,10.8053,13486,100000000,29-30-20-18-16-17-15-37-38-39-42-49-57-61-19-47-9-11-23-24-26-27-31-33-35-36-40-41-44-46-51-52-53-28-12-13-14-25-55-54-63-59-34-22-43-48-50-56-58-32-45-3-5-21-60-10-62-0-1-2-4-6-7-8,0.0648735,10.7404,0.01431
dense_64_9,3,1,3032260,9.47108,27054,100000000,26-29-16-54-28-32-35-53-31-4-17-13-7-8-10-15-23-2-20-0-27-21-3-25-56-30-49-50-1-22-5-55-11-9-6-24-38-14-18-19-12-37-48-52-33-34-51-41-39-40-44-57-36-47-42-46-45-58-43-61-59-62-63-60,0.0524038,9.41868,0.00810721
dense_64_5,5,0,6770543,8.96259,7507,100000000,5-6-8-48-55-9-10-11-18-19-21-22-23-24-30-31-32-33-34-36-37-38-39-41-42-43-47-54-56-58-0-1-2-3-4-59-17-14-46-57-13-16-53-7-15-29-50-12-20-25-28-40-52-44-35-26-27-45-49-51-60-61-62-63,0.0570396,8.90555,6.92683e-310
dense_64_5,0,0,26395984,8.44682,82724,100000000,17-53-8-48-55-6-19-22-32-37-5-15-29-50-59-14-12-20-25-28-40-46-52-57-13-16-7-9-10-11-18-21-23-24-30-31-33-34-36-38-39-41-42-43-47-54-56-58-44-35-26-27-45-49-51-0-1-2-4-60-61-62-63-3,0.488004,7.95881,6.95204e-310
dense_64_6,1,0,0,0.000986699,408,0,7-11-14-16-19-25-43-18-4-39-41-20-26-31-40-47-48-52-53-57-60-5-6-8-9-10-12-13-15-17-21-22-23-24-27-28-29-30-32-33-34-35-36-37-38-42-44-45-46-49-50-51-54-55-56-58-59-61-62-63-0-1-2-3,0.000975615,1.1084e-05,6.91845e-310
dense_64_6,1,1,0,0.00119798,401,0,7-11-14-16-19-25-43-18-4-39-41-20-26-31-40-47-48-52-53-57-60-5-6-8-9-10-12-13-15-17-21-22-23-24-27-28-29-30-32-33-34-35-36-37-38-42-44-45-46-49-50-51-54-55-56-58-59-61-62-63-0-1-2-3,0.00118247,1.5509e-05,0.0135645
dense_64_7,1,0,1354851,5.22808,36183,100000000,53-52-54-60-59-36-42-40-35-0-22-10-24-3-16-34-14-1-4-6-8-11-20-32-18-2-12-39-41-49-51-46-47-44-48-26-28-29-27-30-23-55-56-63-25-57-61-58-62-5-7-9-13-15-17-19-21-31-33-45-43-37-50-38,0.0501695,5.17791,6.94627e-310
dense_64_7,1,1,1354851,5.22281,34676,100000000,53-52-54-60-59-36-42-40-35-0-22-10-24-3-16-34-14-1-4-6-8-11-20-32-18-2-12-39-41-49-51-46-47-44-48-26-28-29-27-30-23-25-55-56-63-57-61-58-62-5-7-9-13-15-17-19-21-31-33-45-43-37-50-38,0.051037,5.17178,0.00734519
dense_64_8,1,0,2723480,7.49174,21516,100000000,29-30-20-18-16-17-37-39-42-49-57-61-23-24-26-27-31-33-35-36-38-40-41-44-46-51-52-53-28-19-47-15-25-55-54-63-59-34-9-11-22-43-48-50-56-58-32-3-5-45-12-13-14-21-60-10-0-1-2-4-6-7-8-62,0.0517005,7.44004,6.93904e-310
dense_64_8,1,1,2723480,7.48784,20657,100000000,29-30-20-18-16-17-37-39-42-49-57-61-23-24-26-27-31-33-35-36-38-40-41-44-46-51-52-53-28-19-47-15-25-55-54-63-59-34-22-43-48-50-56-58-32-9-11-45-3-5-12-13-14-21-60-10-0-1-2-4-6-7-8-62,0.0536701,7.43417,0.013812
dense_64_9,1,0,2825220,7.05551,53065,100000000,26-29-16-54-28-32-35-53-31-4-17-13-7-8-10-15-23-2-20-0-27-21-3-25-56-30-49-50-1-22-55-11-9-6-24-5-14-18-19-38-37-48-52-12-33-34-51-41-39-40-36-47-44-42-43-45-46-57-58-61-59-62-63-60,0.0411447,7.01436,6.89864e-310
dense_64_9,1,1,6785834,8.24329,49303,100000000,26-29-16-54-28-32-35-53-31-4-17-13-7-8-10-15-23-2-20-0-27-21-3-25-56-30-49-50-1-22-55-11-9-6-24-5-14-18-19-38-37-48-52-12-33-34-51-41-39-40-36-47-44-42-46-57-58-61-59-62-45-63-60-43,0.0444819,8.1988,0.0112505
dense_64_7,5,0,913400,5.07097,7147,100000000,35-0-3-16-22-34-10-24-14-1-4-6-8-11-20-32-18-36-42-40-39-41-49-51-46-47-52-53-44-48-23-26-28-29-27-30-45-43-54-60-59-2-12-5-7-9-13-15-17-19-21-31-33-25-37-50-55-56-63-58-57-61-62-38,0.034752,5.03622,6.93056e-310
dense_64_8,5,0,770088,6.45707,10044,100000000,20-18-16-17-19-23-29-24-26-27-30-31-33-35-36-37-38-39-40-41-42-44-46-49-51-52-53-57-61-28-15-47-25-55-54-63-59-34-22-43-48-50-56-58-32-45-21-60-62-9-11-12-13-14-3-5-10-4-6-7-8-0-1-2,0.0455287,6.41154,6.95245e-310
dense_64_9,5,0,3004263,7.16617,25957,100000000,26-29-16-54-28-32-35-53-31-7-8-10-4-17-13-27-15-23-2-20-0-21-3-25-56-30-49-50-38-1-22-55-11-9-5-6-24-12-14-18-19-37-48-52-33-34-51-41-39-40-36-47-44-57-45-42-46-58-43-61-59-62-63-60,0.0510171,7.11515,6.90983e-310
dense_64_13,4,0,1524513,12.4794,13347,100000000,32-13-1-23-45-6-11-39-16-56-47-4-5-19-37-61-20-52-35-41-58-28-33-24-25-26-29-30-31-42-43-44-46-49-50-51-57-21-22-54-15-40-27-48-2-3-10-7-8-9-12-14-0-17-18-36-38-53-55-59-60-62-63-34,0.155538,12.3238,6.91149e-310
dense_64_13,4,1,1524513,12.4124,13347,100000000,32-13-1-23-45-6-11-39-16-56-47-4-5-19-37-61-20-52-35-41-58-28-33-24-25-26-29-30-31-42-43-44-46-49-50-51-57-21-22-54-15-40-27-48-2-3-10-7-8-9-12-14-0-17-18-36-38-53-55-59-60-62-63-34,0.155871,12.2566,0.0165872
dense_64_13,2,0,1524513,13.1122,13147,100000000,32-13-1-23-45-6-11-39-16-56-47-4-5-19-37-61-20-52-35-41-28-33-24-25-26-29-30-31-42-43-44-46-49-50-51-57-21-22-58-54-15-40-27-48-2-3-10-7-8-9-12-14-0-17-18-36-38-53-55-59-60-62-63-34,0.268576,12.8436,6.92579e-310
dense_64_13,2,1,1524513,22.7094,13147,100000000,32-13-1-23-45-6-11-39-16-56-47-4-5-19-37-61-20-52-35-41-28-33-24-25-26-29-30-31-42-43-44-46-49-50-51-57-21-22-58-54-15-40-27-48-2-3-10-7-8-9-12-14-0-17-18-36-38-53-55-59-60-62-63-34,0.398197,22.3112,0.0139804
dense_64_8,0,0,983358,9.41609,94279,100000000,16-17-18-20-30-37-39-42-49-57-61-29-47-25-55-23-24-26-27-31-33-35-36-38-40-41-44-46-51-52-53-54-63-59-34-22-43-48-50-56-58-32-28-45-21-60-62-15-9-11-3-5-0-1-2-4-6-7-8-12-13-14-19-10,0.545153,8.87094,6.90175e-310
dense_64_13,3,0,1479074,21.4137,16805,100000000,32-13-1-23-6-11-45-39-16-4-5-56-47-19-37-61-10-20-52-54-15-40-2-3-7-8-9-12-14-35-41-27-48-28-33-24-25-26-29-30-31-42-43-44-46-49-50-51-57-21-22-58-34-0-17-18-36-38-53-55-59-60-62-63,0.241386,21.1723,6.94088e-310
dense_64_13,3,1,1479074,21.7124,16805,100000000,32-13-1-23-6-11-45-39-16-4-5-56-47-19-37-61-10-20-52-54-15-40-2-3-7-8-9-12-14-35-41-27-48-28-33-24-25-26-29-30-31-42-43-44-46-49-50-51-57-21-22-58-34-0-17-18-36-38-53-55-59-60-62-63,0.241094,21.4713,0.0165235
dense_64_12,5,0,1190951,9.68878,17686,100000000,23-18-29-5-10-40-53-16-50-26-27-11-12-13-14-15-19-20-22-24-25-28-30-31-21-38-43-54-55-58-61-59-7-8-9-17-32-33-34-35-36-37-39-41-42-44-45-46-47-48-49-51-52-1-60-2-3-4-56-62-63-57-0-6,0.241967,9.44682,6.90152e-310
dense_64_16,4,0,2949679,10.1328,3739,100000000,32-30-10-15-13-45-19-12-23-25-8-14-43-7-37-44-31-21-40-0-2-4-5-6-9-16-18-28-36-41-47-48-11-38-49-39-1-20-42-24-58-53-35-51-17-22-29-33-26-3-27-34-50-46-52-54-55-57-56-60-61-59-63-62,0.0221397,10.1107,6.93218e-310
dense_64_13,5,0,1524513,12.7686,13369,100000000,32-13-1-23-45-6-11-39-16-56-47-4-5-19-37-61-20-52-35-41-58-54-15-40-28-33-24-25-26-29-30-31-42-43-44-46-49-50-51-57-21-22-27-48-2-3-10-7-8-9-12-14-0-17-18-36-38-53-55-59-60-62-63-34,0.206338,12.5623,6.91202e-310
dense_64_17,4,0,7622516,11.162,10803,100000000,50-37-47-48-38-61-22-21-1-25-3-7-10-13-8-58-28-34-35-0-2-27-30-40-55-29-31-32-33-36-39-41-42-43-44-45-46-49-51-53-54-52-5-6-4-9-11-12-14-16-23-20-26-56-57-59-60-62-63-15-17-24-18-19,0.106013,11.056,6.91529e-310
dense_64_18,4,0,1663999,6.34284,5102,100000000,30-25-22-9-28-49-20-32-33-36-47-8-7-16-56-12-54-58-18-23-39-11-13-35-40-43-44-61-48-10-19-21-50-51-52-42-14-53-62-27-29-55-60-15-17-24-26-31-34-37-38-41-45-46-57-59-63-1-3-4-5-6-2-0,0.0203267,6.32251,6.90876e-310
dense_64_15,3,0,2797913,9.38409,22949,100000000,35-59-53-54-33-37-42-61-50-30-52-55-56-34-43-48-63-46-44-45-47-49-62-28-27-15-16-26-25-21-22-14-32-36-51-57-58-60-5-13-7-18-17-39-38-40-41-0-29-6-8-9-10-11-12-19-20-24-1-3-31-23-2-4,0.0584659,9.32562,6.949e-310
dense_64_16,4,1,2949679,9.01551,3739,100000000,32-30-10-15-13-45-19-12-23-25-8-14-43-7-37-44-31-21-40-0-2-4-5-6-9-16-18-28-36-41-47-48-11-38-49-39-1-20-42-24-58-53-35-51-17-22-29-33-26-3-27-34-50-46-52-54-55-57-56-60-61-59-63-62,0.0219594,8.99355,0.0157045
dense_64_19,4,0,3358549,6.37425,17853,100000000,48-46-45-27-28-47-37-39-17-11-34-41-30-32-43-18-4-3-1-0-5-7-6-10-49-8-44-20-38-40-29-31-33-35-36-42-2-14-25-15-16-19-21-22-23-24-26-9-12-13-50-51-53-52-54-56-58-59-60-55-57-61-62-63,0.0432149,6.33103,6.91389e-310
dense_64_20,4,0,557780,0.182392,17929,0,21-41-27-43-39-61-45-38-22-23-25-26-40-42-52-24-28-60-51-53-44-47-49-50-59-29-48-19-14-10-12-18-16-20-11-13-15-17-32-33-34-36-37-62-31-46-54-30-35-63-58-8-7-4-6-9-3-0-2-1-55-5-57-56,0.0256054,0.156787,6.92319e-310
dense_64_17,4,1,7622516,6.48687,10803,100000000,50-37-47-48-38-61-22-21-1-25-3-7-10-13-8-58-28-34-35-0-2-27-30-40-55-29-31-32-33-36-39-41-42-43-44-45-46-49-51-53-54-52-5-6-4-9-11-12-14-16-23-20-26-56-57-59-60-62-63-15-17-24-18-19,0.0712767,6.4156,0.00741964
dense_64_16,3,0,2605458,10.0224,8647,100000000,32-30-10-15-13-19-12-8-7-37-44-31-21-40-23-25-14-43-0-2-4-5-6-9-16-18-28-36-41-47-48-11-38-49-58-53-35-51-29-45-24-17-22-33-39-1-20-42-46-26-3-27-34-56-60-52-54-55-57-50-61-59-63-62,0.0280123,9.99441,6.92252e-310
dense_64_18,4,1,1663999,9.776,5101,100000000,30-25-22-9-28-49-20-32-33-36-47-8-7-16-56-12-54-58-18-23-39-11-13-35-40-43-44-61-48-10-19-21-50-51-52-42-14-53-62-27-29-55-60-15-17-24-26-31-34-37-38-41-45-46-57-59-63-1-3-4-5-6-2-0,0.020252,9.75575,0.0118807
dense_64_21,4,0,7489361,13.3724,8107,100000000,27-37-1-14-34-41-4-15-18-19-3-30-7-13-32-44-63-0-45-5-20-61-17-22-43-49-6-16-21-23-31-33-42-62-38-11-26-2-39-40-50-8-9-10-12-24-28-29-35-36-25-51-52-56-54-55-57-59-53-47-48-60-46-58,0.0272325,13.3452,6.90061e-310
dense_64_17,3,0,7319892,10.1043,13408,100000000,50-37-47-48-27-61-22-21-1-3-7-25-10-13-58-28-34-35-0-2-46-30-38-40-55-29-31-32-33-36-39-41-42-43-44-45-49-51-53-54-8-5-6-4-9-11-12-14-16-23-52-26-56-57-59-60-62-63-24-15-17-20-18-19,0.0857069,10.0186,6.89988e-310
dense_64_15,3,1,2797913,6.65515,22854,100000000,35-59-53-54-33-37-42-61-50-30-52-55-56-34-43-48-63-46-44-45-47-49-62-28-27-15-16-26-25-21-22-14-32-36-51-57-58-60-5-13-7-18-17-39-38-40-41-0-29-6-8-9-10-11-12-19-20-24-1-3-31-23-2-4,0.0573496,6.5978,0.00584743
dense_64_22,4,0,141306,7.93253,10523,100000000,13-12-15-18-23-56-59-41-31-45-47-14-57-58-19-16-26-50-39-48-53-32-38-35-3-51-27-63-17-21-22-24-25-33-34-52-54-55-60-61-62-20-0-10-37-7-46-4-5-8-1-2-9-11-36-40-49-28-29-30-44-6-42-43,0.163388,7.76914,6.95199e-310
dense_64_23,4,0,0,0.015837,7768,0,2-11-42-48-49-61-51-18-19-24-22-23-25-26-27-30-29-31-32-33-28-34-0-9-4-8-12-13-6-7-5-59-21-36-20-1-10-3-35-37-39-38-15-14-16-40-17-41-52-57-62-50-53-54-55-56-58-60-63-43-45-46-44-47,0.0158155,2.1504e-05,6.9337e-310
dense_64_16,3,1,2605458,6.78955,8620,100000000,32-30-10-15-13-19-12-8-7-37-44-31-21-40-23-25-14-43-0-2-4-5-6-9-16-18-28-36-41-47-48-11-38-49-58-53-35-51-29-45-24-17-22-33-39-1-20-42-46-26-3-27-34-56-60-52-54-55-57-50-61-59-63-62,0.0285692,6.76098,0.0201298
dense_64_19,4,1,3358151,10.1253,17846,100000000,48-46-45-27-28-47-37-39-17-11-34-41-30-32-43-18-4-3-1-0-5-7-6-10-49-8-44-20-38-40-29-31-33-35-36-42-2-14-25-15-16-19-21-22-23-24-26-9-12-13-50-51-53-52-54-56-58-59-60-55-57-61-62-63,0.0494285,10.0759,0.00251086
dense_64_20,4,1,557780,0.269513,17894,0,21-41-27-43-39-61-45-38-22-23-25-26-40-42-52-24-28-60-51-53-44-47-49-50-59-29-48-19-14-10-12-18-16-20-11-13-15-17-32-33-34-36-37-62-31-46-54-30-35-63-58-8-7-4-6-9-3-0-2-1-55-5-57-56,0.0262459,0.243267,0.00371582
dense_64_17,3,1,7319892,11.3694,13408,100000000,50-37-47-48-27-61-22-21-1-3-7-25-10-13-58-28-34-35-0-2-46-30-38-40-55-29-31-32-33-36-39-41-42-43-44-45-49-51-53-54-8-5-6-4-9-11-12-14-16-23-52-26-56-57-59-60-62-63-24-15-17-20-18-19,0.0864455,11.2829,0.0074171
dense_64_21,4,1,7489361,17.4412,8093,100000000,27-37-1-14-34-41-4-15-18-19-3-30-7-13-32-44-63-0-45-5-20-61-17-22-43-49-6-16-21-23-31-33-42-62-38-11-26-2-39-40-50-8-9-10-12-24-28-29-35-36-25-51-52-56-54-55-57-59-53-47-48-60-46-58,0.0441328,17.3971,0.00963871
dense_64_22,4,1,141306,8.37234,10523,100000000,13-12-15-18-23-56-59-41-31-45-47-14-57-58-19-16-26-50-39-48-53-32-38-35-3-51-27-63-17-21-22-24-25-33-34-52-54-55-60-61-62-20-0-10-37-7-46-4-5-8-1-2-9-11-36-40-49-28-29-30-44-6-42-43,0.165229,8.20711,0.0162677
dense_64_23,4,1,0,0.0162417,7728,0,2-11-42-48-49-61-51-18-19-24-22-23-25-26-27-30-29-31-32-33-28-34-0-9-4-8-12-13-6-7-5-59-21-36-20-35-37-39-1-10-38-3-15-14-16-40-17-41-52-57-62-50-53-54-55-56-58-60-63-43-45-46-44-47,0.0162204,2.1364e-05,0.00200677
dense_64_16,2,0,2797995,6.17565,3204,100000000,32-30-10-15-13-45-19-58-53-35-51-12-7-37-44-31-23-25-8-14-43-0-2-4-5-6-9-16-18-28-36-41-47-48-11-21-40-38-49-29-39-1-20-42-24-17-22-33-26-3-27-34-50-52-54-55-57-46-61-59-63-56-60-62,0.0538321,6.12182,6.92155e-310
dense_64_17,2,0,7351609,11.3448,7480,100000000,50-37-47-48-27-61-22-21-1-23-25-3-7-30-38-10-13-58-8-28-34-35-14-16-11-12-9-0-2-26-56-57-59-60-62-63-40-55-29-31-32-33-36-39-41-42-43-44-45-46-49-51-53-54-52-5-6-4-15-17-20-24-18-19,0.160651,11.1842,6.9192e-310
dense_64_18,2,0,1682752,10.012,3946,100000000,30-22-25-28-9-49-20-32-33-36-47-8-7-16-56-1-6-12-54-58-18-23-39-11-13-35-40-43-44-61-29-42-55-60-48-10-27-19-21-3-4-5-50-51-52-2-14-53-62-15-17-24-26-31-34-37-38-41-45-46-57-59-63-0,0.049654,9.96232,6.93488e-310
dense_64_19,2,0,3312872,10.3895,11085,100000000,48-46-45-47-27-28-6-1-11-37-39-8-17-0-34-41-30-32-43-14-25-18-4-3-5-7-10-49-44-2-20-9-38-40-50-51-53-52-54-56-58-59-29-31-33-35-36-42-15-16-19-21-22-23-24-26-60-55-57-12-13-61-62-63,0.0816979,10.3078,6.9127e-310
dense_64_20,2,0,0,0.0530531,8220,0,39-43-61-38-62-40-42-60-41-45-51-53-44-47-49-50-52-59-63-48-54-55-56-57-58-46-21-27-22-23-25-26-24-28-29-32-33-34-36-37-31-30-35-19-14-10-12-18-16-20-11-13-15-17-8-7-6-4-9-3-0-2-1-5,0.0530325,2.0673e-05,6.93418e-310
dense_64_16,2,1,2797995,10.0771,3204,100000000,32-30-10-15-13-45-19-58-53-35-51-12-7-37-44-31-23-25-8-14-43-0-2-4-5-6-9-16-18-28-36-41-47-48-11-21-40-38-49-29-39-1-20-42-24-17-22-33-26-3-27-34-50-52-54-55-57-46-61-59-63-56-60-62,0.0651427,10.0119,0.0159288
dense_64_21,2,0,4767915,15.0921,5236,100000000,27-37-1-14-34-41-4-15-18-19-3-30-7-13-32-44-63-0-49-45-5-20-61-17-22-43-51-59-6-16-21-23-31-33-42-62-52-56-54-55-57-38-11-26-47-48-2-39-40-53-50-58-8-9-10-12-24-28-29-35-36-25-60-46,0.0777009,15.0144,6.90652e-310
dense_64_22,2,0,141149,8.38485,10196,100000000,13-12-15-18-23-56-59-14-41-31-45-47-57-58-19-16-26-50-39-48-53-32-38-35-3-51-27-63-17-21-22-24-25-33-34-52-54-55-60-61-62-20-0-10-37-7-46-4-1-2-9-11-36-40-49-5-8-30-44-28-29-6-42-43,0.308017,8.07684,6.93615e-310
dense_64_23,2,0,0,0.038733,0,0,2-9-0-4-6-7-8-11-5-42-1-10-43-44-45-46-47-48-49-61-50-51-52-53-54-55-56-57-58-59-60-62-63-3-12-13-14-16-18-19-21-36-24-20-35-37-39-22-23-25-26-27-30-38-29-31-32-33-40-15-17-28-34-41,0.0387179,1.5051e-05,6.94769e-310
dense_64_17,2,1,7351609,11.3958,7480,100000000,50-37-47-48-27-61-22-21-1-23-25-3-7-30-38-10-13-58-8-28-34-35-14-16-11-12-9-0-2-26-56-57-59-60-62-63-40-55-29-31-32-33-36-39-41-42-43-44-45-46-49-51-53-54-52-5-6-4-15-17-20-24-18-19,0.160401,11.2354,0.00745182
dense_64_18,2,1,1682752,9.86308,3944,100000000,30-22-25-28-9-49-20-32-33-36-47-8-7-16-56-1-6-12-54-58-18-23-39-11-13-35-40-43-44-61-29-42-55-60-48-10-27-19-21-3-4-5-50-51-52-2-14-53-62-15-17-24-26-31-34-37-38-41-45-46-57-59-63-0,0.048382,9.8147,0.0121968
dense_64_19,2,1,3312872,10.3641,11085,100000000,48-46-45-47-27-28-6-1-11-37-39-8-17-0-34-41-30-32-43-14-25-18-4-3-5-7-10-49-44-2-20-9-38-40-50-51-53-52-54-56-58-59-29-31-33-35-36-42-15-16-19-21-22-23-24-26-60-55-57-12-13-61-62-63,0.0813858,10.2827,0.00252551
dense_64_20,2,1,0,0.0534357,8220,0,39-43-61-38-62-40-42-60-41-45-51-53-44-47-49-50-52-59-63-48-54-55-56-57-58-46-21-27-22-23-25-26-24-28-29-32-33-34-36-37-31-30-35-19-14-10-12-18-16-20-11-13-15-17-8-7-6-4-9-3-0-2-1-5,0.0534128,2.2871e-05,0.00370643
dense_64_24,2,0,32124028,30.6819,4418,100000000,28-33-45-44-47-35-39-40-54-8-1-15-10-37-29-30-36-41-48-49-31-38-53-17-32-25-27-22-55-57-9-34-50-58-63-43-11-13-14-23-24-26-18-19-20-21-46-51-6-7-5-4-52-0-2-3-42-60-62-59-61-56-16-12,0.0527205,30.6292,6.94143e-310
dense_64_21,2,1,4767915,14.8212,5236,100000000,27-37-1-14-34-41-4-15-18-19-3-30-7-13-32-44-63-0-49-45-5-20-61-17-22-43-51-59-6-16-21-23-31-33-42-62-52-56-54-55-57-38-11-26-47-48-2-39-40-53-50-58-8-9-10-12-24-28-29-35-36-25-60-46,0.0765229,14.7447,0.00962552
dense_64_22,2,1,141149,8.34882,10196,100000000,13-12-15-18-23-56-59-14-41-31-45-47-57-58-19-16-26-50-39-48-53-32-38-35-3-51-27-63-17-21-22-24-25-33-34-52-54-55-60-61-62-20-0-10-37-7-46-4-1-2-9-11-36-40-49-5-8-30-44-28-29-6-42-43,0.30749,8.04133,0.0169799
dense_64_23,2,1,0,0.04038,0,0,2-9-0-4-6-7-8-11-5-42-1-10-43-44-45-46-47-48-49-61-50-51-52-53-54-55-56-57-58-59-60-62-63-3-12-13-14-16-18-19-21-36-24-20-35-37-39-22-23-25-26-27-30-38-29-31-32-33-40-15-17-28-34-41,0.0403622,1.7823e-05,0.00186033
dense_64_24,2,1,32124028,30.8716,4418,100000000,28-33-45-44-47-35-39-40-54-8-1-15-10-37-29-30-36-41-48-49-31-38-53-17-32-25-27-22-55-57-9-34-50-58-63-43-11-13-14-23-24-26-18-19-20-21-46-51-6-7-5-4-52-0-2-3-42-60-62-59-61-56-16-12,0.0532538,30.8183,0.00326544
dense_64_13,1,0,1340433,19.0847,17114,100000000,32-13-1-23-6-11-45-39-16-4-5-56-47-19-37-61-20-52-54-15-40-2-3-10-7-8-9-12-14-35-41-58-28-33-24-25-26-29-30-31-42-43-44-46-49-50-51-57-21-22-27-48-0-17-18-36-38-53-55-59-60-62-63-34,0.166884,18.9179,6.92926e-310
dense_64_13,1,1,1340433,19.0118,17102,100000000,32-13-1-23-6-11-45-39-16-4-5-56-47-19-37-61-20-52-54-15-40-2-3-10-7-8-9-12-14-35-41-58-28-33-24-25-26-29-30-31-42-43-44-46-49-50-51-57-21-22-27-48-0-17-18-36-38-53-55-59-60-62-63-34,0.234468,18.7773,0.0162533
dense_64_15,5,0,1920749,10.1486,21407,100000000,35-59-34-53-54-37-42-61-50-52-55-56-33-30-36-51-57-58-60-32-43-48-63-44-45-46-47-49-62-28-27-15-16-21-26-25-22-14-5-13-7-18-17-6-8-9-10-11-12-19-20-39-38-40-41-0-1-3-24-29-31-23-2-4,0.110725,10.0379,6.92356e-310
dense_64_16,5,0,2949704,10.1335,6643,100000000,32-30-12-15-13-7-37-44-31-21-40-23-25-8-10-19-45-14-43-49-0-2-4-5-6-9-16-18-28-36-41-47-48-11-38-24-58-53-35-51-17-22-29-33-39-1-20-42-46-26-3-27-34-50-52-54-55-57-56-60-61-59-63-62,0.0481109,10.0854,6.92888e-310
dense_64_17,5,0,7671446,11.3063,9295,100000000,50-37-47-48-27-61-22-21-1-23-25-3-7-30-38-58-10-13-8-28-34-35-0-2-26-56-57-59-60-62-63-40-55-29-31-32-33-36-39-41-42-43-44-45-46-49-51-53-54-52-5-6-4-24-20-9-11-12-14-16-15-17-18-19,0.109936,11.1964,6.90001e-310
dense_64_19,3,0,3547164,6.43281,21826,100000000,48-46-45-27-28-37-39-17-47-34-41-18-3-4-1-0-49-20-44-38-40-5-7-15-16-19-21-22-23-24-26-14-25-6-10-9-8-29-31-33-35-36-42-11-30-32-43-50-51-53-2-52-54-56-58-59-60-55-57-12-13-61-62-63,0.0389846,6.39382,6.90699e-310
dense_64_20,3,0,1336261,0.392783,27217,0,21-41-27-39-61-38-45-26-43-22-23-25-40-42-52-28-24-51-53-60-44-47-49-50-19-14-30-11-13-15-17-10-12-18-16-20-59-46-29-32-33-34-36-37-62-48-31-63-54-35-8-7-4-6-3-0-2-1-5-58-9-55-57-56,0.0323788,0.360404,6.92007e-310
dense_64_18,5,0,961510,14.2527,3645,100000000,30-25-22-9-28-49-20-32-33-36-47-8-7-16-56-6-1-12-54-58-18-23-39-11-13-35-40-43-44-61-48-10-27-29-42-55-60-19-21-4-5-3-50-51-52-2-0-14-53-62-15-17-24-26-31-34-37-38-41-45-46-57-59-63,0.0554985,14.1972,6.91135e-310
dense_64_19,5,0,3358563,6.35532,12051,100000000,48-46-45-47-27-28-37-39-11-17-34-41-30-32-43-14-25-18-4-3-1-0-8-5-6-7-10-49-2-44-20-9-38-40-29-31-33-35-36-42-15-16-19-21-22-23-24-26-12-13-50-51-53-52-54-56-58-59-60-55-57-61-62-63,0.0342709,6.32105,6.94182e-310
dense_64_21,3,0,14878289,12.8427,9994,100000000,27-37-1-14-34-41-4-15-18-19-3-30-7-13-32-44-63-0-45-5-20-61-17-22-43-49-38-11-26-2-39-40-50-8-9-10-12-24-28-29-35-36-25-6-16-21-23-31-33-42-62-51-52-56-54-55-57-59-53-60-48-46-47-58,0.0399551,12.8028,6.92376e-310
dense_64_19,3,1,3546744,10.2793,21805,100000000,48-46-45-27-28-37-39-17-47-34-41-18-3-4-1-0-49-20-44-38-40-5-7-15-16-19-21-22-23-24-26-14-25-6-10-9-8-29-31-33-35-36-42-11-30-32-43-50-51-53-2-52-54-56-58-59-60-55-57-12-13-61-62-63,0.0486121,10.2307,0.00259773
dense_64_20,3,1,1336261,0.688681,27098,0,21-41-27-39-61-38-45-26-43-22-23-25-40-42-52-28-24-51-53-60-44-47-49-50-19-14-30-11-13-15-17-10-12-18-16-20-59-46-29-32-33-34-36-37-62-48-31-63-35-54-8-7-4-6-3-0-2-1-5-58-9-55-57-56,0.0337944,0.654887,0.00356991
dense_64_22,3,0,1449039,16.3788,19298,100000000,13-12-23-56-59-15-18-41-31-45-47-57-58-14-19-16-26-50-38-46-39-48-53-0-10-37-32-35-3-51-27-7-63-17-21-22-24-25-33-34-52-54-55-60-61-62-4-5-8-20-1-2-9-11-36-40-49-42-43-6-28-29-30-44,0.216402,16.1624,6.92466e-310
dense_64_23,3,0,0,0.0528418,42174,0,4-0-8-5-1-10-3-2-13-15-12-9-6-7-14-11-42-48-49-59-61-52-57-62-50-51-53-54-55-56-58-60-63-43-45-46-18-19-22-23-25-32-30-26-27-28-16-40-17-41-31-24-20-44-47-21-36-35-37-39-38-29-33-34,0.0528183,2.3453e-05,6.89949e-310
dense_64_20,5,0,158160461,25.5654,17900,100000000,21-41-27-43-39-61-45-38-26-52-22-23-25-40-42-28-24-51-53-60-29-32-33-34-36-37-62-31-44-47-49-50-59-48-19-14-10-12-18-16-20-30-35-63-46-11-13-15-17-54-58-8-7-4-6-9-55-3-0-2-1-5-57-56,0.0407207,25.5246,6.94829e-310
dense_64_24,3,0,2561008,9.58752,17901,100000000,44-53-50-45-35-39-54-58-63-33-28-37-47-40-55-57-25-17-27-22-10-1-9-15-18-32-60-62-59-46-51-8-43-23-24-19-20-21-61-29-30-36-41-48-49-26-31-38-34-52-56-11-13-14-0-2-3-4-5-6-7-12-16-42,0.0337406,9.55378,6.93587e-310
dense_64_21,5,0,7489361,9.77531,8155,100000000,27-37-1-14-34-41-4-15-18-19-3-30-7-13-32-44-63-0-45-5-20-61-17-22-43-49-6-16-21-23-31-33-42-62-38-11-26-2-39-40-50-8-9-10-12-24-28-29-35-36-25-51-52-56-54-55-57-59-53-47-48-60-46-58,0.067169,9.70814,6.94645e-310
dense_64_21,3,1,14884263,23.8528,9978,100000000,27-37-1-14-34-41-4-15-18-19-3-30-7-13-32-44-63-0-45-5-20-61-17-22-43-49-38-11-26-2-39-40-50-8-9-10-12-24-28-29-35-36-25-6-16-21-23-31-33-42-62-51-52-56-54-55-57-53-59-60-48-46-47-58,0.0377631,23.815,0.00950658
dense_64_22,5,0,141306,5.17944,10523,100000000,13-12-15-18-23-56-59-41-31-45-47-14-57-58-19-16-26-50-39-48-53-32-38-35-3-51-27-63-17-21-22-24-25-33-34-52-54-55-60-61-62-20-0-10-37-7-46-4-5-8-1-2-9-11-36-40-49-28-29-30-44-6-42-43,0.186955,4.99249,6.93487e-310
dense_64_23,5,0,1763082,7.49046,1276,100000000,2-9-0-11-42-48-18-19-24-20-23-25-26-30-4-21-36-27-22-29-32-33-12-31-8-35-37-39-28-6-7-43-45-46-13-5-34-38-10-1-3-14-15-16-40-49-59-61-17-41-52-57-62-44-47-50-51-53-54-55-56-58-60-63,0.0290512,7.46141,6.94257e-310
dense_64_22,3,1,1449039,14.3549,19206,100000000,13-12-23-56-59-15-18-41-31-45-47-57-58-14-19-16-26-50-38-46-39-48-53-0-10-37-32-35-3-51-27-7-63-17-21-22-24-25-33-34-52-54-55-60-61-62-4-5-8-20-1-2-9-11-36-40-49-42-43-6-28-29-30-44,0.207502,14.1474,0.0170374
dense_64_23,3,1,0,0.053471,41928,0,4-0-8-5-1-10-3-2-13-15-12-9-6-7-14-11-42-48-49-59-61-52-57-62-50-51-53-54-55-56-58-60-63-43-45-46-18-19-22-23-25-32-30-26-27-28-16-40-17-41-31-24-20-44-47-21-36-35-37-39-38-29-33-34,0.0534446,2.6367e-05,0.00193847
dense_64_24,3,1,2561008,9.45873,17897,100000000,44-53-50-45-35-39-54-58-63-33-28-37-47-40-55-57-25-17-27-22-10-1-9-15-18-32-60-62-59-46-51-8-43-23-24-19-20-21-61-29-30-36-41-48-49-26-31-38-34-52-56-11-13-14-0-2-3-4-5-6-7-12-16-42,0.0340546,9.42468,0.00322266
dense_64_24,5,0,31352124,30.0226,7057,100000000,28-33-45-44-47-35-39-40-37-29-30-36-41-48-49-31-38-53-32-27-22-25-17-15-34-50-54-55-57-58-63-23-24-19-20-21-26-46-51-43-52-18-42-8-1-9-10-60-62-59-11-13-14-56-61-0-2-3-4-5-6-7-12-16,0.0484906,29.9741,6.9079e-310
dense_64_25,5,0,5680274,10.6023,24330,100000000,38-27-36-41-48-3-31-32-34-43-46-21-20-52-19-28-29-30-35-37-42-45-47-54-55-57-62-33-39-44-49-50-51-53-58-59-61-63-17-26-40-56-60-18-1-5-22-23-24-25-16-4-10-13-14-0-2-6-7-8-9-11-12-15,0.238085,10.3642,6.92218e-310
dense_64_26,5,0,1015065,10.1804,29817,100000000,7-39-35-63-28-56-46-42-9-12-59-58-6-10-11-27-55-60-33-51-32-37-41-45-8-34-36-47-48-49-50-52-54-57-61-62-43-44-5-53-2-16-14-26-0-1-4-13-25-29-30-31-3-38-40-17-23-24-15-18-20-22-19-21,0.314492,9.86594,6.90175e-310
dense_64_26,2,0,948328,5.70046,26321,100000000,7-39-35-63-28-56-46-42-9-12-59-58-10-11-27-6-55-60-33-51-32-37-41-45-8-34-36-47-48-49-50-52-54-57-61-62-43-44-5-53-2-16-14-26-0-1-4-13-25-29-30-31-3-38-40-23-24-17-22-20-18-15-21-19,0.290731,5.40973,6.89845e-310
dense_64_26,2,1,948328,5.83629,26318,100000000,7-39-35-63-28-56-46-42-9-12-59-58-10-11-27-6-55-60-33-51-32-37-41-45-8-34-36-47-48-49-50-52-54-57-61-62-43-44-5-53-2-16-14-26-0-1-4-13-25-29-30-31-3-38-40-17-23-24-22-20-18-15-21-19,0.285842,5.55045,0.0149067
dense_64_26,4,0,1015065,6.14651,29774,100000000,7-39-35-63-28-56-46-42-9-12-59-58-10-11-27-6-55-60-33-51-32-37-41-45-8-34-36-47-48-49-50-52-54-57-61-62-43-44-5-53-2-16-14-26-0-1-4-13-25-29-30-31-3-38-40-17-23-24-15-18-20-22-19-21,0.184443,5.96207,6.90828e-310
dense_64_26,4,1,1015065,6.30083,29684,100000000,7-39-35-63-28-56-46-42-9-12-59-58-10-11-27-6-55-60-33-51-32-37-41-45-8-34-36-47-48-49-50-52-54-57-61-62-43-44-5-53-2-16-14-26-0-1-4-13-25-29-30-31-3-38-40-17-23-24-15-18-20-22-19-21,0.179892,6.12093,0.015107
dense_64_26,3,0,1155745,7.43878,32684,100000000,7-35-39-63-28-56-46-9-12-42-59-58-10-11-27-6-60-55-33-5-32-51-37-41-45-8-34-36-47-48-49-50-52-54-57-61-62-53-2-16-14-26-0-1-4-13-25-29-30-31-3-43-44-38-40-17-23-24-15-18-20-22-19-21,0.220083,7.2187,6.92492e-310
dense_64_26,3,1,1155745,10.5195,32567,100000000,7-35-39-63-28-56-46-9-12-42-59-58-10-11-27-6-60-55-33-5-32-51-37-41-45-8-34-36-47-48-49-50-52-54-57-61-62-53-2-16-14-26-0-1-4-13-25-29-30-31-3-43-44-38-40-17-23-24-15-18-20-22-19-21,0.223982,10.2955,0.0148891
dense_64_28,5,0,141550,8.4515,18988,100000000,30-57-3-44-54-4-7-1-12-27-28-51-62-63-5-50-11-9-29-34-46-52-43-15-18-19-42-10-13-14-16-17-25-26-31-32-33-45-53-55-58-59-60-61-6-8-35-36-37-38-47-48-49-56-20-21-22-23-24-41-39-40-2-0,0.440613,8.01089,6.92731e-310
dense_64_29,5,0,7882981,16.4653,9810,100000000,58-60-22-12-28-33-42-15-16-7-9-20-24-34-36-39-44-56-21-30-26-45-18-61-38-11-35-25-59-29-14-6-31-32-37-43-57-5-52-13-27-10-17-8-2-46-55-40-62-19-41-23-63-48-49-54-51-53-47-3-4-0-1-50,0.115505,16.3498,6.90857e-310
dense_64_28,2,0,141550,8.70794,18976,100000000,30-57-3-44-54-4-7-1-12-27-28-51-62-63-5-50-11-9-29-34-46-52-43-15-18-19-42-10-13-14-16-17-25-26-31-32-33-45-53-55-58-59-60-61-39-40-6-8-35-36-37-38-47-48-49-56-20-21-22-23-24-41-2-0,0.604314,8.10362,6.94439e-310
dense_64_30,5,0,8725607,11.4897,9426,100000000,55-36-43-29-24-25-32-39-53-17-15-22-34-58-59-57-12-14-16-13-11-9-1-4-60-18-45-23-33-35-56-40-41-44-46-48-49-50-51-52-54-42-47-7-8-21-26-27-30-31-28-0-2-3-5-37-38-10-61-6-19-20-62-63,0.0244537,11.4652,6.9277e-310
dense_64_29,2,0,8540448,16.8557,7372,100000000,58-60-22-12-28-33-42-15-16-7-9-20-24-34-36-39-44-56-21-30-26-45-38-18-61-6-11-35-25-59-29-14-5-31-32-37-43-57-13-27-10-52-17-8-2-46-55-40-62-19-41-23-63-54-53-48-49-51-47-0-1-3-4-50,0.129413,16.7263,6.9188e-310
dense_64_30,2,0,8665787,11.1618,8795,100000000,55-36-43-29-24-25-32-39-53-17-15-22-34-58-57-59-12-14-11-9-1-4-16-13-7-8-60-40-41-44-45-46-48-49-50-51-52-54-23-33-35-56-42-2-3-5-21-0-18-47-26-27-30-31-28-37-38-10-6-61-19-20-62-63,0.0508048,11.111,6.90917e-310
dense_64_28,2,1,141550,8.71632,18976,100000000,30-57-3-44-54-4-7-1-12-27-28-51-62-63-5-50-11-9-29-34-46-52-43-15-18-19-42-10-13-14-16-17-25-26-31-32-33-45-53-55-58-59-60-61-39-40-6-8-35-36-37-38-47-48-49-56-20-21-22-23-24-41-2-0,0.603866,8.11245,0.018012
dense_64_29,2,1,8540448,16.7765,7372,100000000,58-60-22-12-28-33-42-15-16-7-9-20-24-34-36-39-44-56-21-30-26-45-38-18-61-6-11-35-25-59-29-14-5-31-32-37-43-57-13-27-10-52-17-8-2-46-55-40-62-19-41-23-63-54-53-48-49-51-47-0-1-3-4-50,0.129639,16.6469,0.0152633
dense_64_30,2,1,8665787,11.2289,8795,100000000,55-36-43-29-24-25-32-39-53-17-15-22-34-58-57-59-12-14-11-9-1-4-16-13-7-8-60-40-41-44-45-46-48-49-50-51-52-54-23-33-35-56-42-2-3-5-21-0-18-47-26-27-30-31-28-37-38-10-6-61-19-20-62-63,0.0512506,11.1777,0.00291115
dense_64_16,1,1,2949679,6.54314,16420,100000000,32-30-10-15-13-12-7-37-44-31-21-40-23-25-8-14-43-0-2-4-5-6-9-16-18-28-36-41-47-48-11-38-49-58-35-51-29-17-22-33-53-19-24-39-1-20-42-45-46-26-3-27-34-50-52-54-55-57-56-60-61-59-63-62,0.057984,6.48516,0.0206563
dense_64_16,1,0,2949679,8.86768,17920,100000000,32-30-10-15-13-12-7-37-44-31-21-40-23-25-8-14-43-0-2-4-5-6-9-16-18-28-36-41-47-48-11-38-49-58-35-51-29-17-22-33-53-19-39-1-20-42-24-46-26-45-3-27-34-50-52-54-55-57-56-60-61-59-63-62,0.0374581,8.83022,6.9033e-310
dense_64_13,0,0,1524513,11.7644,83799,100000000,32-1-23-13-45-39-6-11-16-56-47-19-37-61-4-5-20-52-35-41-58-54-15-40-28-33-24-25-26-29-30-31-42-43-44-46-49-50-51-57-21-22-0-17-18-27-36-38-48-53-55-59-60-62-63-34-2-3-10-7-8-9-12-14,0.454552,11.3098,6.90502e-310
dense_64_17,1,0,7318290,6.5958,20302,100000000,50-37-47-48-28-34-35-27-61-22-25-21-3-58-1-7-10-13-30-38-40-55-29-31-32-33-36-39-41-42-43-44-45-46-49-51-53-54-23-8-0-2-52-26-56-57-59-60-62-63-5-6-9-11-12-14-16-15-17-24-4-20-18-19,0.0626616,6.53314,6.91292e-310
dense_64_17,1,1,7318164,11.2907,20104,100000000,50-37-47-48-28-34-35-27-61-22-25-21-3-1-58-7-10-13-30-38-40-55-29-31-32-33-36-39-41-42-43-44-45-46-49-51-53-54-8-23-0-2-52-26-56-57-59-60-62-63-5-6-4-9-11-12-14-16-15-17-24-20-18-19,0.0954166,11.1952,0.00740619
dense_64_28,4,0,141550,5.24063,18978,100000000,30-57-3-44-54-4-7-1-12-27-28-51-62-63-5-50-11-9-29-34-46-52-43-15-18-19-42-10-13-14-16-17-25-26-31-32-33-45-53-55-58-59-60-61-6-8-35-36-37-38-47-48-49-56-20-21-22-23-24-41-39-40-2-0,0.262566,4.97806,6.9133e-310
dense_64_29,4,0,7882981,16.3425,9011,100000000,58-60-22-12-28-33-42-15-16-7-9-20-24-34-36-39-44-56-21-30-26-45-18-61-38-11-35-25-59-29-14-6-5-31-32-37-43-57-13-27-52-10-17-8-2-46-55-40-62-19-41-23-63-48-49-54-51-53-47-0-1-3-4-50,0.0756018,16.2669,6.89906e-310
dense_64_30,4,0,11051186,7.75279,13368,100000000,22-15-34-58-57-59-12-14-11-9-1-4-13-16-7-8-60-23-55-29-43-24-25-32-36-33-35-56-0-2-3-5-17-45-26-27-30-31-28-46-18-39-53-40-41-44-48-49-50-51-52-54-42-21-47-10-61-6-37-38-19-20-62-63,0.0250291,7.72776,6.9305e-310
dense_64_28,4,1,141550,5.20801,18978,100000000,30-57-3-44-54-4-7-1-12-27-28-51-62-63-5-50-11-9-29-34-46-52-43-15-18-19-42-10-13-14-16-17-25-26-31-32-33-45-53-55-58-59-60-61-6-8-35-36-37-38-47-48-49-56-20-21-22-23-24-41-39-40-2-0,0.265647,4.94236,0.0178739
dense_64_29,4,1,7882981,9.44978,9011,100000000,58-60-22-12-28-33-42-15-16-7-9-20-24-34-36-39-44-56-21-30-26-45-18-61-38-11-35-25-59-29-14-6-5-31-32-37-43-57-13-27-52-10-17-8-2-46-55-40-62-19-41-23-63-48-49-54-51-53-47-0-1-3-4-50,0.0754668,9.37432,0.0152799
dense_64_28,3,0,141550,5.13958,19452,100000000,30-57-3-44-54-4-7-1-12-27-28-51-62-63-5-50-46-11-9-29-34-52-20-21-22-23-24-41-43-15-18-19-42-10-13-14-16-17-25-26-31-32-33-45-53-55-58-59-60-61-39-40-6-8-35-36-37-38-47-48-49-56-2-0,0.211387,4.9282,6.93308e-310
dense_64_30,4,1,11051186,6.49549,13368,100000000,22-15-34-58-57-59-12-14-11-9-1-4-13-16-7-8-60-23-55-29-43-24-25-32-36-33-35-56-0-2-3-5-17-45-26-27-30-31-28-46-18-39-53-40-41-44-48-49-50-51-52-54-42-21-47-10-61-6-37-38-19-20-62-63,0.0256451,6.46984,0.00296822
dense_64_29,3,0,7882981,9.47496,9478,100000000,58-60-22-12-28-33-42-15-16-7-9-20-24-34-36-39-44-56-21-30-26-45-18-61-38-11-35-25-59-29-14-6-5-31-32-37-43-57-13-27-52-10-17-8-2-46-55-40-62-19-41-23-63-48-49-54-51-53-47-0-1-3-4-50,0.0559702,9.41899,6.94205e-310
dense_64_30,3,0,11051461,6.95605,28191,100000000,22-14-15-34-58-57-59-12-13-35-29-36-56-55-43-23-33-17-24-25-32-46-45-11-9-1-4-7-8-0-2-3-5-16-60-40-41-44-48-49-50-51-52-54-42-18-39-53-47-6-37-38-26-27-30-31-28-61-21-10-19-20-62-63,0.0397082,6.91634,6.9267e-310
dense_64_28,3,1,141550,5.1307,19452,100000000,30-57-3-44-54-4-7-1-12-27-28-51-62-63-5-50-46-11-9-29-34-52-20-21-22-23-24-41-43-15-18-19-42-10-13-14-16-17-25-26-31-32-33-45-53-55-58-59-60-61-39-40-6-8-35-36-37-38-47-48-49-56-2-0,0.239112,4.89159,0.0179785
dense_64_29,3,1,7882981,9.5158,9477,100000000,58-60-22-12-28-33-42-15-16-7-9-20-24-34-36-39-44-56-21-30-26-45-18-61-38-11-35-25-59-29-14-6-5-31-32-37-43-57-13-27-52-10-17-8-2-46-55-40-62-19-41-23-63-48-49-54-51-53-47-0-1-3-4-50,0.0566785,9.45912,0.0153566
dense_64_30,3,1,11051461,6.5844,28173,100000000,22-14-15-34-58-57-59-12-13-35-29-36-56-55-43-23-33-17-24-25-32-46-45-11-9-1-4-7-8-0-2-3-5-16-60-40-41-44-48-49-50-51-52-54-42-18-39-53-47-6-37-38-26-27-30-31-28-61-21-10-19-20-62-63,0.0267735,6.55763,0.00292273
dense_64_19,1,0,3974410,7.20241,38924,100000000,28-27-48-46-45-39-37-17-47-34-41-18-4-49-20-44-38-40-3-1-0-5-7-14-25-15-16-19-21-22-23-24-26-30-32-43-8-29-31-33-35-36-42-11-12-13-6-2-10-50-51-53-9-52-54-56-58-59-60-55-57-61-62-63,0.0590354,7.14337,6.90742e-310
dense_64_20,1,0,553475,0.157441,45693,0,21-41-39-61-38-45-27-43-26-52-24-51-53-28-19-14-22-23-25-40-42-60-11-13-15-17-44-47-49-50-29-32-33-34-36-37-62-31-59-48-10-12-18-16-20-30-35-63-46-8-7-4-6-3-0-2-1-5-9-54-55-56-57-58,0.0311414,0.126299,6.943e-310
dense_64_19,1,1,3974016,7.1939,37816,100000000,28-27-48-46-45-39-37-17-47-34-41-18-4-49-20-44-38-40-3-1-0-5-7-14-25-15-16-19-21-22-23-24-26-30-32-43-8-29-31-33-35-36-42-11-12-13-6-2-10-9-50-51-53-52-54-56-58-59-60-55-57-61-62-63,0.0494977,7.14441,0.00265685
dense_64_20,1,1,553475,0.157075,43998,0,21-41-39-61-38-45-27-43-26-52-24-51-53-28-19-14-22-23-25-40-42-60-11-13-15-17-44-47-49-50-29-32-33-34-36-37-62-31-59-48-10-12-18-16-20-30-35-63-46-8-7-4-6-3-0-2-1-5-9-54-58-55-56-57,0.0315067,0.125568,0.00367784
dense_64_21,1,0,4720100,8.68527,19047,100000000,27-37-1-14-34-41-4-15-18-19-3-30-7-13-32-44-63-0-45-5-20-61-17-22-43-49-11-26-38-50-2-8-9-10-12-24-28-29-35-36-25-6-16-21-23-31-33-42-62-51-52-56-54-55-57-53-59-47-48-39-40-60-58-46,0.0307421,8.65453,6.90722e-310
dense_64_21,1,1,4720100,8.70263,18063,100000000,27-37-1-14-34-41-4-15-18-19-3-30-7-13-32-44-63-0-45-5-20-61-17-22-43-49-11-26-38-50-2-8-9-10-12-24-28-29-35-36-25-6-16-21-23-31-33-42-62-51-52-56-54-55-57-53-59-47-48-39-40-60-58-46,0.0341197,8.66851,0.015601
dense_64_22,1,0,141108,5.39208,34317,100000000,23-56-59-12-15-18-41-31-45-47-57-58-13-19-16-26-50-39-48-53-0-10-37-32-38-35-3-51-27-63-17-21-22-24-25-33-34-52-54-55-60-61-62-20-4-5-8-1-2-9-11-36-40-49-14-7-46-6-28-29-30-44-42-43,0.175564,5.21651,6.93763e-310
dense_64_23,1,0,174,0.0420792,82718,0,0-8-5-2-13-9-4-6-7-11-42-12-15-43-45-46-48-49-59-52-57-62-61-50-51-53-54-55-56-58-60-63-1-10-3-14-44-47-16-18-19-22-23-25-32-30-26-27-28-31-24-20-21-36-35-37-39-38-29-33-40-17-34-41,0.042012,6.7197e-05,6.95082e-310
dense_64_22,1,1,141108,5.1494,29626,100000000,23-56-59-12-15-18-41-31-45-47-57-58-13-19-16-26-50-39-48-53-0-10-37-32-38-35-3-51-27-63-7-17-21-22-24-25-33-34-52-54-55-60-61-62-20-4-5-8-1-2-9-11-36-40-49-14-46-6-28-29-30-44-42-43,0.154233,4.99517,0.0170958
dense_64_23,1,1,174,0.0426061,75972,0,0-8-5-2-13-9-4-6-7-11-42-15-12-48-49-59-52-57-62-61-50-51-53-54-55-56-58-60-63-43-45-46-1-10-3-14-18-19-22-23-25-32-30-26-27-28-31-24-20-21-36-35-37-39-38-16-40-44-47-17-41-29-33-34,0.0425269,7.9133e-05,0.00196775
dense_64_24,1,0,14074262,7.5204,29604,100000000,44-53-45-54-50-35-39-58-63-47-40-55-57-33-28-25-27-22-37-17-8-1-10-15-18-23-24-19-20-21-60-62-59-26-9-52-61-29-30-36-41-48-49-31-38-32-34-46-51-43-0-2-3-4-5-6-7-56-11-13-14-12-16-42,0.0344975,7.4859,6.9047e-310
dense_64_24,1,1,14074390,7.51843,28516,100000000,44-53-45-54-50-35-39-58-63-47-40-55-57-33-28-25-27-22-37-17-15-8-1-10-18-23-24-19-20-21-60-62-59-26-9-52-61-29-30-36-41-48-49-31-38-34-32-46-51-43-0-2-3-4-5-6-7-56-11-13-14-12-16-42,0.0348054,7.48362,0.00329379
dense_64_16,0,0,1009222,5.78749,79974,100000000,15-12-32-7-37-44-31-21-40-13-49-30-23-24-25-8-10-19-45-14-43-58-53-0-2-4-5-6-9-16-18-28-35-36-41-47-48-51-11-38-17-22-29-33-39-1-20-42-3-26-27-34-52-54-55-57-61-59-63-56-60-50-46-62,0.423747,5.36374,6.91568e-310
dense_64_26,1,0,1185953,5.8622,46541,100000000,7-35-39-63-28-56-46-9-12-42-59-58-10-11-27-6-55-60-33-5-32-51-37-41-45-8-34-36-47-48-49-50-52-54-57-61-62-53-2-16-14-26-0-1-4-13-25-29-30-31-3-43-44-38-40-17-18-20-23-24-22-19-21-15,0.155913,5.70628,6.92886e-310
dense_64_26,1,1,846694,5.59386,43991,100000000,7-35-39-63-28-56-46-9-12-42-59-58-10-11-27-6-55-60-33-5-32-51-37-41-45-8-34-36-47-48-49-50-52-54-57-61-62-53-2-16-14-26-0-1-4-13-25-29-30-31-3-43-44-38-40-17-23-24-18-20-22-15-19-21,0.158662,5.43519,0.0179885
dense_64_28,1,0,141550,5.125,20147,100000000,30-57-3-44-54-4-7-1-12-27-28-51-62-63-5-50-11-9-29-34-46-52-43-15-18-19-42-10-13-14-16-17-25-26-31-32-33-45-53-55-58-59-60-61-39-40-20-21-22-23-24-41-6-8-35-36-37-38-47-48-49-56-2-0,0.22516,4.89984,6.90267e-310
dense_64_28,1,1,141550,5.23116,19978,100000000,30-57-3-44-54-4-7-1-12-27-28-51-62-63-5-50-11-9-29-34-46-52-43-15-18-19-42-10-13-14-16-17-25-26-31-32-33-45-53-55-58-59-60-61-39-40-20-21-22-23-24-41-6-8-35-36-37-38-47-48-49-56-2-0,0.213628,5.01753,0.0181938
dense_64_29,1,0,7882981,9.47027,17300,100000000,58-60-22-12-28-33-42-15-16-7-9-20-24-34-36-39-44-56-21-30-26-45-18-61-38-11-35-25-59-29-14-6-5-31-32-37-43-57-13-27-52-10-17-8-46-55-40-62-19-41-23-63-2-48-49-54-51-53-47-0-1-3-4-50,0.0446651,9.4256,6.92916e-310
dense_64_29,1,1,7882981,9.43464,16346,100000000,58-60-22-12-28-33-42-15-16-7-9-20-24-34-36-39-44-56-21-30-26-45-18-61-38-11-35-25-59-29-14-6-5-31-32-37-43-57-13-27-52-10-17-8-46-55-40-62-19-41-23-63-2-48-49-54-51-53-47-0-1-3-4-50,0.0487033,9.38593,0.0152475
dense_64_30,1,0,11549745,6.61107,55056,100000000,22-14-15-34-58-57-59-12-13-35-29-56-55-43-36-23-33-45-24-25-32-16-40-41-44-46-48-49-50-51-52-54-42-39-53-47-18-11-9-1-4-7-8-0-2-3-5-6-60-17-21-26-27-30-31-28-37-38-61-10-19-20-62-63,0.0371582,6.57391,6.93411e-310
dense_64_30,1,1,11549745,6.57533,52846,100000000,22-14-15-34-58-57-59-12-13-35-29-56-55-43-36-23-33-45-24-25-32-16-40-41-44-46-48-49-50-51-52-54-42-39-53-47-18-11-9-1-4-7-8-0-2-3-5-6-60-17-26-27-30-31-28-21-37-38-61-10-19-20-62-63,0.0376909,6.53764,0.00295165
dense_64_19,0,0,1153919510,221.002,134261,100000000,27-18-28-38-40-20-39-45-46-34-41-17-48-4-49-14-25-37-30-32-43-15-16-19-21-22-23-24-26-50-51-53-60-55-57-11-29-31-33-35-36-42-44-52-54-56-58-59-3-1-0-8-5-6-7-2-12-13-10-47-61-9-62-63,0.157685,220.844,6.94844e-310
dense_64_20,0,0,1822106,5.19868,141006,100000000,52-21-41-19-14-39-28-61-38-26-24-45-27-43-29-32-33-34-36-37-62-22-23-25-40-42-60-31-30-51-53-10-12-18-35-44-47-49-50-59-63-8-7-4-6-11-13-15-17-16-20-48-3-9-0-2-5-54-1-55-56-57-58-46,0.150797,5.04788,6.91102e-310
dense_64_23,0,0,317367666,44.2623,159213,100000000,0-8-5-2-13-15-9-12-4-6-7-11-42-1-10-43-44-45-46-47-48-49-59-52-57-62-61-50-51-53-54-55-56-58-60-63-3-14-16-18-19-22-23-21-36-24-20-25-32-30-26-27-28-35-37-39-38-29-31-33-40-17-34-41,0.119228,44.1431,6.928e-310
dense_64_24,0,0,2249626,5.43089,127378,100000000,53-44-50-45-33-37-28-25-27-22-47-35-39-29-30-36-41-48-49-8-1-15-9-10-31-38-40-54-58-63-55-57-18-32-34-17-23-24-0-2-3-4-5-6-7-19-20-21-60-61-62-11-13-14-59-12-16-26-56-46-51-43-52-42,0.177286,5.2536,6.94902e-310
dense_64_26,0,0,1160580,5.82711,102106,100000000,28-63-7-56-46-9-12-42-35-39-59-58-10-11-27-6-5-55-60-33-51-32-37-41-45-2-16-53-8-34-36-47-48-49-50-52-54-57-61-62-14-26-0-1-4-13-25-29-30-31-3-43-44-17-18-20-23-24-22-38-40-19-21-15,0.332328,5.49479,6.94391e-310
dense_64_28,0,0,141550,5.1327,82411,100000000,30-57-44-54-4-7-1-12-27-28-51-62-63-5-50-3-11-9-29-34-46-52-43-15-18-19-42-10-13-14-16-17-25-26-31-32-33-45-53-55-58-59-60-61-39-40-6-8-35-36-37-38-47-48-49-56-20-21-22-23-24-41-2-0,0.439028,4.69367,6.93299e-310
dense_64_30,0,0,9746402,6.10536,144718,100000000,1-7-4-8-6-9-11-22-14-35-56-34-58-29-57-59-55-43-45-36-39-40-41-44-46-48-49-50-51-52-53-54-24-25-42-47-15-16-17-23-32-33-12-18-21-37-38-13-26-27-30-31-0-2-3-5-28-60-61-10-19-20-62-63,0.154717,5.95064,6.95103e-310
