dense_64_1,1,0,1638765,8.42954,5977525,100000000,21-26-22-20-23-24-25-19-18-17-16-27-14-13-10-1-9-5-7-2-3-4-8-15-28-30-31-39-38-32-49-36-35-37-44-46-45-52-54-53-58-59-41-33-34-42-56-47-57-55-43-11-12-29-40-51-60-61-62-63-0-6-48-50,2.74541,5.68413,6.94806e-310
dense_64_1,1,1,2757687,8.51488,5193084,100000000,21-26-22-20-23-24-25-19-18-17-16-27-14-13-10-1-9-5-7-2-3-4-8-15-28-30-31-38-39-32-49-36-35-37-44-46-45-52-54-53-58-59-41-33-34-42-56-57-47-55-43-40-51-29-60-61-62-63-11-12-6-50-0-48,2.84665,5.66822,0.000936462
dense_64_1,2,0,34500687,13.48,3256470,100000000,26-21-22-23-20-24-25-27-19-18-17-16-28-30-31-39-38-32-49-36-37-35-44-46-45-52-54-53-58-59-41-42-34-33-43-56-57-47-55-40-51-50-14-60-61-62-63-15-13-10-1-9-5-7-4-3-2-8-29-6-48-0-12-11,4.10962,9.37035,6.91832e-310
dense_64_1,5,0,34500054,12.8738,3878979,100000000,26-21-22-23-20-24-25-19-27-18-17-16-28-30-31-39-38-32-49-36-37-35-44-46-45-52-54-53-58-59-41-34-42-33-56-57-47-55-43-40-51-50-14-60-61-62-63-15-13-10-1-9-5-7-3-4-2-8-48-29-6-0-12-11,3.50001,9.37383,6.93177e-310
dense_64_1,4,0,23921475,14.1256,4178204,100000000,21-26-22-20-23-24-25-19-27-18-17-16-28-30-31-39-38-32-49-36-35-37-52-54-53-58-59-44-46-45-56-57-41-55-47-33-34-42-43-14-60-61-62-63-40-15-13-10-1-9-5-7-2-3-4-8-6-51-48-50-29-0-11-12,5.52084,8.60471,6.90258e-310
dense_64_1,2,1,34500665,13.5666,3187411,100000000,26-21-22-23-20-24-25-27-19-18-17-16-28-30-31-39-38-32-49-36-37-35-44-46-45-52-54-53-58-59-41-42-34-33-43-56-57-47-55-40-51-50-14-15-60-61-62-63-13-10-1-9-5-7-4-3-2-8-29-6-48-0-12-11,4.08673,9.47983,0.00097871
dense_64_1,3,0,30948621,15.0037,4766028,100000000,21-26-22-20-23-19-24-25-18-17-16-27-14-28-30-31-39-38-32-52-54-53-58-59-49-44-46-45-36-35-37-56-57-55-41-33-34-42-47-43-60-61-62-63-40-13-10-1-9-5-7-2-3-4-8-6-0-15-50-48-51-11-12-29,5.65599,9.34769,6.89882e-310
dense_64_1,4,1,23921193,14.4991,3880297,100000000,21-26-22-20-23-24-25-19-27-18-17-16-28-30-31-39-38-32-49-36-35-37-52-54-53-58-59-44-46-45-56-57-41-55-33-34-42-47-43-14-40-13-10-1-9-5-7-2-3-4-8-15-60-61-62-63-51-6-48-50-29-0-11-12,5.63545,8.86369,0.0013131
dense_64_1,3,1,23906386,14.7812,4329378,100000000,21-26-22-20-23-19-24-25-18-17-16-27-14-13-10-1-9-5-7-2-3-4-8-28-30-31-38-39-32-52-54-53-58-59-49-44-46-45-36-35-37-56-57-55-41-33-34-42-43-47-40-60-61-62-63-15-51-6-50-0-29-48-11-12,5.71433,9.0669,0.000942843
dense_64_2,1,0,2355309,8.85892,6781138,100000000,50-54-42-40-38-44-51-55-48-49-43-41-39-45-47-36-31-32-30-35-33-34-53-29-37-46-28-23-21-26-27-19-20-22-25-16-14-13-11-12-9-0-2-1-10-3-4-5-6-8-18-52-56-57-60-61-63-62-58-59-7-15-17-24,2.46396,6.39495,6.90907e-310
dense_64_2,1,1,1179253,8.61979,6075929,100000000,50-54-42-40-38-44-51-55-43-48-49-41-39-45-47-53-36-31-32-30-35-33-34-29-37-46-56-57-60-61-63-62-58-59-52-28-23-21-26-27-19-20-22-25-16-14-18-13-11-12-9-0-2-1-10-3-4-5-6-8-7-24-17-15,2.84787,5.77191,0.000884454
dense_64_2,5,0,1178751,8.65351,4909133,100000000,50-54-42-40-38-44-51-55-43-48-49-41-39-47-45-53-36-31-32-30-35-37-34-33-29-56-52-46-57-60-61-63-62-28-23-21-26-27-19-20-22-25-16-24-14-58-59-18-13-11-12-9-0-2-1-3-10-5-6-4-8-7-17-15,3.36957,5.28395,6.92097e-310
dense_64_2,2,0,1178450,9.39631,4324311,100000000,50-54-42-40-38-44-51-55-43-48-49-41-47-45-39-53-36-31-32-30-35-37-46-34-33-29-52-56-57-28-23-21-26-27-19-20-22-25-16-60-61-63-62-18-24-59-58-14-13-11-12-9-0-2-1-10-3-8-6-5-4-7-17-15,4.2338,5.1625,6.94099e-310
dense_64_2,2,1,1178450,9.82486,4286910,100000000,50-54-42-40-38-44-51-55-43-48-49-41-47-45-39-53-36-31-32-30-35-37-46-34-33-52-29-56-57-28-23-21-26-27-19-20-22-25-16-60-61-63-62-18-24-59-58-14-13-11-12-9-0-2-1-10-3-8-6-5-4-7-17-15,4.59759,5.22727,0.000827736
dense_64_2,4,0,1178638,10.7778,4953111,100000000,50-54-42-40-38-44-55-51-43-41-48-49-39-45-47-53-36-31-32-30-35-37-33-34-29-46-52-28-23-21-26-27-19-20-22-25-16-18-24-14-56-57-60-61-63-62-58-59-13-11-12-9-0-2-1-3-10-4-5-6-8-7-17-15,5.59121,5.18661,6.90315e-310
dense_64_2,3,0,1200918,10.876,5513324,100000000,50-54-42-40-38-44-51-41-55-39-43-48-49-36-31-32-30-35-45-47-33-34-29-53-37-28-23-21-26-27-19-20-25-22-16-46-52-56-57-60-61-63-62-24-14-58-59-13-11-12-9-0-2-1-3-10-4-5-6-8-7-18-17-15,5.6732,5.2028,6.91501e-310
dense_64_2,3,1,1192317,11.2482,5214306,100000000,50-54-42-40-38-44-51-55-43-41-39-48-49-36-31-32-30-35-45-47-53-33-34-29-37-46-28-23-21-26-27-19-20-22-25-16-56-57-60-61-63-62-52-24-14-58-59-13-11-12-9-0-2-1-3-10-4-5-6-8-7-18-17-15,6.015,5.23324,0.00072232
dense_64_2,4,1,1178755,10.9174,4746420,100000000,50-54-42-40-38-44-55-51-43-48-49-41-39-45-47-53-36-31-32-30-35-37-33-34-29-46-52-28-23-21-26-27-19-20-22-25-16-18-56-57-60-61-63-62-24-14-58-59-13-11-12-9-0-2-1-3-10-4-5-6-8-7-17-15,5.83166,5.08573,0.00133031
dense_64_3,1,0,4019181,8.27516,8192035,100000000,50-39-56-40-46-57-41-43-47-48-54-36-55-58-35-51-44-45-49-52-53-34-33-32-29-30-25-26-31-28-21-20-17-15-8-6-5-7-10-11-12-2-3-4-19-23-1-13-14-16-18-22-24-27-37-38-59-60-61-62-0-9-42-63,2.58531,5.68985,6.923e-310
dense_64_3,1,1,3243838,8.12982,7338825,100000000,50-39-40-56-46-57-41-43-47-48-54-36-55-58-35-51-49-44-45-52-53-34-33-32-29-30-25-26-31-28-21-20-17-15-8-6-5-7-10-11-12-2-3-4-13-14-19-23-24-27-18-22-16-59-60-61-37-38-42-1-62-9-0-63,2.66892,5.4609,0.000752965
dense_64_3,5,0,4016086,7.69504,4577513,100000000,50-40-56-46-39-57-41-43-47-48-36-54-55-58-35-51-49-45-44-42-52-53-59-34-33-32-29-30-31-25-26-28-21-37-38-27-24-20-17-15-8-6-5-7-10-11-3-2-4-12-13-14-9-1-23-60-19-16-22-61-18-0-62-63,2.07518,5.61986,6.90993e-310
dense_64_3,2,0,3463451,8.95582,4110002,100000000,50-39-56-40-46-57-41-43-47-48-54-55-36-58-51-49-35-45-44-53-52-42-59-38-37-34-33-32-29-30-31-25-26-28-27-21-24-20-17-15-8-6-7-5-10-11-12-3-2-4-13-14-9-23-60-1-19-16-22-18-61-62-0-63,3.43171,5.52411,6.93057e-310
dense_64_3,2,1,3463446,9.04387,3995454,100000000,50-39-56-40-46-57-41-43-47-48-54-55-36-58-51-49-35-45-44-53-52-42-59-38-37-34-33-32-29-30-31-25-26-28-27-21-24-20-17-15-8-6-7-5-10-11-12-3-2-4-13-14-9-23-60-19-1-16-22-18-61-62-0-63,3.65096,5.39291,0.000904613
dense_64_3,4,0,3571805,10.0802,5340664,100000000,50-39-56-40-46-57-41-47-48-54-55-43-36-58-35-51-49-44-45-34-33-32-29-30-31-25-26-28-59-52-53-42-21-27-20-17-15-8-6-5-7-10-11-2-3-4-12-1-13-14-60-9-24-23-19-37-38-61-22-18-16-0-62-63,4.56695,5.51328,6.92977e-310
dense_64_4,1,0,1998478,7.74226,5502820,100000000,26-22-27-24-19-31-32-33-16-18-15-17-34-36-30-23-25-28-29-37-40-43-45-47-46-48-49-44-20-38-39-41-14-13-6-12-3-2-4-5-7-8-9-10-11-1-21-42-50-51-52-61-53-55-56-54-57-62-63-58-59-60-0-35,2.61898,5.12327,6.9239e-310
dense_64_3,3,0,3559219,10.3622,5985669,100000000,50-39-56-57-40-46-41-43-58-55-35-51-36-47-48-49-54-44-45-34-33-32-29-30-25-26-31-28-21-59-20-17-42-15-8-6-5-7-10-2-3-11-4-12-1-52-53-13-14-9-27-19-60-23-37-38-16-61-18-22-24-62-0-63,4.91727,5.44489,6.94411e-310
dense_64_3,4,1,3574795,10.7354,5029626,100000000,50-39-56-40-46-57-41-47-48-54-55-43-36-58-35-51-49-44-45-34-33-32-29-30-31-25-26-28-59-52-53-42-21-20-17-15-8-6-5-7-10-11-2-3-4-12-27-13-14-1-24-60-9-23-19-37-38-22-18-61-16-0-62-63,5.13376,5.60163,0.00161598
dense_64_3,3,1,3586534,10.7571,5607047,100000000,50-39-56-57-40-46-41-43-58-55-35-51-36-47-48-49-54-44-45-34-33-32-29-30-25-26-31-28-21-59-20-17-15-8-6-5-7-10-11-2-3-4-12-13-14-52-53-42-1-27-9-19-23-60-24-37-38-16-18-22-61-0-62-63,5.23406,5.52304,0.000779059
dense_64_4,1,1,9322272,8.56854,4919731,100000000,6-12-3-2-13-4-5-7-8-9-10-11-1-14-15-18-16-19-26-22-27-24-31-32-33-36-17-34-30-28-29-23-25-37-40-43-45-47-46-48-49-44-41-20-38-39-42-21-50-51-52-61-53-55-56-54-57-62-63-58-59-60-35-0,2.70297,5.86558,0.00139757
dense_64_4,5,0,10069094,11.0551,3216817,100000000,26-22-27-24-31-32-33-19-30-23-25-28-29-36-34-16-18-15-17-20-21-14-13-12-6-3-2-5-7-8-9-10-11-4-1-37-40-43-45-47-46-44-48-49-41-35-42-38-39-0-50-51-52-61-53-55-56-54-57-63-62-58-59-60,2.59334,8.46179,6.94925e-310
dense_64_4,2,0,9693743,9.57901,2849370,100000000,12-6-3-13-2-11-10-9-8-7-5-4-14-15-18-16-19-26-22-27-24-31-32-33-30-28-29-23-25-36-34-17-1-20-21-37-40-43-45-47-46-44-48-49-41-39-38-42-35-50-51-52-61-53-55-56-54-57-63-62-60-59-58-0,3.49299,6.08602,6.94974e-310
dense_64_4,2,1,9693435,9.82909,2779898,100000000,12-6-3-2-13-11-10-9-8-7-5-4-14-15-18-16-19-26-22-27-24-31-32-33-30-28-29-23-25-36-34-17-1-20-21-37-40-43-45-47-46-44-48-49-41-42-39-38-35-50-51-52-61-53-55-56-54-57-63-62-60-59-58-0,3.69849,6.13059,0.00136329
dense_64_5,1,0,2691421,8.0736,5727523,100000000,10-19-22-14-23-20-21-11-9-8-3-4-2-6-7-5-24-18-17-15-16-30-32-59-58-35-43-36-61-62-63-57-39-40-41-42-37-38-56-53-55-60-44-45-48-46-47-50-51-49-52-54-1-12-25-26-27-28-29-31-34-0-13-33,2.43381,5.63979,6.93999e-310
dense_64_5,1,1,4989376,8.21185,5253718,100000000,10-19-22-14-23-20-21-11-9-8-3-4-2-6-7-5-24-18-17-15-16-30-32-59-58-35-43-36-61-62-63-57-39-40-41-42-37-38-56-53-55-60-44-45-48-46-47-50-51-49-52-54-34-29-31-25-26-27-28-1-12-33-0-13,2.57694,5.6349,0.000960773
dense_64_4,4,0,10069095,12.6735,3504945,100000000,26-22-27-24-31-32-33-19-30-23-25-28-29-16-18-36-34-15-17-37-40-43-45-47-46-44-48-49-20-41-35-14-13-12-6-3-2-4-5-7-8-9-10-11-1-38-39-42-21-0-50-51-52-61-53-55-56-54-57-62-63-58-59-60,4.33848,8.33497,6.92611e-310
dense_64_5,5,0,2450772,7.20645,3032168,100000000,10-19-22-14-23-9-8-3-4-21-20-11-2-7-6-5-24-18-15-17-16-30-32-59-58-57-63-62-61-35-43-36-56-60-44-45-48-50-51-47-46-49-40-41-42-39-37-53-55-52-38-54-12-1-29-26-28-25-27-34-31-33-13-0,2.00472,5.20173,6.92981e-310
dense_64_5,2,0,3716837,8.47942,2758696,100000000,10-19-22-14-23-9-8-3-4-21-20-11-7-2-6-18-5-24-17-15-16-30-32-59-58-35-43-36-63-62-61-57-60-44-45-48-50-51-47-46-56-42-49-41-40-39-37-38-53-55-52-54-12-34-29-26-28-25-27-1-31-33-13-0,3.185,5.29442,6.94805e-310
dense_64_4,3,0,30473364,14.0304,4055778,100000000,26-22-27-24-31-32-33-19-30-28-29-36-34-23-25-16-18-15-17-37-40-43-45-47-46-48-49-44-14-13-12-6-3-2-4-5-7-8-9-10-11-1-35-20-38-39-21-50-51-52-61-53-55-56-54-62-63-57-58-59-60-41-0-42,4.5943,9.43611,6.93457e-310
dense_64_4,4,1,10069141,13.1908,3266193,100000000,26-22-27-24-31-32-33-19-30-23-25-28-29-16-18-36-34-15-17-37-40-43-45-47-46-44-48-49-14-13-6-12-3-2-4-5-7-8-9-10-11-1-20-41-35-21-42-38-39-0-50-51-52-61-53-55-56-54-57-62-63-58-59-60,4.71242,8.4784,0.000952887
dense_64_5,2,1,3717179,8.56593,2739425,100000000,10-19-22-14-23-9-8-3-4-21-20-11-7-2-6-18-5-24-17-15-16-30-32-59-58-35-43-36-63-62-61-57-60-44-45-48-50-51-47-46-56-42-41-49-40-39-37-38-53-55-52-54-12-34-29-26-28-25-27-1-31-33-13-0,3.31481,5.25112,0.000992551
dense_64_6,1,0,3674777,7.87309,6766529,100000000,4-6-5-10-9-17-18-24-28-26-16-11-12-25-22-23-27-19-20-3-2-1-29-21-7-8-0-14-32-13-30-31-33-15-34-35-36-40-39-37-38-43-45-47-46-48-50-41-42-44-51-52-53-55-56-59-57-58-60-61-62-49-54-63,2.61073,5.26237,6.9288e-310
dense_64_6,1,1,6021103,8.18381,5962862,100000000,4-6-5-10-9-17-18-24-28-26-16-11-12-25-22-23-27-19-20-3-2-1-21-29-7-8-14-0-13-32-30-31-33-15-34-35-36-40-39-37-38-43-45-47-50-46-48-44-51-52-53-55-56-59-57-58-60-61-41-42-62-49-54-63,2.70262,5.48119,0.00134986
dense_64_5,4,0,6070617,9.2955,3595064,100000000,10-19-22-14-23-20-9-8-3-4-21-2-5-6-7-11-24-18-17-15-16-30-32-59-58-35-43-36-63-62-57-61-44-45-48-50-51-46-47-56-49-60-39-40-41-42-37-53-55-38-52-54-1-12-34-31-33-29-25-26-27-28-0-13,3.53265,5.76286,6.89832e-310
dense_64_4,3,1,109695477,21.7346,3678607,100000000,6-12-3-2-13-4-5-7-8-9-10-11-1-14-15-18-16-19-26-22-27-24-31-32-33-30-36-34-28-29-23-25-17-37-40-43-45-47-46-48-49-44-35-20-21-38-39-41-50-51-52-61-53-55-56-54-62-63-57-58-59-60-0-42,4.77766,16.9569,0.000912868
dense_64_6,5,0,4055383,7.94655,4659556,100000000,4-6-5-10-9-17-18-24-28-26-16-12-11-3-2-1-27-23-22-25-8-7-19-20-21-29-0-14-13-15-32-31-33-30-34-35-36-40-39-38-37-43-45-47-42-41-50-48-46-44-51-52-53-55-56-59-58-57-60-61-54-62-49-63,2.60301,5.34354,6.91923e-310
dense_64_6,2,0,3477764,8.96103,4036873,100000000,4-5-6-10-9-17-18-24-28-26-16-12-11-3-2-1-27-25-23-22-19-20-8-7-21-14-13-29-0-15-32-33-31-30-34-35-36-40-39-38-37-43-45-47-42-41-48-46-50-44-51-52-53-55-56-59-58-57-60-61-54-62-49-63,3.73126,5.22977,6.91135e-310
dense_64_5,3,0,4860445,8.9038,3727468,100000000,10-19-22-14-9-8-3-4-23-2-20-21-11-5-24-17-15-16-6-7-18-30-32-59-58-35-43-36-61-62-63-57-44-45-48-50-51-46-47-56-49-60-39-40-41-42-53-55-37-38-52-54-1-12-25-26-27-28-29-34-31-33-0-13,3.66617,5.23762,6.93793e-310
dense_64_5,4,1,6070606,9.59641,3498378,100000000,10-19-22-14-23-20-21-9-8-3-4-2-5-6-7-11-24-18-17-15-16-30-32-59-58-35-43-36-63-62-57-61-44-45-48-50-51-46-47-56-49-60-39-40-41-42-37-53-55-38-52-54-1-12-34-31-33-29-25-26-27-28-0-13,4.07822,5.51819,0.00172556
dense_64_6,2,1,4053611,8.98581,3916699,100000000,4-5-6-10-9-17-18-24-28-26-16-12-11-3-2-1-27-25-23-22-8-7-19-20-21-14-13-29-0-15-32-33-31-30-34-35-36-40-39-38-37-43-45-47-42-41-50-48-46-44-51-52-53-55-56-59-58-57-60-61-54-62-49-63,3.72364,5.26217,0.00180291
dense_64_7,1,0,5242096,8.34979,8205699,100000000,37-33-35-34-40-36-32-27-29-26-25-23-24-38-39-41-30-31-22-42-45-43-47-44-48-49-51-52-60-61-62-63-56-58-57-21-20-19-18-17-16-14-12-11-6-2-9-3-4-0-1-5-7-8-50-55-59-10-13-15-28-46-53-54,2.57283,5.77697,6.91166e-310
dense_64_7,1,1,4535459,8.23275,7299593,100000000,37-33-34-35-40-36-32-27-29-26-25-23-24-38-39-41-30-31-42-22-45-43-47-48-44-49-51-52-60-61-62-63-56-58-57-55-59-50-21-20-19-18-17-16-14-12-11-6-2-9-3-4-0-1-5-7-8-53-54-10-28-46-13-15,2.78071,5.45203,0.00153939
dense_64_7,5,0,3105734,8.31249,6092662,100000000,37-34-35-33-40-36-32-39-38-41-42-27-26-29-25-24-23-22-31-30-45-43-47-28-44-48-21-49-51-52-60-61-62-63-58-56-57-59-55-46-53-54-20-50-19-18-17-16-14-12-11-6-2-9-0-1-3-4-5-8-7-10-15-13,2.84082,5.47167,6.9144e-310
dense_64_6,4,0,4605446,9.74311,4707686,100000000,4-5-6-10-9-17-18-24-28-26-16-11-12-3-2-1-27-25-22-23-19-20-7-8-21-29-0-14-13-32-15-30-31-33-34-35-36-40-39-37-38-43-45-47-41-42-50-46-48-51-52-53-55-56-59-57-58-60-61-62-44-54-49-63,4.52834,5.21477,6.92905e-310
dense_64_5,3,1,4861103,9.20358,3565054,100000000,10-19-22-14-9-8-3-4-23-20-21-2-11-5-24-17-15-16-6-7-18-30-32-59-58-35-43-36-61-62-63-57-44-45-48-50-51-46-47-56-60-49-39-40-41-42-53-55-37-38-52-54-1-12-29-25-26-27-28-34-31-33-0-13,3.99426,5.20931,0.001662
dense_64_7,2,0,3105423,9.31088,5565932,100000000,37-34-35-33-40-36-32-39-38-41-42-27-26-29-25-23-24-45-22-31-30-43-47-44-48-28-49-51-52-60-61-62-63-58-56-57-21-59-55-46-50-53-54-20-19-18-17-16-14-12-11-6-2-9-3-4-0-1-5-8-7-10-15-13,3.79483,5.51606,6.94274e-310
dense_64_6,4,1,4662062,10.182,4410928,100000000,4-5-6-10-9-17-18-24-28-26-16-11-12-3-2-1-27-25-22-23-19-20-7-8-21-29-0-14-13-15-32-30-31-33-34-35-36-40-39-37-38-43-45-47-50-41-42-46-48-51-52-53-55-56-59-57-58-60-61-44-62-54-49-63,4.94155,5.24046,0.00159638
dense_64_8,1,0,1341609,7.78383,6802435,100000000,14-13-16-18-21-23-22-25-26-27-12-11-9-4-2-5-31-32-34-38-42-36-39-37-44-35-3-10-33-1-7-8-40-41-15-24-19-28-46-6-43-45-47-48-49-56-50-52-53-54-57-63-62-61-51-55-58-59-60-0-17-20-29-30,2.54314,5.2407,6.90221e-310
dense_64_7,2,1,3105423,9.68749,5397478,100000000,37-34-35-33-40-36-32-39-38-41-42-27-26-29-25-23-24-45-22-31-30-43-47-44-48-28-21-49-51-52-60-61-62-63-58-56-57-59-55-46-50-53-54-20-19-18-17-16-14-12-11-6-2-9-3-4-0-1-5-8-7-10-15-13,3.93737,5.75013,0.00090516
dense_64_8,1,1,7613187,8.3121,5784083,100000000,14-13-16-18-21-22-25-23-26-27-12-11-9-4-2-5-31-32-34-37-38-39-42-36-44-35-3-1-40-41-7-8-10-33-15-24-19-28-46-43-6-45-47-48-49-56-57-50-52-53-54-63-62-61-51-55-58-59-60-17-29-30-0-20,2.65976,5.65235,0.00170043
dense_64_7,4,0,3031459,10.9423,6546094,100000000,37-34-33-35-40-36-32-38-39-27-26-29-25-23-24-41-22-42-30-31-45-43-47-21-48-44-49-51-52-60-61-62-63-56-58-57-55-59-28-53-54-20-19-18-17-16-14-12-11-6-2-9-3-4-0-1-5-7-8-10-15-50-46-13,5.40835,5.53398,6.95156e-310
dense_64_7,4,1,3024061,11.5726,6145764,100000000,37-34-33-35-40-36-32-38-39-27-26-29-25-23-24-41-42-22-30-31-45-43-47-48-44-21-49-51-52-60-61-62-63-56-58-57-55-59-28-20-53-54-19-18-17-16-14-12-11-6-2-9-3-4-0-1-5-7-8-10-50-15-46-13,5.83587,5.73676,0.00140765
dense_64_6,3,1,59146851,22.2797,4881429,100000000,4-6-5-10-9-17-18-24-28-26-3-2-1-16-11-12-19-20-25-22-23-27-29-0-21-7-8-14-13-32-30-31-33-15-34-35-36-40-39-37-38-43-45-47-50-46-48-41-42-51-52-53-55-56-59-57-58-60-61-44-62-54-49-63,5.07904,17.2007,0.00181553
dense_64_7,3,1,2620763,13.1718,6214822,100000000,33-37-34-35-40-32-36-27-26-29-25-23-24-38-39-41-42-22-30-31-45-43-47-48-44-21-49-51-52-60-61-62-63-56-58-57-55-59-28-20-53-54-19-18-17-16-14-12-11-6-2-9-3-4-0-1-5-7-8-10-50-15-46-13,7.71005,5.46178,0.00122228
dense_64_6,3,0,245497993,52.8439,5274331,100000000,4-6-5-10-9-17-18-24-28-3-2-1-26-16-11-12-19-20-25-22-23-27-29-0-21-7-8-32-14-30-31-33-13-34-35-36-40-39-37-38-43-45-47-15-41-42-50-46-48-51-52-53-55-56-59-57-58-60-61-62-44-54-49-63,4.87192,47.972,6.91226e-310
dense_64_8,4,1,81361110,24.2045,4528446,100000000,14-13-16-18-21-22-25-23-26-27-12-11-9-4-2-5-15-31-32-34-37-38-39-36-42-44-35-40-41-24-3-1-7-8-10-33-19-28-46-43-6-17-29-30-45-47-48-49-56-57-50-52-53-54-63-62-61-51-55-58-60-0-20-59,7.33489,16.8696,0.000833027
dense_64_8,2,1,166028510,43.6012,3975616,100000000,14-13-16-18-21-22-25-23-26-27-12-11-9-4-2-5-31-32-34-37-38-36-39-42-44-35-15-41-40-10-3-33-24-8-7-1-19-28-46-43-6-45-17-29-30-47-48-49-56-57-54-53-52-50-63-62-55-51-61-58-20-60-0-59,3.98695,39.6143,0.00177335
dense_64_8,2,0,279604800,62.9873,4164750,100000000,14-13-16-18-21-22-25-23-26-27-12-11-9-4-2-5-31-32-34-37-38-36-42-39-44-35-15-41-10-40-3-24-33-8-7-19-1-28-46-43-6-45-17-29-30-20-47-48-49-56-57-54-53-52-50-63-62-61-55-51-58-0-60-59,3.94115,59.0461,6.90458e-310
dense_64_7,3,0,2631228,18.0244,6627926,100000000,33-37-34-35-40-32-36-27-26-29-25-23-24-38-39-41-22-42-30-31-45-43-47-21-48-44-28-49-51-52-60-61-62-63-56-58-57-55-59-53-54-20-19-18-17-16-14-12-11-6-2-9-3-4-0-1-5-7-8-10-15-50-46-13,9.26523,8.75913,6.93944e-310
dense_64_9,2,1,4699545,14.8088,1082983,100000000,32-24-22-39-41-40-38-37-36-35-34-33-31-30-29-28-27-26-25-23-20-17-19-14-12-16-15-18-13-21-42-43-44-45-46-47-59-57-50-53-63-62-61-60-58-48-55-52-54-51-49-56-10-9-5-6-8-4-2-1-0-7-3-11,5.43209,9.3767,0.00243761
dense_64_9,2,0,4699557,14.1324,1098050,100000000,32-24-22-39-41-40-38-37-36-35-34-33-31-30-29-28-27-26-25-23-20-17-14-19-12-16-15-13-18-21-42-43-44-45-46-47-59-57-50-53-63-62-61-60-58-48-55-52-54-51-49-56-10-9-5-6-8-4-2-1-0-7-3-11,4.52567,9.60672,6.90006e-310
dense_64_10,2,1,2460146,14.0502,1779124,100000000,0-2-1-4-3-5-6-7-8-10-31-30-13-28-15-14-12-33-17-22-25-23-24-21-34-38-32-27-29-20-16-39-40-37-36-35-11-19-18-41-43-44-46-47-45-48-49-51-55-52-54-53-56-58-60-62-57-50-61-59-26-63-9-42,5.11545,8.93476,0.00142394
dense_64_10,2,0,2459721,12.0595,1828564,100000000,0-2-1-4-3-5-6-7-8-10-31-30-13-28-15-12-33-14-17-22-25-24-23-21-34-38-32-27-29-20-16-39-40-37-36-35-11-19-18-41-43-44-46-47-45-48-49-51-55-52-54-53-56-58-60-62-57-50-61-59-26-63-9-42,4.55506,7.50444,6.92203e-310
dense_64_11,2,1,1972452,10.0086,2738653,100000000,4-18-13-1-15-23-14-10-9-7-20-6-5-17-19-24-25-26-29-36-37-28-27-8-12-2-3-11-22-21-38-16-30-0-31-34-33-35-40-42-43-44-46-45-50-51-54-53-55-56-61-62-57-52-63-58-48-47-49-60-59-41-39-32,3.61314,6.39546,0.00100026
dense_64_11,2,0,1972457,9.13171,2829274,100000000,4-18-13-1-15-23-14-10-9-7-20-6-5-17-19-24-25-26-29-36-37-28-27-8-12-2-3-11-22-21-38-16-30-0-31-34-33-35-40-42-43-44-46-45-50-51-53-54-55-56-61-62-57-52-63-58-48-47-49-60-59-41-39-32,3.60775,5.52396,6.92383e-310
dense_64_12,2,1,4428973,10.1511,4057992,100000000,13-12-15-16-18-17-23-24-20-25-26-27-32-29-37-41-42-46-48-56-30-40-53-36-33-52-43-38-51-50-31-14-47-11-57-49-19-39-28-60-59-34-35-58-61-45-44-55-54-10-22-21-9-5-3-4-2-8-7-6-63-62-1-0,4.44519,5.70589,0.00125982
dense_64_8,5,0,528619574,119.395,5143441,100000000,14-13-16-18-21-22-25-23-26-27-12-11-9-4-2-5-15-31-32-34-37-38-42-39-36-44-10-24-3-8-1-7-41-40-35-19-33-28-46-6-17-29-30-43-45-20-0-47-48-49-56-57-52-53-54-50-63-62-61-55-51-60-58-59,3.07731,116.318,6.94542e-310
dense_64_8,3,1,411875128,77.1195,4869521,100000000,14-13-16-18-21-22-25-23-26-27-12-11-9-4-2-5-31-32-34-37-38-39-36-42-44-35-40-41-24-3-10-33-1-7-8-19-28-15-46-43-6-45-17-29-30-47-48-49-56-57-50-52-53-54-63-62-61-55-51-58-20-0-59-60,10.2969,66.8226,0.000805581
dense_64_12,2,0,4469733,11.4069,4167362,100000000,13-12-15-16-18-17-23-24-20-25-26-27-32-29-37-41-42-46-48-56-40-30-53-36-33-52-43-51-50-38-31-14-11-47-57-19-49-39-28-60-59-34-58-35-61-45-44-55-54-22-21-10-9-5-3-4-2-8-7-6-63-62-1-0,5.7209,5.68596,6.90205e-310
dense_64_8,4,0,709148520,159.967,5148617,100000000,14-13-16-18-21-22-25-23-26-27-12-11-9-4-2-5-15-31-32-34-37-38-42-36-39-44-35-40-41-24-7-8-1-3-10-33-19-28-46-43-17-29-30-6-45-0-20-47-48-49-56-63-62-50-52-53-54-57-61-55-51-60-58-59,6.73872,153.228,6.94011e-310
dense_64_8,3,0,481873338,112.462,5522400,100000000,14-13-16-18-21-23-22-25-26-27-12-11-9-4-2-5-31-32-34-37-38-42-36-39-44-35-40-41-24-10-33-3-1-7-8-28-15-19-46-43-6-45-17-29-30-20-47-0-48-49-56-63-62-50-52-53-54-57-61-51-55-58-59-60,7.7823,104.68,6.93125e-310
dense_64_2,0,0,4644045,12.2071,9823307,100000000,50-54-44-42-40-38-51-55-43-48-49-45-47-41-36-31-32-30-35-33-34-39-46-53-29-28-23-21-26-27-19-20-16-14-22-13-11-12-9-0-2-1-4-5-6-10-3-8-18-25-37-52-56-57-60-58-59-61-63-62-7-15-17-24,2.34326,9.86385,6.91742e-310
dense_64_3,0,0,3546677,10.1854,10985320,100000000,50-39-56-40-46-57-41-43-54-35-47-48-36-51-52-53-55-58-34-33-32-29-30-25-26-21-20-17-15-8-6-5-10-7-12-11-2-3-19-23-28-1-4-13-14-16-18-22-24-27-31-37-38-44-45-49-59-60-61-62-0-9-42-63,2.21243,7.97293,6.95187e-310
dense_64_4,0,0,4818096,11.3085,9037807,100000000,6-12-3-2-13-4-5-7-8-9-10-11-1-14-15-18-16-19-26-22-24-27-17-20-31-32-33-34-36-37-40-43-45-47-38-39-41-46-48-49-21-30-42-44-50-51-52-61-53-55-56-54-57-58-59-60-62-63-0-23-25-28-29-35,2.35773,8.95081,6.93618e-310
dense_64_5,0,0,11698074,12.3485,10368138,100000000,10-19-22-14-24-23-11-20-21-30-32-59-58-35-43-36-39-40-41-42-37-61-62-63-17-18-38-56-53-55-57-60-9-8-3-4-2-6-7-1-5-12-15-16-25-26-27-28-29-31-34-44-45-48-46-47-50-51-49-52-54-0-13-33,2.25411,10.0944,6.93963e-310
dense_64_6,0,0,4478898,11.4252,9441805,100000000,4-10-6-5-9-17-18-24-28-26-16-11-12-14-19-20-22-23-25-27-29-32-13-21-30-31-33-7-8-3-2-1-15-34-35-36-40-39-37-38-43-45-47-46-48-50-41-42-44-51-52-53-55-56-59-57-58-60-61-62-0-49-54-63,2.45722,8.96793,6.91486e-310
dense_64_7,0,0,3991562,11.6461,10995186,100000000,37-40-33-35-34-36-41-45-43-47-32-27-29-26-25-23-24-30-31-38-39-44-48-49-51-52-60-56-58-57-61-22-21-20-19-18-12-14-16-17-11-6-2-9-3-4-0-1-5-7-8-42-50-55-59-62-63-10-13-15-28-46-53-54,2.18604,9.46004,6.94906e-310
dense_64_10,1,1,11489998,8.74425,3971506,100000000,2-0-1-4-3-5-6-7-8-10-31-30-13-28-15-14-12-33-17-34-38-22-21-23-24-25-20-27-39-35-36-37-40-32-16-29-11-18-19-41-43-44-46-47-45-9-48-49-51-55-52-53-54-58-60-56-62-57-59-61-50-26-63-42,2.35124,6.39301,0.00146848
dense_64_10,1,0,3190386,12.038,4686016,100000000,2-0-1-4-3-5-6-7-8-10-31-30-13-28-15-14-12-33-17-34-38-22-21-23-24-25-39-35-36-37-40-20-32-27-29-16-11-18-19-41-43-44-46-47-45-9-48-49-51-55-52-53-54-58-60-56-62-57-59-61-50-26-42-63,2.87003,9.16797,6.9434e-310
dense_64_11,1,1,363614,7.99813,5601604,100000000,4-18-13-1-15-23-7-9-10-14-5-6-17-20-19-25-26-29-36-37-27-28-38-24-30-31-33-34-35-40-42-43-44-46-45-50-51-53-54-55-56-62-61-63-57-58-52-48-47-49-0-2-3-8-11-12-21-22-41-16-59-60-32-39,2.53044,5.4677,0.00107157
dense_64_8,0,0,4775258,11.5543,9917023,100000000,5-2-4-9-11-12-13-14-16-18-21-23-22-25-26-27-31-32-34-37-38-42-36-39-44-46-1-3-7-8-10-33-35-40-41-6-15-19-24-43-45-47-48-49-56-50-52-53-54-57-51-55-58-59-60-61-62-63-0-17-20-28-29-30,2.38606,9.16827,6.92515e-310
dense_64_11,1,0,362897,11.0414,6526968,100000000,4-18-13-1-15-23-7-9-10-14-5-6-17-20-25-26-29-36-37-27-28-38-19-24-30-31-33-34-35-40-42-43-44-46-45-50-51-53-54-55-56-61-62-63-57-58-52-48-47-49-0-2-3-8-11-12-21-22-41-59-60-16-32-39,2.81834,8.22306,6.93765e-310
dense_64_12,1,1,7448998,13.0636,6138347,100000000,13-12-15-16-18-17-23-24-20-25-26-27-32-29-37-41-42-46-48-56-30-53-40-36-33-52-51-50-31-38-43-49-57-19-47-11-14-59-28-60-39-35-58-61-34-44-45-10-9-5-3-4-2-6-7-8-54-55-62-63-21-22-1-0,3.34776,9.71587,0.00136247
dense_64_12,1,0,6709437,10.1065,7248482,100000000,13-12-15-16-17-23-24-18-20-25-26-27-32-29-37-41-42-46-48-56-30-53-40-36-33-52-51-50-31-38-19-49-43-57-47-11-14-59-60-28-39-58-61-10-9-5-3-2-4-6-7-8-1-21-22-34-35-44-45-54-55-62-63-0,2.8551,7.25137,6.91081e-310
dense_64_10,4,1,11538768,9.79267,2352494,100000000,2-0-1-4-3-5-6-7-8-10-31-30-13-28-15-12-33-14-34-38-17-22-21-23-24-25-32-20-29-27-39-35-36-37-40-16-11-18-19-41-43-44-46-47-45-48-49-51-55-52-53-54-56-58-60-62-57-50-59-61-9-26-63-42,3.65,6.14267,0.00145162
dense_64_13,1,0,1096693,8.6707,4770794,100000000,42-43-45-46-53-56-58-59-60-61-44-62-47-48-49-50-51-52-54-55-57-37-39-40-41-38-36-34-33-27-35-28-8-11-12-10-17-19-24-25-22-21-20-14-9-23-6-3-7-16-13-18-26-0-1-2-4-5-29-15-30-31-32-63,2.6928,5.9779,6.9257e-310
dense_64_11,4,1,1981380,14.3033,3241977,100000000,4-18-13-1-15-23-10-5-6-17-20-7-9-14-19-24-25-26-29-36-37-27-28-38-30-0-2-3-8-11-12-21-22-31-16-33-34-35-40-42-43-44-46-45-50-51-53-54-55-56-61-62-52-57-63-58-48-47-49-59-60-41-39-32,5.10724,9.19601,0.00104842
dense_64_14,1,0,717336,11.517,5717263,100000000,46-40-41-48-38-35-36-42-43-44-45-49-47-37-33-32-29-28-27-24-11-12-16-18-14-20-13-21-25-19-17-10-8-7-6-15-30-31-26-9-5-0-1-2-3-22-4-23-50-51-52-53-54-56-57-58-59-60-61-62-63-55-34-39,2.9289,8.58808,6.90396e-310
dense_64_12,4,1,7551892,12.8922,4804135,100000000,13-12-15-16-18-17-23-24-20-25-26-27-32-29-37-41-42-46-48-56-40-30-53-36-38-33-52-51-50-43-11-14-31-19-47-57-49-59-28-39-60-35-58-34-61-10-44-45-54-55-21-22-9-5-3-4-2-6-7-8-1-62-63-0,6.50676,6.38543,0.00119779
dense_64_10,5,0,3977852,11.7434,2434672,100000000,51-55-52-54-53-56-58-60-62-57-49-50-61-59-48-47-44-46-43-45-63-41-39-38-34-33-12-31-30-13-28-15-17-22-14-10-21-23-24-25-32-29-20-27-40-36-37-35-16-8-7-2-1-0-4-3-6-5-11-18-19-9-26-42,3.71419,8.02919,6.92637e-310
dense_64_10,3,1,22939104,19.0269,2897627,100000000,2-0-4-1-3-5-6-7-8-10-31-30-13-28-15-12-33-14-34-38-17-22-21-23-24-25-20-27-39-35-36-37-40-16-32-29-11-18-19-41-43-44-46-47-45-48-49-51-55-52-53-54-58-60-56-62-57-59-61-50-63-26-9-42,6.24111,12.7858,0.00141724
dense_64_14,2,0,102861147,19.7281,3120478,100000000,40-46-41-48-38-36-35-45-44-43-42-49-47-37-33-39-32-29-28-27-24-11-16-12-18-14-20-13-25-21-17-19-15-10-8-7-6-22-9-26-50-31-30-23-5-0-1-2-3-51-34-4-52-53-54-56-57-58-59-63-62-61-60-55,3.81131,15.9168,6.90362e-310
dense_64_14,2,1,102861107,33.2693,3028695,100000000,40-46-41-48-38-36-35-45-44-43-42-49-47-37-33-39-32-29-28-27-24-11-16-12-18-14-20-13-25-21-17-19-15-10-8-7-6-22-9-26-50-31-30-23-5-0-1-2-3-51-34-4-52-53-54-56-57-58-59-63-62-61-60-55,5.24693,28.0224,0.000876649
dense_64_11,5,0,2186304,12.0007,3588784,100000000,53-54-51-50-46-45-55-44-43-52-56-62-61-63-57-58-48-47-49-42-60-59-40-38-37-36-29-26-25-15-4-18-13-23-1-14-9-10-7-6-5-20-17-19-24-28-27-30-31-22-21-3-8-12-0-2-11-16-33-34-35-41-39-32,3.56293,8.43777,6.93617e-310
dense_64_11,3,1,2628214,14.0002,4104154,100000000,4-18-13-1-15-23-5-6-17-20-7-9-10-14-25-26-29-36-37-24-19-27-28-38-30-31-21-22-33-34-16-35-40-42-43-44-46-45-50-51-53-54-55-56-61-62-57-63-52-58-49-48-47-0-2-3-8-11-12-59-60-39-41-32,6.17699,7.82325,0.00113218
dense_64_15,2,1,4028852,9.71594,3461829,100000000,10-9-7-6-4-2-1-0-12-11-8-3-5-14-20-54-56-22-23-60-62-52-50-21-59-58-57-19-18-55-48-17-36-35-34-32-33-37-40-42-49-15-26-41-63-38-29-46-25-13-16-51-47-30-24-61-53-45-31-44-43-27-39-28,4.10114,5.6148,0.000952329
dense_64_15,2,0,3978376,14.1998,3530012,100000000,10-9-7-6-4-2-1-0-12-11-8-3-5-14-20-54-56-22-23-60-62-52-50-21-59-58-57-55-19-18-48-17-36-35-34-32-33-37-40-42-49-15-26-41-63-38-29-46-25-13-16-51-47-30-24-61-53-45-31-44-43-27-39-28,5.12797,9.07187,6.93231e-310
dense_64_12,5,0,7663728,15.3699,4959478,100000000,13-12-15-16-18-17-23-24-20-25-26-27-32-29-37-41-42-46-48-56-40-30-53-36-38-33-43-11-14-51-50-52-31-47-19-57-49-59-28-39-60-45-44-58-61-10-35-34-54-55-21-22-9-5-3-4-2-7-8-6-1-62-63-0,4.85614,10.5137,6.92425e-310
dense_64_16,2,1,5318649,13.7201,3940329,100000000,42-35-40-41-33-39-38-37-36-34-44-43-28-24-26-23-21-19-27-25-29-30-31-20-32-45-22-18-51-55-56-58-60-62-63-61-59-57-54-49-53-47-48-46-17-15-10-7-4-2-5-3-1-6-12-0-14-13-52-11-9-8-50-16,4.72227,8.99785,0.00094504
dense_64_12,3,1,8207501,15.3771,5052346,100000000,13-12-15-16-18-17-23-24-20-25-26-27-32-29-37-41-42-46-48-56-30-53-40-36-11-33-14-52-51-50-31-38-47-43-19-57-49-59-28-60-39-35-58-61-34-10-44-45-54-55-9-5-3-4-2-6-7-8-21-22-1-62-63-0,6.61142,8.76565,0.00133974
dense_64_16,2,0,5318652,12.7468,4106927,100000000,42-35-40-41-33-39-38-37-36-34-44-43-28-24-26-23-21-19-27-25-29-30-31-20-32-45-22-18-51-55-56-58-60-62-63-61-59-57-54-49-53-47-48-46-17-15-10-7-4-2-5-3-1-6-12-0-14-13-52-11-9-8-50-16,4.96661,7.78018,6.94856e-310
dense_64_10,4,0,11801973,12.7486,2566663,100000000,2-0-1-4-3-5-6-7-8-10-31-30-13-28-15-12-33-14-34-38-17-22-21-23-32-24-25-29-20-39-35-36-37-40-27-16-11-41-43-44-46-47-45-48-49-51-55-52-53-54-56-58-60-62-57-50-59-61-18-19-9-63-26-42,5.69305,7.05558,6.9164e-310
dense_64_17,2,0,2581214,12.5332,4289069,100000000,11-13-10-8-9-12-15-20-1-7-14-2-21-22-23-24-6-5-26-25-28-29-36-30-31-35-33-39-42-32-38-34-37-43-41-17-44-45-48-52-54-55-56-59-63-60-58-57-62-61-53-16-47-40-4-0-46-3-27-49-18-50-51-19,4.35223,8.18099,6.91627e-310
dense_64_17,2,1,2581214,14.6795,4232670,100000000,11-13-10-8-9-12-15-20-1-7-14-2-21-22-23-24-6-5-26-25-28-29-36-30-31-35-33-39-42-32-38-34-37-43-41-17-44-45-48-52-54-55-56-59-63-60-58-57-62-61-53-16-47-40-4-46-0-3-49-27-18-50-51-19,5.63748,9.04203,0.000656279
dense_64_13,3,1,1336825,15.6441,3433230,100000000,42-43-45-46-53-56-58-59-60-44-37-39-40-47-48-49-50-51-52-54-55-57-61-62-41-38-36-34-33-27-28-8-11-12-10-17-19-24-25-22-21-6-20-14-9-23-3-7-16-13-18-26-35-4-5-15-0-1-2-63-29-30-31-32,6.59404,9.05009,0.00167735
dense_64_10,3,0,23046671,13.9869,3253041,100000000,2-0-4-1-3-5-6-7-8-10-31-30-13-28-15-12-33-14-34-38-17-22-21-23-24-25-39-35-36-37-40-20-16-32-27-29-41-43-44-46-47-45-48-49-51-55-52-53-54-58-60-56-62-57-59-61-50-18-19-63-11-26-9-42,4.92861,9.05833,6.9241e-310
dense_64_11,4,0,1983670,12.3119,3460576,100000000,4-18-13-1-15-23-10-5-6-17-20-7-9-14-19-24-25-26-29-36-37-27-28-38-0-2-3-8-11-12-21-22-30-16-31-33-34-40-42-43-44-46-45-50-51-53-54-55-56-61-62-52-57-63-58-48-47-49-59-60-35-41-39-32,4.55724,7.7547,6.91078e-310
dense_64_14,3,1,3716498,10.5479,4046060,100000000,46-40-41-48-38-35-36-42-43-44-45-49-47-37-33-32-29-28-27-24-11-12-16-18-14-20-13-10-8-7-6-21-25-19-17-9-15-30-31-26-22-5-0-1-2-50-39-23-3-51-4-52-53-54-56-57-58-59-60-61-62-63-55-34,4.75604,5.79189,0.00093552
dense_64_11,3,0,2630582,9.37885,4398914,100000000,4-18-13-1-15-23-5-6-17-20-7-9-10-14-25-26-24-29-36-37-19-27-28-38-30-31-21-22-16-40-42-43-44-46-45-50-51-53-54-55-56-61-62-57-63-52-58-49-48-47-0-2-3-8-11-12-33-34-59-60-35-39-41-32,3.82824,5.5506,6.91645e-310
dense_64_18,2,0,3294130,14.1918,3709441,100000000,18-22-17-23-20-19-16-4-9-8-10-11-21-5-24-3-7-6-15-14-13-12-25-26-28-29-34-39-38-33-32-35-41-42-27-45-46-43-47-48-51-50-49-40-44-30-31-36-37-2-52-53-55-56-57-58-59-60-61-63-62-54-1-0,4.96512,9.22666,6.92116e-310
dense_64_18,2,1,3294130,13.4074,3645984,100000000,18-22-17-23-20-19-16-4-9-8-10-11-21-5-24-3-7-6-15-14-13-12-25-26-28-29-34-39-38-33-32-35-41-42-27-45-46-43-47-48-51-50-49-40-30-31-36-37-44-2-52-53-55-56-57-58-59-60-61-63-62-54-1-0,4.58924,8.81821,0.000696469
dense_64_12,4,0,7648871,11.8866,5224295,100000000,13-12-15-16-18-17-23-24-20-25-26-27-32-29-37-41-42-46-48-56-40-30-53-36-38-33-11-14-51-50-43-52-19-31-47-49-57-59-39-28-60-10-58-61-44-45-35-34-21-22-54-55-9-5-3-4-2-6-7-8-1-62-63-0,5.86626,6.02036,6.94846e-310
dense_64_12,3,0,9504849,12.3708,5523789,100000000,13-12-15-16-18-17-23-24-20-25-26-27-32-37-41-42-46-29-48-56-30-53-40-11-36-14-33-52-51-50-19-38-31-43-47-57-49-59-60-39-28-58-61-10-44-45-34-35-54-55-9-5-3-2-4-6-7-8-21-22-1-62-63-0,6.10038,6.27042,6.90538e-310
dense_64_19,2,0,4349373,14.5985,3636310,100000000,52-58-50-53-56-55-57-47-41-48-51-49-59-42-46-39-38-35-34-40-36-54-61-60-32-31-30-29-10-7-6-8-4-3-2-9-1-0-11-17-18-24-21-28-25-20-23-26-22-19-14-5-13-27-16-15-12-44-43-33-45-37-62-63,5.21225,9.38623,6.91414e-310
dense_64_19,2,1,4349375,13.5999,3567566,100000000,52-58-50-53-56-55-57-47-41-48-51-49-59-42-46-39-38-35-34-40-36-54-61-60-32-31-30-29-10-7-6-8-4-3-2-9-1-0-11-17-18-24-21-28-25-20-23-19-26-22-14-5-13-27-16-15-12-44-43-33-45-37-62-63,4.74683,8.85309,0.000853236
dense_64_13,3,0,1336895,13.8372,3729457,100000000,42-43-45-46-58-59-53-56-60-44-37-39-40-61-62-47-48-49-50-51-52-54-55-57-41-38-36-34-33-27-28-8-11-12-10-17-19-24-25-22-21-6-14-9-20-23-3-7-16-13-18-35-26-15-4-5-0-1-2-63-29-30-31-32,5.15622,8.68096,6.94199e-310
dense_64_20,2,0,1856733,12.9082,4106859,100000000,29-28-27-31-30-26-32-33-34-35-37-42-51-46-36-49-47-45-44-43-50-52-25-24-23-22-20-19-21-54-55-59-60-58-53-38-48-39-61-57-41-18-17-16-15-14-11-13-8-7-10-12-6-9-5-4-3-1-56-63-62-40-2-0,4.42501,8.48318,6.94735e-310
dense_64_20,2,1,1856733,13.3918,4058619,100000000,29-28-27-31-30-26-32-33-34-35-37-42-51-46-36-49-47-45-44-43-50-52-25-24-23-22-20-19-21-54-55-59-60-58-53-38-39-61-48-57-41-18-17-16-15-14-11-13-8-7-10-12-6-9-5-4-3-1-56-63-62-40-2-0,4.68397,8.70786,0.000794076
dense_64_21,2,1,13572092,17.7103,3086302,100000000,33-35-34-31-29-36-32-30-28-26-25-24-20-21-19-17-23-22-16-15-18-14-13-12-11-8-6-9-10-4-7-5-3-1-2-0-37-27-39-38-40-41-46-47-44-45-42-48-50-51-58-61-62-60-59-63-56-55-54-53-52-43-49-57,5.2909,12.4194,0.000823246
dense_64_21,2,0,13572368,18.9325,3163330,100000000,33-35-34-31-29-36-32-30-28-26-25-24-20-21-19-17-23-22-16-15-18-14-13-12-11-8-6-9-10-4-7-5-3-1-2-0-37-27-39-38-40-41-46-47-44-45-42-48-50-51-58-61-62-60-59-63-56-55-54-53-52-43-49-57,5.82025,13.1122,6.92071e-310
dense_64_14,3,0,42695078,24.1504,4445143,100000000,46-40-41-48-38-35-36-42-43-44-45-49-47-37-33-32-29-28-27-24-11-12-16-18-14-20-13-10-8-7-6-25-21-9-19-17-15-30-31-26-5-0-1-2-50-39-22-3-23-51-34-52-53-54-56-57-58-59-60-61-62-63-4-55,5.66503,18.4853,6.9042e-310
dense_64_22,2,0,52159448,14.9865,3424860,100000000,31-36-28-38-27-30-25-29-32-33-34-35-37-39-26-16-40-21-23-41-22-20-11-10-9-8-5-2-3-0-4-7-6-1-14-12-18-17-43-13-19-24-44-45-50-52-47-53-54-51-49-48-46-55-56-57-58-59-62-63-61-60-42-15,4.41133,10.5751,6.94815e-310
dense_64_22,2,1,52159500,23.1642,3272126,100000000,31-36-28-38-27-30-25-29-32-33-34-35-37-39-26-16-40-21-23-41-22-20-11-10-9-8-5-2-3-0-4-7-6-1-14-12-43-18-13-17-19-24-44-45-50-52-47-53-54-51-49-48-46-55-56-57-58-59-62-63-61-60-42-15,4.81671,18.3475,0.00163846
dense_64_23,2,0,25703531,22.0277,3838062,100000000,20-21-15-23-13-10-8-4-7-0-2-3-6-17-22-14-19-18-9-1-12-11-25-5-24-27-29-31-32-34-33-16-30-26-28-35-36-37-39-41-50-43-48-44-51-46-49-45-40-47-38-42-52-56-57-59-61-60-63-62-58-53-55-54,4.80479,17.2229,6.94328e-310
dense_64_23,2,1,25703530,22.2288,3780449,100000000,20-21-15-23-13-10-8-4-7-0-2-3-6-17-22-14-19-18-9-1-12-11-25-5-24-27-29-31-32-34-33-30-16-26-28-35-36-37-39-41-50-43-48-44-51-46-49-45-40-47-38-42-52-56-57-59-61-60-63-62-58-53-55-54,5.01402,17.2148,0.00072142
dense_64_10,0,0,7817182,12.9529,8377315,100000000,28-13-31-30-15-17-14-22-12-33-21-23-24-25-34-38-10-39-20-35-36-37-40-32-27-8-11-16-18-19-29-41-43-44-46-47-7-2-0-1-4-3-5-6-9-48-49-51-55-52-58-60-53-54-62-57-59-61-50-56-26-42-45-63,2.52267,10.4302,6.94423e-310
dense_64_14,1,1,2172123,7.93846,4931867,100000000,46-40-41-48-38-35-36-42-43-44-45-49-37-47-33-32-29-28-27-24-11-12-16-18-14-20-13-21-25-19-17-15-10-8-7-6-30-31-26-9-22-5-0-1-2-23-3-4-50-51-52-53-54-56-57-58-59-60-61-62-63-55-39-34,2.50504,5.43343,0.00102646
dense_64_11,0,0,363037,9.90307,9962456,100000000,4-18-13-1-15-23-7-9-10-14-5-6-17-20-0-2-3-8-11-12-19-21-22-24-25-26-29-36-37-30-31-33-34-27-28-35-38-40-42-43-44-46-45-48-50-51-53-54-55-56-61-62-63-57-58-52-41-47-49-59-60-16-32-39,2.29099,7.61207,6.93556e-310
dense_64_12,0,0,5795420,11.6006,9788311,100000000,32-27-29-37-41-46-42-48-56-36-30-33-53-40-51-50-52-59-25-24-23-26-17-18-20-19-31-38-60-16-13-12-15-28-39-43-49-57-58-61-11-10-9-5-3-6-7-8-2-1-4-21-22-34-35-44-45-47-54-55-62-63-0-14,2.47176,9.1288,6.93193e-310
dense_64_14,4,1,4602405,10.1141,3638397,100000000,46-40-41-48-38-35-36-42-43-44-45-49-47-37-33-32-29-28-27-24-11-12-16-18-14-20-13-25-17-10-8-7-6-21-15-19-9-26-30-31-50-22-5-0-1-2-23-39-3-51-4-52-53-54-56-57-58-59-60-61-62-63-55-34,4.38031,5.73375,0.000995371
dense_64_16,1,0,105242458,26.5574,6252919,100000000,42-35-40-41-33-39-36-37-38-34-28-24-26-23-21-19-27-25-20-29-30-31-32-44-18-22-43-45-51-55-58-60-62-56-63-61-57-59-54-47-49-53-17-15-10-7-4-2-5-1-3-6-12-13-14-0-8-9-11-46-48-52-16-50,3.07154,23.4858,6.92115e-310
dense_64_17,1,0,719593,11.2766,6790320,100000000,13-11-15-20-12-10-8-9-1-7-5-6-14-2-21-22-23-24-25-26-17-0-4-16-18-28-29-36-31-30-35-33-39-42-32-38-41-43-34-37-44-45-48-52-54-55-56-59-63-57-58-60-61-62-53-47-46-49-3-19-27-40-50-51,2.90456,8.37208,6.93794e-310
dense_64_18,1,0,3262743,11.4189,6112592,100000000,18-22-17-23-20-16-4-9-10-11-8-19-5-3-6-7-12-13-14-24-15-21-2-1-25-26-28-29-34-39-41-42-32-33-38-35-45-46-43-27-47-48-51-50-49-40-44-52-53-55-56-57-58-59-60-61-62-63-0-30-31-36-37-54,2.76664,8.65228,6.90626e-310
dense_64_19,1,0,4376599,11.975,6641234,100000000,52-50-58-53-56-55-47-41-48-57-51-49-42-59-39-38-35-34-36-46-40-61-32-31-30-29-10-7-8-6-4-2-3-9-0-1-11-17-18-24-21-25-28-20-23-19-22-26-14-13-15-16-12-33-43-44-60-5-27-37-45-54-62-63,3.01169,8.96328,6.91682e-310
dense_64_20,1,0,8425956,13.6898,7009755,100000000,42-51-46-37-35-36-47-49-52-43-44-45-34-50-53-55-59-60-58-54-61-38-57-33-32-29-28-27-26-31-30-25-24-23-22-20-19-21-18-17-16-15-14-11-13-8-7-10-12-6-5-4-3-1-39-62-63-0-2-9-40-41-48-56,2.81389,10.8759,6.91613e-310
dense_64_14,5,0,4332748,13.1245,3618519,100000000,46-41-40-48-38-36-35-43-44-45-42-49-47-37-33-32-29-28-27-24-11-16-12-18-14-20-13-25-17-10-8-7-6-15-21-19-9-31-30-26-39-50-22-5-0-1-2-23-3-34-51-4-52-53-54-56-57-58-59-55-61-62-63-60,2.81435,10.3102,6.94794e-310
dense_64_21,1,0,4559365,12.6997,5094479,100000000,33-34-35-31-29-28-26-25-24-20-21-19-17-23-15-16-22-18-36-14-13-12-11-8-6-4-5-7-9-10-30-32-3-1-0-2-37-39-27-38-40-41-42-45-44-46-47-48-50-51-58-61-62-59-60-56-63-52-53-54-55-43-49-57,2.98027,9.7194,6.94594e-310
dense_64_22,1,0,4449006,12.0922,6245688,100000000,31-36-28-38-27-30-25-26-29-32-33-34-35-37-39-16-40-21-23-41-22-11-10-9-8-5-2-3-0-4-7-6-1-14-12-13-20-17-18-24-43-44-45-47-52-50-53-48-49-51-54-46-55-56-57-58-59-62-63-60-61-15-19-42,2.84765,9.24452,6.92086e-310
dense_64_23,1,0,1500635,11.3892,5808223,100000000,20-21-15-23-13-10-8-4-7-0-2-3-6-14-22-17-9-11-12-25-18-19-1-5-24-27-29-31-32-34-30-33-26-28-35-36-37-39-41-50-43-48-44-51-46-47-49-38-40-45-52-56-57-59-61-60-63-58-62-53-42-54-55-16,2.85779,8.53144,6.91369e-310
dense_64_16,3,1,17594987,18.6744,4794178,100000000,35-42-41-40-33-39-36-37-38-34-28-24-26-23-19-21-25-44-27-43-20-18-29-30-31-32-22-45-51-55-58-60-62-63-56-61-59-57-54-17-15-10-7-4-2-5-1-3-6-12-53-49-13-14-0-11-47-52-46-48-8-9-16-50,6.62904,12.0453,0.000898403
dense_64_14,4,0,9027805,11.5831,3960817,100000000,46-40-41-48-38-35-36-42-43-44-45-49-47-37-33-32-29-28-27-24-11-12-16-18-14-20-13-25-10-8-7-6-17-21-15-19-9-30-31-26-50-5-0-1-2-39-22-23-3-51-34-52-53-54-56-57-58-59-60-61-62-63-55-4,4.16196,7.42113,6.90185e-310
dense_64_17,3,1,5797871,16.0102,5007796,100000000,11-13-10-8-9-1-7-15-20-12-14-21-22-23-24-25-26-5-6-2-17-28-29-36-30-31-35-33-39-42-38-32-34-37-41-43-16-0-44-45-48-52-54-55-56-59-63-57-58-60-61-62-53-47-46-40-49-27-3-18-4-50-51-19,6.87444,9.13572,0.000699843
dense_64_18,3,1,4816208,14.4409,4187048,100000000,18-22-17-23-16-4-9-20-10-11-19-8-3-24-21-6-7-5-12-13-14-15-25-26-28-29-34-39-41-42-32-33-38-35-45-46-47-48-51-50-49-43-27-2-40-52-53-55-56-57-58-59-60-61-62-63-30-31-36-37-44-1-54-0,5.6962,8.74473,0.000702578
dense_64_16,3,0,4628032,10.3319,5302068,100000000,35-42-40-41-33-39-36-37-38-28-24-26-23-19-21-25-27-44-20-43-34-18-29-30-31-32-22-45-51-55-58-60-62-63-56-61-59-57-54-17-15-10-7-4-2-5-1-3-6-12-47-49-53-13-14-0-46-48-8-9-52-11-50-16,4.81878,5.51311,6.9356e-310
dense_64_19,3,1,4357263,14.9071,4540942,100000000,52-50-58-53-56-55-47-41-48-57-51-59-49-42-39-38-35-34-46-36-40-61-54-60-32-31-30-29-10-7-8-6-4-2-3-9-0-11-17-18-24-25-28-21-19-22-26-20-23-1-14-13-5-15-16-12-43-44-27-45-33-37-62-63,6.02059,8.88655,0.000868105
dense_64_17,3,0,5804026,9.85249,5256475,100000000,11-13-10-8-9-1-7-15-20-12-14-21-22-23-24-25-26-5-6-2-17-28-29-36-31-35-30-33-39-42-38-34-37-32-41-43-16-0-44-45-48-52-54-55-56-59-63-57-58-60-61-62-53-47-40-46-27-3-18-49-4-50-51-19,4.1955,5.65699,6.93207e-310
dense_64_20,3,1,1768989,11.0747,4842481,100000000,42-51-46-36-35-49-47-43-44-45-52-37-50-34-53-55-59-60-58-54-33-32-29-28-27-26-31-30-25-24-23-22-20-19-21-61-48-57-38-39-18-17-16-15-14-11-13-8-7-10-12-6-5-4-3-1-9-41-56-0-62-63-2-40,5.68518,5.38949,0.000665154
dense_64_18,3,0,4816582,13.7622,4374279,100000000,18-22-17-23-16-4-9-20-10-11-19-8-24-3-21-6-7-5-12-13-14-15-25-26-28-29-34-39-41-42-32-33-38-35-45-46-47-48-51-50-49-43-27-2-40-30-31-36-37-52-53-55-56-57-58-59-60-61-62-63-44-1-54-0,4.91387,8.84832,6.92886e-310
dense_64_21,3,1,3584869,15.8183,3906258,100000000,33-34-35-31-29-36-28-26-25-24-20-21-19-15-17-23-16-22-18-14-13-12-11-8-6-4-9-10-5-7-3-1-30-32-0-2-37-39-27-40-41-42-45-46-47-44-48-50-51-58-61-62-63-56-59-60-52-53-54-55-43-49-38-57,6.56853,9.24976,0.000754967
dense_64_25,2,0,63119815,15.9826,2790273,100000000,56-54-49-50-57-55-51-53-52-58-59-60-63-48-47-46-44-40-39-16-18-27-17-20-25-26-24-22-28-19-15-14-5-10-7-11-6-13-3-4-45-12-38-61-23-29-34-33-30-31-35-32-2-41-21-42-9-8-43-62-36-37-1-0,3.95409,12.0285,6.91646e-310
dense_64_19,3,0,4438732,14.3946,4849946,100000000,52-50-58-53-56-55-47-41-48-57-51-59-49-42-39-38-35-34-46-36-40-61-54-60-32-31-30-29-10-7-8-6-4-2-3-9-0-11-17-18-24-25-28-21-19-22-26-20-23-1-14-5-13-43-44-27-15-16-45-12-37-33-62-63,5.1847,9.20985,6.94672e-310
dense_64_26,2,0,4603163,8.65391,2658363,100000000,37-42-41-44-34-40-39-38-35-43-45-46-36-48-47-33-32-31-28-29-27-23-22-21-17-19-20-1-3-7-10-11-9-13-12-8-2-26-25-24-4-18-30-14-16-15-6-5-0-49-50-52-54-56-61-59-58-57-55-60-51-62-53-63,3.09194,5.56198,6.92245e-310
dense_64_25,2,1,37507389,19.1485,2690001,100000000,56-54-49-50-57-55-51-53-52-58-59-60-63-48-47-46-44-40-39-16-18-27-17-20-25-26-24-22-28-19-15-14-5-10-7-11-6-13-3-4-45-12-38-23-61-2-29-34-33-30-31-35-32-41-42-21-9-8-43-36-62-37-1-0,4.25587,14.8927,0.000932229
dense_64_20,3,0,2433936,13.6911,4989225,100000000,42-51-46-36-35-47-49-43-44-45-52-37-50-34-53-55-59-60-58-54-33-32-29-28-27-26-31-30-25-24-23-22-20-19-21-48-61-38-57-39-18-17-16-15-14-11-13-8-7-10-12-6-5-4-3-1-9-41-56-0-2-62-63-40,4.84075,8.85035,6.94716e-310
dense_64_22,3,1,52197707,23.7029,4615669,100000000,31-36-28-38-27-30-25-26-29-32-33-34-35-37-39-16-40-21-23-41-11-10-9-8-5-2-3-0-4-7-6-1-22-14-12-13-20-43-17-18-44-45-47-52-50-53-54-48-49-51-46-55-56-57-58-59-62-63-60-61-24-19-42-15,5.92819,17.7747,0.00153768
dense_64_26,2,1,4603153,8.7858,2610125,100000000,37-42-41-44-34-40-39-38-35-43-45-46-36-48-47-33-32-31-28-29-27-23-22-21-17-19-20-1-3-7-10-11-9-13-12-8-2-26-25-24-4-18-30-14-16-15-6-5-0-49-50-52-54-56-61-59-58-57-55-60-51-62-53-63,3.18282,5.60297,0.000781495
dense_64_27,2,0,18253709,20.2021,3652347,100000000,30-29-31-32-6-10-5-3-26-28-27-25-24-23-20-19-21-22-33-12-11-7-2-1-9-4-34-36-16-18-17-37-35-0-13-14-8-15-40-41-42-43-44-46-45-47-49-51-54-56-59-60-62-63-61-58-57-55-53-52-48-50-39-38,4.62274,15.5794,6.93745e-310
dense_64_21,3,0,13575227,18.5521,4337029,100000000,33-34-35-31-29-36-28-26-25-24-20-21-19-15-17-23-16-22-14-13-12-11-8-6-4-9-18-10-5-7-3-1-30-32-0-2-37-39-27-38-40-41-46-47-42-45-44-48-50-51-58-61-62-63-59-60-56-52-53-54-55-43-49-57,5.75118,12.8009,6.94404e-310
dense_64_27,2,1,18253709,20.3593,3598605,100000000,30-29-31-32-6-10-5-3-26-28-27-25-24-23-20-19-21-22-33-12-11-7-2-1-9-4-34-36-16-18-17-37-35-0-13-14-8-15-40-41-42-43-44-46-45-47-49-51-54-56-59-60-62-63-61-58-57-55-53-52-48-50-38-39,4.81351,15.5458,0.000798813
dense_64_23,3,1,25859063,23.6402,4583030,100000000,20-21-15-23-13-10-8-4-7-0-2-3-6-11-12-25-14-22-9-17-24-18-19-5-1-27-29-31-32-34-30-33-26-16-28-35-36-37-39-41-50-43-48-44-51-46-49-45-40-47-38-52-56-57-59-61-60-63-62-58-42-53-54-55,6.64717,16.993,0.000790544
dense_64_28,2,0,36835059,21.9354,4309469,100000000,50-54-51-55-27-58-45-49-48-26-23-24-38-42-43-39-41-20-22-19-53-52-25-28-59-40-37-36-21-30-33-18-56-57-47-46-34-32-31-44-29-60-35-61-17-16-15-11-10-9-8-4-2-1-0-5-13-6-7-12-3-14-63-62,4.87747,17.0579,6.90103e-310
dense_64_22,3,0,54646074,16.9015,5189675,100000000,31-36-28-38-27-30-25-26-29-32-33-34-35-37-39-16-40-21-23-41-22-11-10-9-8-5-2-3-0-4-7-6-1-14-12-13-20-43-17-18-19-42-44-45-47-52-50-53-54-48-49-51-46-55-56-57-58-59-62-63-60-61-24-15,5.597,11.3045,6.92254e-310
dense_64_28,2,1,36835061,22.3757,4186184,100000000,50-54-51-55-27-58-45-49-48-26-23-24-38-42-43-39-41-20-22-19-53-52-25-28-37-59-40-36-21-30-33-18-56-57-47-46-34-32-31-44-29-35-60-61-17-16-15-11-10-9-8-4-2-1-0-5-13-6-7-12-3-14-63-62,4.89661,17.4791,0.000658601
dense_64_29,2,0,819742,13.8513,5383099,100000000,26-27-28-24-25-23-29-16-18-19-30-31-13-14-11-3-7-6-8-2-10-15-1-9-32-0-22-21-20-5-4-12-33-17-35-36-37-38-39-40-42-43-45-46-47-48-49-50-54-52-53-51-55-57-58-59-60-41-44-56-62-61-34-63,5.43294,8.41841,6.91847e-310
dense_64_23,3,0,25859079,22.9654,4844051,100000000,20-21-15-23-13-10-8-4-7-0-2-3-6-25-11-12-17-14-22-9-24-18-19-1-5-27-29-31-32-34-30-33-16-26-28-35-36-37-39-41-50-43-48-44-51-46-49-45-40-47-38-52-56-57-59-61-60-63-62-58-42-53-54-55,6.0931,16.8723,6.9204e-310
dense_64_29,2,1,817234,13.7023,5253007,100000000,26-27-28-24-25-23-29-16-18-19-30-31-13-14-11-3-7-6-8-2-10-15-1-9-0-32-22-21-20-5-4-12-33-17-35-36-37-38-39-40-42-43-45-46-47-48-49-50-54-52-53-51-55-57-58-59-60-41-44-56-62-61-34-63,5.34221,8.36011,0.000790889
dense_64_15,5,0,840398820,250.448,4121128,100000000,6-4-7-10-9-2-1-0-12-3-11-5-8-14-20-54-56-23-22-60-62-52-50-21-58-59-57-55-19-18-48-49-17-36-35-34-32-33-37-40-42-15-63-26-41-38-29-46-13-25-61-30-24-51-53-16-47-45-44-43-27-39-31-28,3.05633,247.391,6.91305e-310
dense_64_30,2,1,6188466,13.7817,4449533,100000000,30-29-31-28-26-27-32-33-35-34-39-40-41-42-25-36-43-44-45-38-37-24-22-6-21-5-7-1-17-4-20-19-16-3-2-10-12-13-46-8-23-9-14-18-0-15-47-48-50-51-49-52-53-54-56-60-61-59-62-63-58-57-55-11,5.09868,8.683,0.000623447
dense_64_30,2,0,73136313,29.5604,4555657,100000000,30-29-31-28-26-27-32-33-35-34-39-40-41-42-25-36-43-44-45-38-37-24-22-6-21-5-7-1-17-4-20-19-16-3-2-10-12-13-46-8-23-9-18-14-0-15-47-48-50-51-49-11-52-53-54-56-60-59-61-62-63-58-57-55,4.8068,24.7536,6.92658e-310
dense_64_16,5,0,4611662,12.1884,4665380,100000000,35-41-40-42-33-39-37-38-36-34-44-43-28-24-26-23-21-19-29-30-31-27-25-20-32-22-18-45-51-55-56-58-60-62-63-61-59-57-54-49-53-47-17-15-10-7-4-2-5-3-1-6-12-48-46-13-14-0-52-9-8-11-50-16,3.19757,8.99082,6.92353e-310
dense_64_17,5,0,2543404,12.0258,4823855,100000000,11-13-10-8-9-1-7-15-20-12-14-2-6-5-21-22-23-24-26-25-17-16-4-0-28-29-36-30-39-42-31-35-33-32-38-43-41-37-34-3-44-45-48-52-54-55-56-59-63-60-53-58-57-62-61-47-40-46-27-18-49-50-51-19,3.26728,8.75847,6.90249e-310
dense_64_18,5,0,2289660,11.341,3993706,100000000,22-18-17-23-20-16-4-9-19-10-11-8-21-5-24-3-7-6-15-13-14-12-25-26-28-29-34-39-41-42-38-33-32-35-27-45-46-43-47-48-51-50-49-2-40-30-31-36-37-52-53-55-56-57-58-59-60-61-63-62-44-54-1-0,2.67312,8.66784,6.94603e-310
dense_64_19,5,0,4349840,11.5138,3969754,100000000,52-58-50-53-56-55-57-47-41-48-51-49-59-42-46-39-40-38-35-34-36-54-61-60-32-31-30-29-10-7-6-8-4-2-3-9-1-0-11-17-18-24-21-28-25-20-23-26-22-19-14-5-13-27-15-16-43-44-45-33-12-37-62-63,2.59982,8.91402,6.94212e-310
dense_64_20,5,0,5936120,11.9642,4621242,100000000,27-28-29-30-26-31-32-25-24-23-22-20-19-21-33-34-35-37-42-51-46-49-47-36-50-52-44-45-43-54-55-59-60-58-53-38-48-39-61-41-57-18-17-16-15-14-11-13-8-7-10-12-6-9-5-4-3-1-56-0-2-62-63-40,2.39916,9.56502,6.91428e-310
dense_64_21,5,0,6560044,13.5669,3884532,100000000,20-21-19-17-23-22-15-16-24-25-18-14-13-12-11-8-6-26-28-29-31-33-34-35-36-32-30-4-9-10-7-5-3-1-0-2-37-27-39-38-40-41-42-45-44-46-47-48-50-51-58-61-62-60-59-63-56-52-53-54-55-43-49-57,3.45273,10.1142,6.91931e-310
dense_64_22,5,0,921536,11.6117,3712657,100000000,31-38-28-27-30-36-39-25-37-32-33-34-35-29-26-16-40-41-21-23-11-10-9-8-3-2-5-0-4-7-6-1-20-18-17-43-22-19-14-12-13-42-24-44-45-50-52-47-53-54-48-49-51-46-55-56-57-58-59-62-63-61-60-15,3.0721,8.53955,6.94168e-310
dense_64_23,5,0,25859062,20.1067,4278293,100000000,20-21-15-23-13-10-8-4-7-0-2-3-6-17-22-14-19-18-1-9-12-11-25-5-24-16-27-29-31-32-34-33-30-26-28-35-36-37-39-41-50-43-48-44-51-46-49-45-40-47-38-52-56-57-59-61-60-63-62-58-42-53-54-55,3.23727,16.8694,6.92929e-310
dense_64_16,1,1,17574529,13.9145,5539046,100000000,35-42-41-40-33-39-36-37-38-34-28-24-26-23-21-19-27-25-20-29-30-31-32-44-43-18-22-45-51-55-56-58-60-62-63-61-57-59-54-53-49-52-47-46-48-17-15-10-7-4-2-5-1-3-6-12-13-14-11-0-8-9-16-50,2.84575,11.0688,0.000879047
dense_64_17,1,1,2214053,8.28006,6148683,100000000,13-11-15-20-12-10-8-9-1-7-5-6-14-2-21-22-23-24-25-26-17-28-29-36-30-31-35-33-39-42-32-38-41-43-34-37-44-45-48-52-54-55-56-59-63-57-58-60-61-62-53-47-46-49-16-0-4-18-3-40-50-51-27-19,3.05671,5.22335,0.000670833
dense_64_14,0,0,687265,7.51653,8738522,100000000,46-41-40-48-38-35-36-42-43-44-45-49-33-32-29-28-27-24-11-12-16-18-14-20-21-25-19-10-8-7-13-17-6-5-0-1-3-2-15-22-26-30-31-37-47-4-9-23-50-51-52-53-54-56-57-58-59-60-61-62-63-55-34-39,1.97434,5.54219,6.89988e-310
dense_64_18,1,1,3354626,8.39146,5512085,100000000,18-22-17-23-20-16-4-9-8-10-11-19-5-3-6-7-21-12-13-14-15-24-2-25-26-28-29-34-39-32-33-38-41-42-35-45-46-43-27-47-48-51-50-49-40-52-53-55-56-57-58-59-60-61-62-63-44-30-31-36-37-1-54-0,2.62672,5.76473,0.000641736
dense_64_15,0,0,25973914,11.8501,9284762,100000000,6-4-7-10-9-12-14-20-54-56-23-22-60-62-15-26-32-35-34-52-50-48-8-11-17-18-19-21-29-46-42-40-37-49-2-1-0-3-57-58-59-5-16-25-30-33-36-38-41-47-13-24-27-31-43-44-45-51-28-39-53-55-61-63,2.49451,9.35555,6.92783e-310
dense_64_19,1,1,4349122,8.58101,6005468,100000000,52-50-58-53-56-55-47-41-48-57-51-49-42-46-39-38-35-34-36-59-40-61-32-31-30-29-10-7-8-6-4-2-3-9-0-1-11-17-18-24-21-25-28-20-23-19-22-26-14-13-15-16-12-33-60-27-43-44-45-54-5-37-62-63,3.03875,5.54226,0.000830233
dense_64_16,4,1,4834692,10.7416,4409385,100000000,35-40-41-42-33-39-36-37-38-34-44-43-28-24-26-23-19-21-27-25-20-29-30-31-32-18-22-45-51-55-56-58-60-62-63-61-59-57-54-49-53-17-15-10-7-4-2-5-1-3-6-12-47-13-14-46-48-0-11-52-8-9-50-16,5.04988,5.69176,0.00085227
dense_64_16,0,0,102413057,16.2536,9484936,100000000,42-40-35-41-33-39-36-37-38-28-24-26-23-21-19-27-34-20-25-29-30-31-18-17-15-10-7-4-2-5-12-1-3-6-13-14-0-8-9-11-32-44-45-51-55-56-58-60-62-63-54-47-49-53-57-61-46-48-52-59-16-22-43-50,2.51698,13.7367,6.93269e-310
dense_64_20,1,1,1025441,11.5463,6598291,100000000,42-51-46-37-35-36-49-47-52-43-44-45-50-34-53-55-59-60-58-61-54-57-38-39-33-32-29-28-27-26-31-30-25-24-23-22-20-19-21-18-17-16-15-14-11-13-8-7-10-12-6-5-4-3-1-62-63-56-41-9-0-2-40-48,3.04887,8.4974,0.000735987
dense_64_17,4,1,2522548,10.5776,4744199,100000000,13-11-10-8-9-1-7-15-20-12-2-14-5-6-21-22-23-24-25-26-28-29-36-30-31-35-33-39-42-32-38-34-37-41-43-44-45-48-52-54-55-56-59-63-53-57-58-60-61-62-47-0-4-17-46-3-16-49-40-27-18-50-51-19,4.76074,5.81682,0.00065829
dense_64_17,0,0,3565116,7.55657,10556798,100000000,36-31-30-35-39-42-29-33-32-38-41-43-28-23-24-22-25-26-21-15-13-11-20-10-8-9-1-7-5-6-12-17-0-2-4-14-16-18-34-44-45-48-47-46-52-54-55-56-59-63-57-58-60-61-62-49-53-3-19-27-37-40-50-51,1.7236,5.83297,6.90983e-310
dense_64_21,1,1,8339936,8.97152,4545669,100000000,33-34-35-31-29-28-26-25-24-20-21-19-17-23-15-16-22-18-14-13-12-11-8-6-4-9-10-5-7-30-32-3-1-36-0-2-37-39-40-41-46-47-42-45-44-48-50-51-58-61-62-56-59-60-52-53-54-55-63-43-49-27-38-57,2.71588,6.25564,0.000770113
dense_64_18,4,1,4813763,10.7045,3999885,100000000,18-22-17-23-20-16-4-9-19-10-11-8-3-24-21-5-6-7-15-12-13-14-25-26-28-29-34-39-32-33-38-41-42-35-27-45-46-47-48-51-50-49-43-2-40-52-53-55-56-57-58-59-60-61-62-63-30-31-36-37-44-1-54-0,5.24273,5.46177,0.000683227
dense_64_18,0,0,1810047,10.6063,10628564,100000000,4-9-5-16-17-18-22-23-20-3-8-10-11-6-7-12-13-14-19-2-1-15-21-24-25-26-28-29-34-39-41-42-32-33-38-35-45-46-27-40-43-44-47-48-51-50-49-52-53-55-56-57-58-59-60-61-62-63-0-30-31-36-37-54,2.20976,8.39652,6.94687e-310
dense_64_22,1,1,6471477,12.6203,5306333,100000000,31-36-28-38-27-30-25-26-29-32-33-34-35-37-39-16-40-21-23-41-22-11-10-9-8-5-2-3-0-4-7-6-1-14-12-13-20-43-24-17-18-44-45-47-52-50-53-54-48-49-51-46-55-56-57-58-59-62-63-60-61-19-15-42,3.05133,9.56898,0.00168006
dense_64_19,4,1,4350585,9.92183,4151369,100000000,52-50-58-53-56-55-57-47-41-48-51-49-59-42-39-46-38-35-34-36-40-54-61-60-32-31-30-29-10-7-8-6-4-2-3-9-0-1-11-17-18-24-21-25-28-20-23-19-22-26-14-13-15-16-27-5-12-43-44-45-33-37-62-63,4.35693,5.56489,0.000869885
dense_64_19,0,0,1371467,7.33565,10256218,100000000,18-24-21-17-11-10-7-8-6-4-2-3-14-20-13-23-25-28-9-15-16-19-22-26-29-30-0-1-12-31-32-34-35-36-38-39-41-42-47-50-52-58-48-53-56-55-57-46-49-59-61-33-40-43-44-51-60-5-27-37-45-54-62-63,1.82771,5.50794,6.92766e-310
dense_64_23,1,1,1500632,12.02,5325278,100000000,20-21-15-23-13-10-8-4-7-0-2-3-6-14-22-9-17-11-12-25-18-19-5-1-24-27-29-31-32-34-30-33-28-35-26-36-37-39-41-50-43-48-44-51-46-49-40-47-38-45-52-56-57-59-61-60-63-58-62-53-42-54-55-16,3.19434,8.82566,0.000693781
dense_64_20,4,1,5922283,11.2408,4547062,100000000,27-28-29-26-30-31-32-25-24-23-22-20-19-21-33-34-35-37-42-51-46-49-36-47-43-44-45-52-50-53-55-59-60-58-54-48-61-57-38-39-18-17-16-15-14-11-13-8-7-10-12-6-9-5-4-3-1-41-56-0-2-62-63-40,5.58054,5.66024,0.000667486
dense_64_20,0,0,8424879,12.7607,11048385,100000000,42-51-46-37-35-36-38-43-44-45-47-49-52-53-55-59-54-60-61-57-58-34-33-32-29-28-27-26-31-30-25-24-23-22-20-19-18-17-16-15-14-11-13-8-7-10-12-6-5-4-3-1-39-50-62-63-0-2-9-21-40-41-48-56,2.03001,10.7307,6.90124e-310
dense_64_21,4,1,3658970,11.8018,3608179,100000000,33-34-35-31-29-36-28-26-25-24-20-21-19-17-22-15-23-16-18-14-13-12-11-8-6-4-9-10-5-7-30-32-3-1-0-2-37-27-39-40-41-42-45-44-46-47-48-50-51-58-61-62-59-60-63-56-52-53-54-55-43-49-38-57,4.85336,6.94844,0.000753752
dense_64_21,0,0,9462905,12.4369,8928508,100000000,20-21-19-17-23-15-16-22-24-25-18-26-28-29-31-33-34-35-14-13-12-11-8-6-4-5-7-9-10-3-1-27-30-32-36-37-39-38-40-41-42-45-44-46-47-43-48-50-51-56-52-53-54-55-58-61-62-59-60-49-0-2-57-63,2.45849,9.97844,6.90092e-310
dense_64_22,4,1,50686389,23.1996,3272391,100000000,31-27-28-30-36-38-25-26-29-32-33-34-35-37-39-16-40-41-21-23-11-10-9-8-5-2-3-0-4-6-7-1-20-43-17-18-19-22-14-12-42-24-13-44-45-47-52-50-53-54-48-49-51-46-55-56-57-58-59-62-63-60-61-15,4.93617,18.2635,0.00170784
dense_64_22,0,0,8068605,14.198,8351165,100000000,27-30-31-28-38-36-25-26-29-32-33-34-35-37-39-16-40-21-23-11-10-9-14-8-5-3-2-0-7-12-4-6-13-20-41-17-18-22-24-43-44-45-47-52-50-48-49-51-53-54-46-55-56-57-58-59-62-63-60-61-1-15-19-42,2.55783,11.6402,6.94338e-310
dense_64_23,0,0,2416108,10.9867,10385664,100000000,23-13-10-15-20-21-8-4-7-0-2-3-14-17-22-6-9-11-12-18-19-25-27-29-31-32-34-30-33-1-5-26-28-35-36-37-39-41-50-43-48-44-51-46-52-53-38-40-42-45-47-49-54-55-56-57-59-61-60-63-58-16-24-62,2.33481,8.65189,6.92375e-310
dense_64_23,4,1,25859065,17.7188,4241140,100000000,20-21-15-23-13-10-8-4-7-0-2-3-6-17-18-19-1-14-22-9-25-11-12-5-24-27-29-31-32-34-30-33-16-26-28-35-36-37-39-41-50-43-48-44-51-46-49-47-45-40-38-52-56-57-59-61-60-63-62-58-42-53-54-55,6.59391,11.1249,0.000683538
dense_64_16,4,0,4771387,10.5215,4851776,100000000,35-40-42-41-33-36-37-38-39-34-44-43-28-24-26-23-19-21-27-25-20-29-30-31-32-18-22-45-51-55-58-60-62-56-63-61-59-57-54-49-47-17-15-10-7-4-2-5-1-3-6-12-53-46-48-0-13-14-52-11-8-9-50-16,4.96941,5.55214,6.94949e-310
dense_64_24,0,0,19456174,16.2336,6528025,100000000,24-36-22-21-40-17-18-16-41-11-8-7-9-26-50-19-43-46-39-2-10-14-15-38-3-4-5-6-12-20-31-49-27-28-29-30-37-25-32-33-34-35-51-53-55-42-44-45-52-56-57-60-61-62-1-13-23-47-48-54-58-59-63-0,2.89077,13.3428,6.8995e-310
dense_64_17,4,0,2515902,14.6801,4918096,100000000,13-11-10-8-9-1-7-15-20-12-2-14-5-6-21-22-23-24-25-26-28-29-36-30-31-35-33-39-42-32-38-34-37-41-43-44-45-48-52-54-55-56-59-63-53-57-58-60-61-62-47-0-4-17-3-46-16-27-40-49-18-50-51-19,5.70316,8.97695,6.95033e-310
dense_64_18,4,0,4813767,13.5535,4157343,100000000,18-22-17-23-20-16-4-9-19-10-11-8-24-3-21-5-6-7-15-12-13-14-25-26-28-29-34-39-32-33-38-41-42-35-27-45-46-47-48-51-50-49-43-2-40-52-53-55-56-57-58-59-60-61-62-63-30-31-36-37-44-1-54-0,4.86633,8.68715,6.94605e-310
dense_64_19,4,0,4350736,14.1305,4370537,100000000,52-50-58-53-56-55-57-47-41-48-51-49-59-42-39-46-38-35-34-36-40-54-61-60-32-31-30-29-10-7-8-6-4-2-3-9-0-1-11-17-18-24-21-25-28-20-23-19-22-26-14-13-27-5-15-16-43-44-45-12-33-37-62-63,5.0996,9.0309,6.90926e-310
dense_64_20,4,0,5922299,10.4699,4676630,100000000,27-28-29-26-30-31-32-25-24-23-22-20-19-21-33-34-35-37-42-51-46-49-47-36-43-44-45-50-52-53-55-59-60-58-54-48-61-38-57-18-17-16-15-14-11-13-8-7-10-12-6-9-5-4-3-1-39-41-56-0-2-62-63-40,4.7862,5.6837,6.94694e-310
dense_64_21,4,0,5058125,14.2507,3972361,100000000,33-34-35-31-29-36-28-26-25-24-20-21-19-17-23-22-15-16-18-14-13-12-11-8-6-4-9-10-5-7-30-32-3-1-0-2-37-27-39-38-40-41-42-45-44-46-47-48-50-51-58-61-62-59-60-63-56-52-53-54-55-43-49-57,4.5991,9.65164,6.93303e-310
dense_64_22,4,0,50686332,22.3134,3700863,100000000,31-27-28-30-36-38-25-26-29-32-33-34-35-37-39-16-40-41-21-23-11-10-9-8-5-2-3-0-4-6-7-1-20-17-18-43-19-22-14-12-42-24-44-45-47-52-50-53-54-48-49-51-13-46-55-56-57-58-59-62-63-60-61-15,4.53131,17.7821,6.91839e-310
dense_64_23,4,0,26690415,22.7252,4466192,100000000,20-21-15-23-13-10-8-4-7-0-2-3-6-17-18-19-1-14-22-25-9-11-12-5-24-27-29-31-32-34-30-33-16-26-35-36-37-39-41-50-43-48-44-51-46-49-47-45-40-38-52-56-57-59-61-60-63-62-58-42-53-28-54-55,5.54209,17.1831,6.9213e-310
dense_64_25,3,1,38395945,13.6671,3722039,100000000,49-56-50-54-57-52-53-55-58-59-48-51-60-63-47-46-44-40-16-18-27-17-39-20-25-26-22-24-19-15-14-5-10-7-11-13-3-6-4-28-45-2-38-61-12-23-41-42-21-29-30-33-34-31-35-32-43-8-9-37-0-36-62-1,4.06103,9.60609,0.000912919
dense_64_26,3,1,3997515,9.52814,3614553,100000000,37-42-41-34-44-38-39-40-43-35-45-46-48-47-33-36-32-31-28-29-27-23-22-21-17-19-1-3-7-10-9-11-8-12-13-20-2-24-25-26-18-4-30-5-6-15-16-0-14-49-50-52-54-56-61-55-57-58-59-60-62-51-53-63,3.99048,5.53766,0.000792439
dense_64_27,3,1,57196553,15.6417,4334832,100000000,30-31-32-29-5-3-6-10-2-1-26-25-23-24-20-19-27-28-33-21-22-12-7-9-11-34-36-17-18-16-37-0-4-35-14-13-40-41-42-43-44-46-45-47-49-51-54-56-59-60-62-61-63-57-58-52-53-55-38-39-8-50-48-15,4.7352,10.9065,0.000788985
dense_64_28,3,1,37815576,13.8262,5044396,100000000,54-50-51-55-58-27-45-49-48-26-23-24-19-38-42-43-39-41-20-22-52-53-25-28-36-40-59-21-37-30-33-18-46-47-31-32-34-35-56-57-29-44-60-61-17-16-15-11-10-9-8-4-2-1-0-7-13-5-12-6-3-14-62-63,4.66465,9.16158,0.000647666
dense_64_29,3,1,792267,11.0724,6122025,100000000,26-27-28-24-25-23-16-18-19-29-13-14-30-31-15-11-3-7-6-2-8-32-1-10-0-9-22-20-21-33-12-4-5-17-35-36-37-38-39-40-41-43-45-46-47-48-49-50-54-52-53-55-51-57-58-59-60-42-56-44-61-62-34-63,5.89286,5.17958,0.000706852
dense_64_30,3,1,54899447,16.1901,5200933,100000000,30-29-31-26-28-27-32-33-35-39-40-34-41-42-25-36-43-44-45-46-24-22-6-21-5-7-1-17-4-20-16-19-3-2-10-12-13-37-38-8-23-9-0-14-47-48-50-51-15-52-53-54-56-60-59-61-62-63-57-58-18-49-11-55,5.47508,10.715,0.00058441
dense_64_25,3,0,263969390,63.6059,4045863,100000000,49-56-54-50-57-52-53-55-58-59-48-51-60-63-47-46-44-45-40-16-18-27-17-39-20-25-26-22-24-19-15-14-5-10-7-11-13-3-6-4-28-2-38-61-21-23-41-29-30-33-34-31-35-32-42-12-8-9-0-37-43-62-36-1,4.64361,58.9623,6.9497e-310
dense_64_26,3,0,7689776,9.57818,3871554,100000000,37-42-41-34-44-38-39-40-43-45-46-35-48-47-33-32-31-28-29-27-23-22-21-17-19-1-7-10-9-11-3-8-12-13-20-2-24-25-26-18-30-4-5-6-15-16-0-36-14-49-50-52-54-56-61-55-57-58-59-60-62-53-51-63,3.625,5.95318,6.93346e-310
dense_64_27,3,0,92723111,19.3977,4603949,100000000,30-31-32-29-5-3-6-10-2-1-26-25-23-24-20-19-33-27-28-21-22-12-7-34-36-9-11-37-16-17-18-0-35-4-14-40-41-42-43-44-46-45-47-49-51-54-56-59-60-62-61-63-57-58-52-53-55-13-38-39-8-48-50-15,4.4645,14.9332,6.94367e-310
dense_64_28,3,0,38671841,13.7746,5390720,100000000,54-50-51-55-58-27-45-49-48-26-23-24-19-38-42-43-39-41-20-22-52-53-25-28-40-21-59-36-30-37-33-18-46-47-31-32-34-56-57-44-29-60-61-17-16-15-11-10-9-8-4-2-1-0-13-7-12-5-6-3-14-35-62-63,4.52243,9.25213,6.90674e-310
dense_64_29,3,0,793515,15.5053,6593838,100000000,26-27-28-24-25-23-16-18-19-29-13-14-30-31-15-32-11-3-7-6-2-8-1-10-0-22-20-21-9-33-4-5-17-12-35-36-37-38-39-40-41-43-45-46-47-48-49-50-54-52-53-55-51-57-58-42-59-60-56-61-62-44-34-63,6.98843,8.51691,6.92097e-310
dense_64_25,5,0,7015933,8.59845,3367174,100000000,54-56-49-50-57-55-51-52-53-58-59-48-60-63-47-46-44-40-39-16-18-27-17-20-25-26-24-22-28-19-15-14-5-10-7-11-6-13-3-45-4-38-2-61-12-29-34-33-30-31-35-32-41-21-42-8-9-23-37-43-36-62-1-0,2.05583,6.54262,6.95174e-310
dense_64_30,3,0,100381253,30.9676,5585680,100000000,30-29-31-26-28-27-32-33-35-39-40-34-41-42-36-25-43-44-45-46-24-22-6-21-5-7-1-17-4-20-16-19-3-2-10-12-13-37-38-8-23-0-9-15-47-48-50-51-14-11-52-53-54-56-60-59-61-62-63-57-58-49-55-18,5.97875,24.9888,6.91506e-310
dense_64_26,5,0,2747848,8.02143,3114082,100000000,11-10-9-7-13-12-8-1-17-19-3-21-23-22-2-27-28-29-20-25-26-24-4-18-31-30-14-5-6-15-16-0-32-33-34-42-41-37-44-39-40-38-35-43-45-46-48-47-36-49-50-52-54-56-61-57-58-59-55-60-51-62-53-63,2.68298,5.33845,6.90997e-310
dense_64_27,5,0,54436975,13.2564,4026812,100000000,30-31-29-32-6-10-26-5-3-28-27-25-24-23-20-19-21-22-33-12-11-7-9-4-16-34-36-18-17-2-1-37-0-35-13-14-8-40-41-42-43-44-46-45-47-49-51-54-56-59-60-62-63-61-58-57-53-55-52-15-39-38-48-50,2.38496,10.8715,6.93773e-310
dense_64_25,1,0,2215432006,386.231,5859291,100000000,56-49-54-50-57-51-52-53-55-58-59-48-47-46-44-45-40-39-16-18-27-17-20-25-26-22-24-28-60-15-14-5-7-10-11-6-13-3-2-4-19-38-63-41-42-12-29-34-33-30-31-32-35-0-1-8-9-23-36-37-43-61-21-62,2.87407,383.357,6.92197e-310
dense_64_26,1,0,5928433,7.84005,5413969,100000000,37-42-41-34-44-38-39-40-35-45-46-48-47-43-33-32-31-28-29-27-23-22-21-17-19-1-3-7-10-9-11-8-12-13-20-2-4-24-25-26-18-30-5-6-15-16-14-36-49-50-52-54-56-61-55-57-58-59-60-51-62-0-53-63,2.25653,5.58352,6.91621e-310
dense_64_28,5,0,37542539,12.7685,4821692,100000000,50-51-54-55-27-58-45-49-48-26-23-24-19-38-43-42-39-41-53-52-20-22-25-28-59-40-21-36-37-30-33-56-57-47-46-18-44-34-32-31-29-60-61-17-16-15-11-10-13-9-8-4-2-1-0-5-6-7-12-3-14-35-63-62,2.51117,10.2574,6.94397e-310
dense_64_27,1,0,4680046,8.48159,5656257,100000000,30-31-29-32-6-10-5-3-2-1-26-25-23-24-20-19-27-28-21-22-7-12-9-11-16-17-18-33-34-36-37-35-4-0-14-13-15-38-39-40-41-42-43-44-46-45-47-49-51-54-56-59-60-62-61-63-57-58-52-53-55-48-50-8,2.38429,6.0973,6.94206e-310
dense_64_29,5,0,785194,7.97462,5874609,100000000,26-27-28-24-25-23-16-18-19-29-30-31-13-14-15-22-32-11-3-7-6-8-2-10-1-0-9-20-21-5-4-17-33-12-35-36-37-38-39-40-41-43-45-46-47-48-49-50-54-52-53-51-55-57-59-60-58-44-42-56-61-62-34-63,2.8356,5.13902,6.9227e-310
dense_64_28,1,0,3593144,7.91912,7251014,100000000,50-51-54-55-27-58-26-23-24-20-22-45-49-38-42-43-39-41-48-19-28-52-53-25-21-59-40-36-30-33-31-32-34-37-18-17-16-15-11-13-10-12-9-8-4-5-6-2-1-0-7-3-29-35-46-47-60-61-62-63-14-44-56-57,2.42406,5.49505,6.92428e-310
dense_64_29,1,0,771623,7.82383,7806140,100000000,26-27-28-24-25-23-16-19-18-13-14-15-29-30-31-32-11-3-7-6-2-8-1-10-0-9-22-20-21-33-4-5-12-35-36-37-38-39-40-41-43-45-46-47-48-49-50-54-52-53-51-55-57-42-44-58-59-60-61-62-17-34-56-63,2.61735,5.20648,6.91455e-310
dense_64_30,5,0,73148843,25.1654,5289815,100000000,30-29-31-28-26-27-32-33-35-39-40-41-42-36-25-34-43-44-45-46-24-22-6-21-20-5-7-1-17-4-19-16-3-2-10-12-13-37-38-23-8-9-18-0-15-47-48-50-51-49-14-11-52-53-54-56-60-59-61-62-63-58-57-55,2.68423,22.4812,6.9071e-310
dense_64_30,1,0,811558,7.74532,6792992,100000000,30-29-26-28-27-31-25-32-33-35-34-39-40-41-42-36-43-44-45-46-24-22-6-21-5-7-1-17-4-20-16-19-3-2-10-12-13-8-9-37-38-0-14-18-23-47-48-50-51-49-52-53-54-56-60-59-61-62-63-57-58-55-11-15,2.38793,5.35739,6.94044e-310
dense_64_25,4,1,19448611,17.1198,3128617,100000000,49-56-54-50-57-51-52-53-55-58-59-48-60-63-47-46-44-40-16-18-27-17-39-20-25-26-22-24-19-28-45-15-14-5-10-7-11-6-13-3-4-2-38-61-12-29-34-33-30-31-32-35-21-23-41-42-8-9-43-36-37-0-1-62,5.26442,11.8554,0.000997139
dense_64_26,0,0,9837719,11.6366,8899399,100000000,37-42-41-34-44-38-39-40-35-45-46-48-33-32-31-28-29-27-23-22-21-17-19-1-3-7-11-9-10-4-8-12-13-5-6-15-16-2-24-25-26-20-14-36-47-49-50-52-54-56-61-55-57-58-59-60-51-62-0-18-30-43-53-63,2.38836,9.24827,6.94254e-310
dense_64_26,4,1,3598912,13.0077,3031275,100000000,37-42-41-34-44-38-39-40-35-43-45-46-48-36-33-47-32-31-28-29-27-23-22-21-17-19-1-3-7-9-10-11-8-12-13-2-20-4-18-24-25-26-30-5-6-15-16-14-0-49-50-52-54-56-61-57-55-58-59-60-51-62-53-63,5.36152,7.64622,0.000963649
dense_64_27,0,0,12966798,10.2765,9541561,100000000,30-29-31-32-6-10-5-3-26-7-12-25-23-24-27-28-9-11-20-19-16-21-22-14-17-18-2-1-4-13-15-33-34-36-37-35-38-39-40-41-42-43-44-46-47-49-51-54-56-52-53-55-59-60-62-57-58-61-63-45-48-50-0-8,2.33756,7.93889,6.90823e-310
dense_64_28,0,0,3803053,11.1888,10835940,100000000,8-4-2-1-0-5-6-3-7-9-10-11-13-12-15-16-17-18-20-23-24-22-19-58-55-54-51-50-27-45-49-38-43-42-39-41-48-36-30-33-26-31-32-34-37-21-25-28-29-35-40-46-47-52-53-59-60-61-62-63-14-44-56-57,2.19235,8.99647,6.92041e-310
dense_64_27,4,1,129576405,28.02,3838577,100000000,30-31-29-32-6-10-5-3-26-27-28-25-24-23-20-19-21-22-2-1-33-12-7-9-11-4-16-34-36-17-18-37-35-0-13-14-8-15-40-41-42-43-44-46-45-47-49-51-54-56-59-60-62-61-63-57-58-52-53-55-38-39-50-48,4.63543,23.3846,0.000853294
dense_64_29,0,0,3742001,10.5807,10042466,100000000,54-50-49-48-51-52-53-55-47-46-45-43-41-40-42-57-39-38-37-36-35-33-32-31-30-29-24-26-27-28-23-16-19-18-11-3-7-6-2-8-1-10-13-14-25-0-9-15-22-20-21-4-5-12-44-58-59-60-61-62-17-34-56-63,2.4942,8.08648,6.93286e-310
dense_64_28,4,1,37388555,24.5868,4772299,100000000,50-54-51-55-58-27-45-49-48-26-23-24-19-38-42-43-39-41-20-22-52-53-25-40-28-36-21-59-37-30-33-18-46-47-31-32-34-44-35-29-56-57-60-61-17-16-15-11-10-13-9-8-4-2-1-0-5-6-7-12-3-14-62-63,6.64361,17.9432,0.000836087
dense_64_30,0,0,5306330,10.9981,10413209,100000000,30-29-26-28-27-31-25-24-22-6-21-5-7-1-17-4-2-10-12-8-9-16-19-20-0-3-13-14-18-23-32-33-35-39-40-36-37-38-41-42-34-43-44-45-47-48-50-51-49-52-53-54-56-60-59-61-57-58-55-62-63-11-15-46,2.2642,8.73385,6.90437e-310
dense_64_29,4,1,784510,15.6204,5834816,100000000,26-27-28-24-25-23-16-18-19-29-30-31-13-14-15-32-11-3-7-6-8-2-1-10-0-9-22-20-21-4-5-12-33-17-35-36-37-38-39-40-41-43-45-46-47-48-49-50-54-52-53-51-55-57-59-60-58-42-44-56-61-62-34-63,7.2897,8.33069,0.000786265
dense_64_30,4,1,53024591,24.974,4972959,100000000,30-29-31-26-28-27-32-33-35-39-40-34-41-42-25-36-43-44-45-46-24-22-6-21-5-7-1-17-4-20-16-19-3-2-10-12-13-37-38-8-23-9-14-0-18-47-48-50-51-15-49-52-53-54-56-60-59-61-62-63-57-58-11-55,6.58557,18.3884,0.000633587
dense_64_25,4,0,59726886,21.7565,3396432,100000000,49-56-54-50-57-51-52-53-55-58-59-48-60-63-47-46-44-40-16-18-27-17-39-20-25-26-22-24-19-28-45-15-14-5-10-7-11-6-13-3-4-2-38-61-21-29-34-33-30-31-32-35-12-23-8-9-41-42-36-37-0-1-62-43,4.49646,17.26,6.92239e-310
dense_64_26,4,0,3598919,8.75051,3183017,100000000,37-42-41-34-44-38-39-40-35-43-45-46-48-33-36-47-32-31-28-29-27-23-22-21-17-19-1-7-9-10-11-8-3-12-13-20-2-4-18-24-25-26-30-5-6-15-16-14-0-49-50-52-54-56-61-57-55-58-59-60-51-62-53-63,3.35075,5.39976,6.91402e-310
dense_64_27,4,0,54576399,21.2989,4030214,100000000,30-31-32-29-6-10-5-3-26-27-28-25-24-23-20-19-21-22-2-1-33-7-12-9-11-4-16-34-36-17-18-37-35-0-14-13-8-15-40-41-42-43-44-46-45-47-49-51-54-56-59-60-62-61-63-57-58-52-53-55-38-39-48-50,3.98578,17.3131,6.89876e-310
dense_64_28,4,0,37542514,17.098,5084959,100000000,50-54-51-55-58-27-45-49-48-26-23-24-19-38-42-43-39-41-20-22-52-53-25-40-28-21-36-59-30-37-33-18-46-47-44-31-32-34-56-57-29-60-61-17-16-15-11-10-13-9-8-4-2-1-0-5-6-7-12-3-14-35-62-63,5.80278,11.2952,6.94513e-310
dense_64_29,4,0,784722,15.7339,6224709,100000000,26-27-28-24-25-23-16-18-19-29-30-31-13-14-15-32-11-3-7-6-8-2-1-10-0-22-9-20-21-4-5-33-17-12-35-36-37-38-39-40-41-43-45-46-47-48-49-50-54-52-53-51-55-57-59-60-58-42-56-44-61-62-34-63,7.50076,8.23312,6.92541e-310
dense_64_25,1,1,2006497262,322.301,5138339,100000000,56-49-54-50-57-51-52-53-55-58-59-48-47-46-44-45-40-39-16-18-27-17-20-25-26-22-24-19-28-60-15-14-5-7-10-11-6-13-3-4-2-63-38-12-41-42-29-34-33-30-31-35-32-23-43-36-37-8-9-0-1-61-21-62,2.92223,319.379,0.00198721
dense_64_26,1,1,14033604,8.73827,4805395,100000000,37-42-41-34-44-38-39-40-35-45-46-48-47-43-36-33-49-50-52-54-56-61-55-57-58-59-60-51-32-31-28-29-27-23-22-21-17-19-1-3-7-9-10-11-8-12-13-20-2-4-24-25-26-18-30-5-6-15-16-14-0-62-53-63,2.40789,6.33039,0.00075268
dense_64_30,4,0,73459527,26.9081,5288657,100000000,30-29-31-26-28-27-32-33-35-39-40-34-41-42-25-36-43-44-45-46-24-22-6-21-5-7-1-17-4-20-16-19-3-2-10-12-13-37-38-23-8-9-0-18-15-47-48-50-51-49-14-11-52-53-54-56-60-59-61-62-63-57-58-55,6.50347,20.4046,6.92591e-310
dense_64_27,1,1,557019,8.46546,5228240,100000000,30-31-29-32-6-10-5-3-2-1-26-27-28-25-24-23-20-19-21-22-12-7-9-11-16-17-18-4-33-34-36-37-35-0-14-13-15-40-41-42-43-44-46-45-47-49-51-54-56-59-60-62-61-63-57-58-52-53-55-50-48-38-39-8,3.20913,5.25633,0.000724905
dense_64_28,1,1,2950618,12.2877,6588353,100000000,50-54-51-55-27-58-26-23-24-20-22-45-49-38-42-43-39-41-48-19-36-30-25-28-59-52-53-21-40-33-37-31-32-34-35-18-29-17-60-61-16-15-11-13-10-12-9-8-4-5-6-2-1-0-7-3-46-47-62-63-44-56-57-14,3.34889,8.9388,0.000660458
dense_64_29,1,1,4583947,12.5842,6988538,100000000,26-27-28-24-25-23-16-18-19-13-14-15-11-3-7-6-8-2-1-10-29-30-31-32-0-9-22-20-21-12-33-4-5-35-36-37-38-39-40-41-43-45-46-47-48-49-50-54-52-53-51-55-57-42-59-60-44-58-17-61-62-56-63-34,3.44272,9.14149,0.000795597
dense_64_30,1,1,933722,11.8386,6097314,100000000,30-29-26-28-31-27-25-32-33-35-34-39-40-41-42-36-43-44-45-46-37-38-24-22-6-21-5-7-1-17-4-20-16-19-3-2-10-12-13-8-9-14-0-18-47-48-50-51-52-53-54-56-60-59-61-62-63-57-58-23-49-55-15-11,3.301,8.53757,0.000649512
dense_64_1,5,1,28593972,12.4844,3628267,100000000,21-26-22-23-20-24-25-19-27-18-17-16-28-30-31-39-38-32-49-36-37-35-44-46-45-52-54-53-58-59-41-34-42-33-56-57-47-55-43-40-51-14-50-15-13-10-1-9-5-7-2-3-4-8-60-61-62-63-29-48-6-0-12-11,3.41447,9.06997,0.0016675
dense_64_2,5,1,1178751,8.07803,4718047,100000000,50-54-42-40-38-44-51-55-43-48-49-41-39-45-47-53-36-31-32-30-35-37-34-33-29-46-56-52-57-60-61-63-62-28-23-21-26-27-19-20-22-25-16-24-18-58-59-14-13-11-12-9-0-2-1-3-10-5-6-4-8-7-17-15,3.1787,4.89933,0.00262007
dense_64_3,5,1,3879606,7.84783,4346982,100000000,50-40-56-46-39-57-41-43-47-48-36-54-55-58-35-51-49-45-44-42-52-53-59-34-33-32-29-30-31-25-26-28-21-37-38-20-17-15-8-6-7-5-10-11-2-3-4-12-13-14-9-24-27-1-23-60-19-22-16-18-61-0-62-63,2.08423,5.7636,0.00192692
dense_64_4,5,1,10069049,12.1497,3013800,100000000,26-22-27-24-31-32-33-19-30-28-29-23-25-36-34-16-18-15-17-20-14-13-6-12-3-2-4-5-7-8-9-10-11-1-21-37-40-43-45-47-46-44-48-49-41-35-42-38-39-0-50-51-52-61-53-55-56-54-57-63-62-58-59-60,2.58049,9.56918,0.00126385
dense_64_5,5,1,2457747,9.88832,2942030,100000000,10-19-22-14-23-9-8-3-4-21-20-11-2-7-6-5-24-18-15-17-16-30-32-59-58-57-63-62-61-35-43-36-56-60-44-45-48-50-51-47-46-49-40-41-42-39-37-53-55-38-52-54-12-1-29-26-28-25-27-34-31-33-13-0,2.83498,7.05334,0.000691463
dense_64_6,5,1,4055892,8.74683,4369578,100000000,4-6-5-10-9-17-18-24-28-26-16-12-11-3-2-1-27-23-22-8-7-25-19-20-21-29-0-14-13-15-32-33-31-30-34-35-36-40-39-37-38-43-45-47-50-42-41-48-46-44-51-52-53-55-56-59-58-57-60-61-54-62-49-63,3.14943,5.59741,0.000750621
dense_64_7,5,1,3105682,8.99123,5730726,100000000,37-34-35-33-40-36-32-39-38-41-42-27-26-29-25-24-23-22-31-30-45-43-47-48-28-44-21-49-51-52-60-61-62-63-58-56-57-59-55-46-20-53-54-50-19-18-17-16-14-12-11-6-2-9-0-1-3-4-5-8-7-10-15-13,3.18071,5.81052,0.000674657
dense_64_8,5,1,527704120,130.962,4498829,100000000,14-13-16-18-21-22-25-23-26-27-12-11-9-4-2-5-15-31-32-34-37-38-39-42-36-44-3-10-24-35-1-8-7-41-40-19-33-28-46-43-6-17-29-30-45-20-0-47-48-49-56-57-50-52-53-54-63-62-61-55-51-58-60-59,4.18598,126.776,0.000861124
dense_64_2,0,1,1164981,7.18794,8662621,100000000,50-54-44-42-40-38-51-55-43-48-49-45-47-53-46-41-39-36-31-32-30-35-33-34-56-57-60-58-59-61-63-52-37-29-28-23-21-26-27-19-20-16-22-14-18-13-11-12-9-0-2-1-4-5-6-10-8-3-25-62-7-24-17-15,2.11172,5.07622,0.00081493
dense_64_3,0,1,3523541,7.36735,9656024,100000000,50-39-40-56-46-57-41-43-54-35-47-48-36-51-55-49-52-53-58-34-33-32-29-30-25-26-21-20-17-15-8-6-10-5-7-12-11-13-14-2-28-19-23-3-24-27-18-22-4-16-31-59-60-61-37-38-42-44-45-1-62-9-0-63,2.11459,5.25275,0.000760751
dense_64_4,0,1,9311357,11.1709,7994340,100000000,6-12-3-2-13-4-5-7-8-9-10-11-14-15-18-16-19-26-22-27-24-20-31-32-33-36-37-40-43-45-47-41-46-17-38-39-48-49-34-42-44-21-30-50-51-52-61-53-55-56-54-57-58-59-60-62-63-1-28-29-23-25-35-0,2.79355,8.37737,0.000915037
dense_64_5,0,1,2818343,9.24022,9099952,100000000,10-19-22-14-24-23-20-21-18-30-32-59-58-35-43-36-39-40-41-42-37-11-61-62-63-56-53-55-17-60-38-34-57-9-8-3-4-2-6-7-44-45-48-46-47-50-51-15-29-31-16-49-52-25-26-27-28-5-1-12-54-33-0-13,2.14748,7.09274,0.00065284
dense_64_6,0,1,785633436,117.639,8096726,100000000,4-10-6-5-9-17-18-24-28-26-16-11-12-14-22-23-27-13-19-20-25-21-29-32-7-8-30-31-33-15-34-35-36-40-39-37-38-43-45-47-50-46-48-3-2-1-44-51-52-53-55-56-59-57-58-60-61-41-42-62-49-54-0-63,2.76385,114.875,0.000723325
dense_64_7,0,1,1935119,10.8631,9736529,100000000,37-40-33-35-34-41-45-43-47-36-32-27-29-26-25-23-24-48-44-38-39-49-51-52-60-56-58-57-61-55-59-30-31-42-22-50-21-20-19-18-12-17-16-11-6-2-9-3-4-0-1-14-7-8-5-53-54-62-63-10-28-46-13-15,2.5824,8.28067,0.000690806
dense_64_8,0,1,1421639,11.1757,8507254,100000000,5-2-4-9-11-12-13-14-16-18-21-22-25-23-31-32-34-37-38-39-42-36-44-46-35-26-27-3-43-6-1-7-8-40-41-10-33-45-15-47-48-49-56-57-50-52-53-54-51-55-63-62-58-59-60-61-24-19-17-29-30-0-20-28,2.69698,8.47874,0.000848599
dense_64_10,5,1,12544715,9.07196,2240770,100000000,2-1-0-4-3-6-5-7-8-10-31-30-13-28-15-12-33-17-34-38-22-14-21-23-24-25-32-20-27-29-39-16-40-36-37-35-11-18-19-41-43-44-46-47-45-48-49-51-55-52-54-53-56-58-60-62-57-50-61-59-63-9-26-42,2.68505,6.38692,0.00141886
dense_64_11,5,1,2186343,7.88398,3370886,100000000,53-54-51-50-46-45-55-44-43-52-56-62-61-63-57-58-48-47-49-42-60-59-40-38-37-36-29-26-25-15-4-18-13-23-1-14-9-10-7-20-6-17-5-19-24-28-27-30-31-22-21-3-8-12-0-2-11-16-33-34-35-41-39-32,2.57068,5.31331,0.000985342
dense_64_12,5,1,8151771,9.41107,4545162,100000000,13-12-15-16-18-17-23-24-20-25-26-27-32-29-37-41-42-46-48-56-40-30-53-36-33-38-43-52-51-50-11-14-31-47-57-19-49-28-59-39-60-35-58-45-44-34-61-10-54-55-9-5-3-4-2-7-8-6-21-22-1-62-63-0,3.18432,6.22675,0.00144214
dense_64_10,0,1,2109946,7.33109,6821735,100000000,28-13-31-30-15-17-22-14-21-23-24-25-20-12-33-34-38-27-39-10-35-36-37-40-32-16-29-11-18-19-41-43-44-46-47-8-7-2-0-1-4-3-5-6-9-48-49-51-55-52-58-60-53-54-62-57-56-59-61-50-26-45-63-42,2.08957,5.24152,0.00133173
dense_64_11,0,1,363785,7.04455,8023025,100000000,4-18-13-1-15-23-7-9-10-14-5-6-17-20-19-25-26-29-36-37-30-31-33-34-35-27-28-38-40-42-43-44-46-45-50-51-53-54-55-56-61-62-63-57-58-48-52-47-0-2-3-8-11-12-21-22-24-49-41-16-59-60-32-39,1.9974,5.04715,0.00093714
dense_64_12,0,1,6541123,12.0866,8117532,100000000,32-27-29-37-46-41-42-48-56-36-33-30-53-52-51-50-59-31-40-28-60-25-24-23-26-38-17-20-18-43-39-35-58-61-34-49-57-19-16-13-12-15-47-44-45-11-10-9-5-3-6-7-8-4-2-54-55-62-63-21-22-1-14-0,2.68515,9.40147,0.00124458
dense_64_14,5,1,34279729,10.9511,3342302,100000000,46-41-40-48-38-36-35-43-44-45-42-49-47-37-33-32-29-28-27-24-11-12-16-18-14-20-13-25-17-15-21-10-8-7-6-19-9-26-31-30-39-22-50-23-5-0-1-2-3-34-51-4-52-53-54-56-57-58-59-61-62-63-60-55,2.5513,8.39982,0.000959439
dense_64_15,5,1,548105733,109.88,3846990,100000000,6-4-7-10-9-2-1-0-12-3-11-8-5-14-20-54-56-23-22-60-62-52-50-21-58-59-57-19-18-55-48-49-17-36-35-34-32-33-37-40-42-15-26-63-41-38-29-46-13-25-16-30-51-61-47-24-53-45-44-43-31-27-39-28,2.78557,107.094,0.000930528
dense_64_16,5,1,4805388,8.35281,4261413,100000000,35-40-41-42-33-39-37-38-36-34-44-43-28-24-26-23-21-19-29-30-31-27-25-20-32-22-18-45-51-55-56-58-60-62-63-61-59-57-54-53-49-47-17-15-10-7-4-2-5-3-1-6-12-46-48-13-14-0-11-52-8-9-50-16,2.8561,5.49671,0.000845041
dense_64_17,5,1,5760399,8.54637,4638392,100000000,11-13-10-8-9-1-7-15-20-12-14-2-21-22-23-24-6-5-26-25-17-16-28-29-36-30-39-42-31-35-33-32-38-43-41-37-34-4-0-44-45-48-52-54-55-56-59-63-60-53-58-57-62-61-47-3-46-40-49-27-18-50-51-19,2.78015,5.76623,0.000644501
dense_64_18,5,1,3294914,11.7976,3828958,100000000,18-22-17-23-20-16-4-9-19-8-10-11-21-5-3-24-7-6-15-13-14-12-25-26-28-29-34-39-38-33-32-41-42-35-27-45-46-47-48-51-50-49-43-40-2-30-31-36-37-52-53-55-56-57-58-59-60-61-63-62-44-54-1-0,3.09609,8.70148,0.000694274
dense_64_19,5,1,4350581,12.0952,3783879,100000000,52-58-50-53-56-55-57-47-41-48-51-49-59-42-46-39-40-38-35-34-36-54-61-60-32-31-30-29-10-7-6-8-4-2-3-9-1-0-11-17-18-24-21-28-25-20-23-19-26-22-14-13-5-15-16-27-43-44-12-45-33-37-62-63,3.23269,8.8625,0.000859451
dense_64_20,5,1,5935906,12.6888,4489774,100000000,27-28-29-26-30-31-32-25-24-23-22-20-19-21-33-34-35-37-42-51-46-49-36-47-52-50-44-45-43-53-55-59-60-58-54-38-61-48-39-41-57-18-17-16-15-14-11-13-8-7-10-12-6-9-5-4-3-1-56-0-2-62-63-40,3.28274,9.4061,0.000731543
dense_64_21,5,1,6559908,13.4856,3526549,100000000,20-21-19-17-23-22-15-16-24-25-18-14-13-12-11-8-6-26-28-29-31-33-34-35-36-32-30-9-4-10-7-5-3-1-0-2-37-27-39-38-40-41-42-45-44-46-47-48-50-51-58-61-62-60-59-63-56-52-53-54-55-43-49-57,3.52942,9.95617,0.000741972
dense_64_22,5,1,921526,11.4206,3293668,100000000,31-38-28-27-30-36-39-25-37-32-33-34-35-29-26-16-40-41-21-23-11-10-9-8-3-2-5-0-4-7-6-1-20-43-18-17-22-19-14-12-13-42-24-44-45-50-52-47-53-54-48-49-51-46-55-56-57-58-59-62-63-61-60-15,3.05145,8.36914,0.00150995
dense_64_23,5,1,25859067,20.0941,4079320,100000000,20-21-15-23-13-10-8-4-7-0-2-3-6-17-22-14-19-18-1-9-12-11-25-5-24-27-29-31-32-34-16-33-30-26-28-35-36-37-39-41-50-43-48-44-51-49-46-45-40-47-38-52-56-57-59-61-60-63-62-58-42-53-54-55,3.17953,16.9146,0.000730779
dense_64_14,0,1,2171207,7.39378,7227643,100000000,46-41-40-48-38-35-36-42-43-44-45-49-37-47-33-32-29-28-27-24-11-12-16-18-14-20-21-25-19-13-17-22-15-10-8-7-23-26-30-31-6-5-0-1-3-2-4-9-50-51-52-53-54-56-57-58-59-60-61-62-63-55-39-34,2.08397,5.30981,0.000982853
dense_64_15,0,1,1974087759,231.562,8075854,100000000,54-56-20-23-22-14-12-9-10-15-26-60-62-7-6-4-32-35-34-52-50-48-19-18-17-8-11-46-42-40-29-49-37-21-16-57-58-59-2-1-0-47-3-36-41-25-30-38-51-5-13-33-45-31-24-43-44-27-61-53-55-39-28-63,1.92703,229.635,0.00084677
dense_64_16,0,1,101336074,15.3669,8116995,100000000,42-35-40-41-33-39-36-37-38-34-28-24-26-23-21-19-27-29-30-31-25-20-44-45-51-55-56-58-60-62-63-54-53-57-49-61-59-52-47-46-48-18-17-15-10-7-4-2-5-12-1-3-13-14-11-6-0-8-9-43-32-16-22-50,2.05653,13.3104,0.000942545
dense_64_25,5,1,1957926,7.47411,3105254,100000000,54-56-49-50-57-55-51-52-53-58-59-48-60-63-47-46-44-40-39-16-18-27-17-20-25-26-24-22-28-19-15-14-5-7-10-11-6-13-3-45-4-38-2-61-12-41-29-34-33-30-31-32-35-42-21-23-8-9-43-37-36-1-0-62,2.26909,5.20503,0.000979151
dense_64_17,0,1,1853447,7.2773,9382142,100000000,36-31-30-35-39-42-29-33-32-38-41-43-28-23-24-22-25-26-44-45-48-47-46-52-54-55-56-59-63-57-58-60-61-62-49-21-15-13-11-20-10-8-9-1-7-12-17-5-6-2-14-16-34-53-0-4-18-3-40-37-50-51-27-19,1.99556,5.28174,0.000667122
dense_64_26,5,1,2747849,7.79748,2963658,100000000,11-10-9-7-13-12-8-1-17-19-3-21-23-22-2-27-28-29-20-4-25-26-24-18-31-30-14-5-6-15-16-0-32-33-34-42-41-37-44-38-39-40-35-43-45-46-48-47-36-49-50-52-54-56-61-57-58-59-55-60-51-62-53-63,2.54708,5.25039,0.000763376
dense_64_18,0,1,3452528,7.2845,9260166,100000000,4-9-16-17-18-22-23-5-3-8-10-11-20-6-7-19-21-12-13-14-15-2-24-25-26-28-29-34-39-32-33-38-41-42-35-45-46-40-44-27-47-48-51-50-49-52-53-55-56-57-58-59-60-61-62-63-30-31-36-37-43-1-54-0,1.95758,5.32691,0.000632962
dense_64_27,5,1,129436947,19.3589,3840123,100000000,30-31-29-32-6-10-26-5-3-28-27-25-24-23-20-19-21-22-33-12-11-7-9-4-16-34-36-2-1-18-17-37-35-0-13-14-8-40-41-42-43-44-46-45-47-49-51-54-56-59-60-62-63-61-58-57-52-53-55-15-38-39-50-48,2.60702,16.7519,0.000722296
dense_64_19,0,1,166873185,30.3818,8861954,100000000,18-24-21-17-20-23-11-25-28-19-22-26-14-10-7-8-6-4-2-3-13-15-16-29-30-9-12-31-32-34-35-38-36-39-41-47-50-52-58-48-42-53-56-55-57-46-49-59-61-51-33-40-60-27-43-44-0-1-45-54-5-37-62-63,2.1055,28.2763,0.00457785
dense_64_28,5,1,37388583,12.9306,4506839,100000000,50-51-54-55-27-58-45-49-48-26-23-24-19-38-43-42-39-41-53-52-20-22-25-28-59-40-36-21-37-30-33-56-57-47-46-18-34-31-32-44-35-29-60-61-17-16-15-11-10-13-9-8-4-2-1-0-5-6-7-12-3-14-62-63,2.80844,10.1222,0.000659619
dense_64_20,0,1,1024464,7.01411,10120571,100000000,42-51-46-37-35-52-53-55-59-61-54-60-36-57-58-49-43-44-45-47-38-50-39-34-33-32-29-28-27-26-31-30-25-24-23-22-20-19-18-17-16-15-14-11-13-8-7-10-12-6-5-4-3-1-62-63-56-41-9-0-2-21-40-48,1.93453,5.07958,0.000662022
dense_64_29,5,1,784623,8.08081,5531050,100000000,26-27-28-24-25-23-16-18-19-29-30-31-13-14-15-22-11-3-7-6-8-2-32-10-1-0-9-20-21-5-4-12-17-33-35-36-37-38-39-40-41-43-45-46-47-48-49-50-54-52-53-51-55-57-59-60-58-44-42-56-61-62-34-63,3.01773,5.06308,0.000569473
dense_64_21,0,1,9383276,8.23436,7757288,100000000,20-21-19-17-23-15-16-22-24-25-18-26-28-29-31-33-34-35-30-32-14-13-12-11-8-6-4-9-10-5-7-3-1-36-37-39-40-41-46-47-42-45-44-43-48-50-51-56-52-53-54-55-58-61-62-59-60-49-27-38-57-0-2-63,2.17922,6.05514,0.000723254
dense_64_30,5,1,1931370,8.50064,4974767,100000000,30-29-31-26-28-27-25-32-33-35-39-40-41-42-36-34-43-44-45-46-24-22-6-21-20-5-7-1-17-4-19-16-3-2-10-12-13-37-38-8-23-9-18-0-14-15-47-48-50-51-49-52-53-54-56-60-59-61-62-63-58-57-55-11,3.12648,5.37416,0.00052022
dense_64_22,0,1,716850,6.82677,7006581,100000000,36-27-30-28-38-31-25-26-29-32-33-34-35-37-39-16-40-11-10-9-8-3-5-2-0-21-23-14-7-6-12-4-13-20-41-43-24-17-18-44-45-47-52-50-54-53-48-49-51-46-55-56-57-58-59-62-63-60-61-22-19-15-42-1,1.84049,4.98627,0.00163727
dense_64_23,0,1,2114604,7.2379,9233064,100000000,23-13-10-15-20-21-8-4-7-14-22-17-9-0-2-3-11-12-25-27-29-34-31-32-30-33-18-19-6-28-5-35-1-26-36-37-39-41-50-43-48-44-51-52-46-53-49-42-40-47-56-57-59-61-60-63-58-38-45-54-55-16-24-62,1.93724,5.30067,0.000731196
dense_64_26,0,1,13661915,7.66661,7669825,100000000,37-42-41-34-44-38-39-40-35-45-46-48-36-33-47-49-50-52-54-56-61-55-57-58-59-60-51-32-31-28-29-27-23-22-21-17-19-1-3-7-9-11-10-4-8-12-13-5-6-15-16-2-24-25-26-14-20-0-62-43-18-53-30-63,1.9934,5.67321,0.00182919
dense_64_27,0,1,50279137,10.3088,8603461,100000000,30-29-31-32-6-10-5-3-26-27-28-25-23-24-12-7-20-19-9-11-21-22-16-17-18-14-13-4-15-2-1-33-34-36-37-40-35-41-42-43-44-46-47-49-51-54-56-52-53-55-59-60-62-57-58-61-63-50-45-48-38-39-8-0,2.03617,8.27265,0.00156937
dense_64_28,0,1,9416935,7.74636,9758338,100000000,50-51-54-45-49-38-43-42-36-30-48-33-39-41-37-55-27-58-31-32-34-19-23-24-20-22-26-35-18-25-29-17-28-59-60-61-16-15-11-13-10-12-9-8-4-5-6-2-1-0-7-3-46-47-40-21-52-53-62-63-44-56-57-14,1.96342,5.78294,0.00152783
dense_64_29,0,1,3465384,7.1645,8945608,100000000,7-6-3-8-2-11-16-18-19-1-10-23-26-24-27-28-0-9-13-14-25-15-22-20-21-12-4-5-29-30-31-32-33-35-36-37-38-39-40-41-43-45-46-42-47-48-49-50-54-51-52-53-55-57-59-60-44-58-17-61-62-56-63-34,2.05596,5.10854,0.00145251
dense_64_30,0,1,6325071,7.2132,9266806,100000000,30-29-26-28-31-27-25-24-22-6-21-5-7-1-17-4-2-10-12-8-9-16-19-20-14-0-3-18-32-33-35-39-40-36-37-38-41-42-23-34-43-44-45-47-48-50-51-52-53-54-56-60-59-61-57-58-49-55-13-15-62-63-11-46,2.02468,5.18852,0.00162099
