dense_64_1,1,0,8181888,32.2903,5977525,500000000,21-26-22-20-23-24-25-19-18-17-16-27-14-13-10-1-9-5-7-2-3-4-8-15-28-30-31-39-38-32-49-36-35-37-44-46-45-52-54-53-58-59-41-33-34-42-56-47-57-55-43-11-12-29-40-51-60-61-62-63-0-6-48-50,2.80089,29.4895,6.93441e-310
dense_64_1,1,1,13752103,33.3741,5193084,500000000,21-26-22-20-23-24-25-19-18-17-16-27-14-13-10-1-9-5-7-2-3-4-8-15-28-30-31-38-39-32-49-36-35-37-44-46-45-52-54-53-58-59-41-33-34-42-56-57-47-55-43-40-51-29-60-61-62-63-11-12-6-50-0-48,3.18996,30.1842,0.00164038
dense_64_1,4,0,119509713,49.7295,4178204,500000000,21-26-22-20-23-24-25-19-27-18-17-16-28-30-31-39-38-32-49-36-35-37-52-54-53-58-59-44-46-45-56-57-41-55-47-33-34-42-43-14-60-61-62-63-40-15-13-10-1-9-5-7-2-3-4-8-6-51-48-50-29-0-11-12,6.09892,43.6306,6.92455e-310
dense_64_1,3,1,119533865,49.1109,4329378,500000000,21-26-22-20-23-19-24-25-18-17-16-27-14-13-10-1-9-5-7-2-3-4-8-28-30-31-38-39-32-52-54-53-58-59-49-44-46-45-36-35-37-56-57-55-41-33-34-42-43-47-40-60-61-62-63-15-51-6-50-0-29-48-11-12,6.4174,42.6935,0.00108549
dense_64_1,2,0,170028236,53.017,3256470,500000000,26-21-22-23-20-24-25-27-19-18-17-16-28-30-31-39-38-32-49-36-37-35-44-46-45-52-54-53-58-59-41-42-34-33-43-56-57-47-55-40-51-50-14-60-61-62-63-15-13-10-1-9-5-7-4-3-2-8-29-6-48-0-12-11,4.6133,48.4037,6.90048e-310
dense_64_1,5,0,170020418,57.2857,3878979,500000000,26-21-22-23-20-24-25-19-27-18-17-16-28-30-31-39-38-32-49-36-37-35-44-46-45-52-54-53-58-59-41-34-42-33-56-57-47-55-43-40-51-50-14-60-61-62-63-15-13-10-1-9-5-7-3-4-2-8-48-29-6-0-12-11,3.88176,53.404,6.92024e-310
dense_64_1,5,1,142960529,57.5772,3628267,500000000,21-26-22-23-20-24-25-19-27-18-17-16-28-30-31-39-38-32-49-36-37-35-44-46-45-52-54-53-58-59-41-34-42-33-56-57-47-55-43-40-51-14-50-15-13-10-1-9-5-7-2-3-4-8-60-61-62-63-29-48-6-0-12-11,4.39309,53.1841,0.00189131
dense_64_1,4,1,119501110,59.3591,3880297,500000000,21-26-22-20-23-24-25-19-27-18-17-16-28-30-31-39-38-32-49-36-35-37-52-54-53-58-59-44-46-45-56-57-41-55-33-34-42-47-43-14-40-13-10-1-9-5-7-2-3-4-8-15-60-61-62-63-51-6-48-50-29-0-11-12,6.83711,52.5219,0.00159872
dense_64_1,3,0,155071364,61.7539,4766028,500000000,21-26-22-20-23-19-24-25-18-17-16-27-14-28-30-31-39-38-32-52-54-53-58-59-49-44-46-45-36-35-37-56-57-55-41-33-34-42-47-43-60-61-62-63-40-13-10-1-9-5-7-2-3-4-8-6-0-15-50-48-51-11-12-29,6.10563,55.6482,6.94878e-310
dense_64_1,2,1,170028214,63.9161,3187411,500000000,26-21-22-23-20-24-25-27-19-18-17-16-28-30-31-39-38-32-49-36-37-35-44-46-45-52-54-53-58-59-41-42-34-33-43-56-57-47-55-40-51-50-14-15-60-61-62-63-13-10-1-9-5-7-4-3-2-8-29-6-48-0-12-11,4.78299,59.1331,0.00105908
dense_64_2,1,0,11771108,45.5314,6781138,500000000,50-54-42-40-38-44-51-55-48-49-43-41-39-45-47-36-31-32-30-35-33-34-53-29-37-46-28-23-21-26-27-19-20-22-25-16-14-13-11-12-9-0-2-1-10-3-4-5-6-8-18-52-56-57-60-61-63-62-58-59-7-15-17-24,2.72685,42.8046,6.91211e-310
dense_64_2,1,1,5890717,43.5432,6075929,500000000,50-54-42-40-38-44-51-55-43-48-49-41-39-45-47-53-36-31-32-30-35-33-34-29-37-46-56-57-60-61-63-62-58-59-52-28-23-21-26-27-19-20-22-25-16-14-18-13-11-12-9-0-2-1-10-3-4-5-6-8-7-24-17-15,2.93879,40.6044,0.000787635
dense_64_2,4,0,5888069,44.4417,4953111,500000000,50-54-42-40-38-44-55-51-43-41-48-49-39-45-47-53-36-31-32-30-35-37-33-34-29-46-52-28-23-21-26-27-19-20-22-25-16-18-24-14-56-57-60-61-63-62-58-59-13-11-12-9-0-2-1-3-10-4-5-6-8-7-17-15,4.24629,40.1954,6.93324e-310
dense_64_2,5,0,5888182,37.4689,4909133,500000000,50-54-42-40-38-44-51-55-43-48-49-41-39-47-45-53-36-31-32-30-35-37-34-33-29-56-52-46-57-60-61-63-62-28-23-21-26-27-19-20-22-25-16-24-14-58-59-18-13-11-12-9-0-2-1-3-10-5-6-4-8-7-17-15,3.36348,34.1054,6.91222e-310
dense_64_2,3,1,5952917,46.7992,5214306,500000000,50-54-42-40-38-44-51-55-43-41-39-48-49-36-31-32-30-35-45-47-53-33-34-29-37-46-28-23-21-26-27-19-20-22-25-16-56-57-60-61-63-62-52-24-14-58-59-13-11-12-9-0-2-1-3-10-4-5-6-8-7-18-17-15,6.63541,40.1638,0.000752454
dense_64_2,2,0,5887553,45.0573,4324311,500000000,50-54-42-40-38-44-51-55-43-48-49-41-47-45-39-53-36-31-32-30-35-37-46-34-33-29-52-56-57-28-23-21-26-27-19-20-22-25-16-60-61-63-62-18-24-59-58-14-13-11-12-9-0-2-1-10-3-8-6-5-4-7-17-15,4.63744,40.4198,6.89878e-310
dense_64_2,5,1,5888182,40.4172,4718047,500000000,50-54-42-40-38-44-51-55-43-48-49-41-39-45-47-53-36-31-32-30-35-37-34-33-29-46-56-52-57-60-61-63-62-28-23-21-26-27-19-20-22-25-16-24-18-58-59-14-13-11-12-9-0-2-1-3-10-5-6-4-8-7-17-15,3.69271,36.7245,0.0102999
dense_64_2,4,1,5888186,39.6876,4746420,500000000,50-54-42-40-38-44-55-51-43-48-49-41-39-45-47-53-36-31-32-30-35-37-33-34-29-46-52-28-23-21-26-27-19-20-22-25-16-18-56-57-60-61-63-62-24-14-58-59-13-11-12-9-0-2-1-3-10-4-5-6-8-7-17-15,5.22495,34.4626,0.00139627
dense_64_2,3,0,5996597,43.729,5513324,500000000,50-54-42-40-38-44-51-41-55-39-43-48-49-36-31-32-30-35-45-47-33-34-29-53-37-28-23-21-26-27-19-20-25-22-16-46-52-56-57-60-61-63-62-24-14-58-59-13-11-12-9-0-2-1-3-10-4-5-6-8-7-18-17-15,5.79599,37.933,6.93965e-310
dense_64_2,2,1,5887553,41.6338,4286910,500000000,50-54-42-40-38-44-51-55-43-48-49-41-47-45-39-53-36-31-32-30-35-37-46-34-33-52-29-56-57-28-23-21-26-27-19-20-22-25-16-60-61-63-62-18-24-59-58-14-13-11-12-9-0-2-1-10-3-8-6-5-4-7-17-15,4.74848,36.8853,0.000808716
dense_64_3,1,0,21466650,46.6333,8192035,500000000,50-39-56-40-46-57-41-43-47-48-54-36-55-58-35-51-44-45-49-52-53-34-33-32-29-30-25-26-31-28-21-20-17-15-8-6-5-7-10-11-12-2-3-4-19-23-1-13-14-16-18-22-24-27-37-38-59-60-61-62-0-9-42-63,2.88888,43.7445,6.94771e-310
dense_64_3,1,1,16227525,45.3034,7338825,500000000,50-39-40-56-46-57-41-43-47-48-54-36-55-58-35-51-49-44-45-52-53-34-33-32-29-30-25-26-31-28-21-20-17-15-8-6-5-7-10-11-12-2-3-4-13-14-19-23-24-27-18-22-16-59-60-61-37-38-42-1-62-9-0-63,3.05703,42.2464,0.000758074
dense_64_3,5,0,19325785,37.9686,4577513,500000000,50-40-56-46-39-57-41-43-47-48-36-54-55-58-35-51-49-45-44-42-52-53-59-34-33-32-29-30-31-25-26-28-21-37-38-27-24-20-17-15-8-6-5-7-10-11-3-2-4-12-13-14-9-1-23-60-19-16-22-61-18-0-62-63,2.48989,35.4787,6.9315e-310
dense_64_3,5,1,19483609,36.0986,4346982,500000000,50-40-56-46-39-57-41-43-47-48-36-54-55-58-35-51-49-45-44-42-52-53-59-34-33-32-29-30-31-25-26-28-21-37-38-20-17-15-8-6-7-5-10-11-2-3-4-12-13-14-9-24-27-1-23-60-19-22-16-18-61-0-62-63,2.87343,33.2252,0.000772789
dense_64_3,4,0,17897806,48.1705,5340664,500000000,50-39-56-40-46-57-41-47-48-54-55-43-36-58-35-51-49-44-45-34-33-32-29-30-31-25-26-28-59-52-53-42-21-27-20-17-15-8-6-5-7-10-11-2-3-4-12-1-13-14-60-9-24-23-19-37-38-61-22-18-16-0-62-63,4.5148,43.6557,6.94488e-310
dense_64_3,2,0,17295531,46.82,4110002,500000000,50-39-56-40-46-57-41-43-47-48-54-55-36-58-51-49-35-45-44-53-52-42-59-38-37-34-33-32-29-30-31-25-26-28-27-21-24-20-17-15-8-6-7-5-10-11-12-3-2-4-13-14-9-23-60-1-19-16-22-18-61-62-0-63,4.38772,42.4322,6.90615e-310
dense_64_3,4,1,17885469,44.2026,5029626,500000000,50-39-56-40-46-57-41-47-48-54-55-43-36-58-35-51-49-44-45-34-33-32-29-30-31-25-26-28-59-52-53-42-21-20-17-15-8-6-5-7-10-11-2-3-4-12-27-13-14-1-24-60-9-23-19-37-38-22-18-61-16-0-62-63,5.01462,39.188,0.000779818
dense_64_3,3,1,17873698,48.4567,5607047,500000000,50-39-56-57-40-46-41-43-58-55-35-51-36-47-48-49-54-44-45-34-33-32-29-30-25-26-31-28-21-59-20-17-15-8-6-5-7-10-11-2-3-4-12-13-14-52-53-42-1-27-9-19-23-60-24-37-38-16-18-22-61-0-62-63,6.38341,42.0732,0.000793991
dense_64_3,2,1,17295525,46.8098,3995454,500000000,50-39-56-40-46-57-41-43-47-48-54-55-36-58-51-49-35-45-44-53-52-42-59-38-37-34-33-32-29-30-31-25-26-28-27-21-24-20-17-15-8-6-7-5-10-11-12-3-2-4-13-14-9-23-60-19-1-16-22-18-61-62-0-63,4.40076,42.409,0.000767569
dense_64_3,3,0,17680735,47.7661,5985669,500000000,50-39-56-57-40-46-41-43-58-55-35-51-36-47-48-49-54-44-45-34-33-32-29-30-25-26-31-28-21-59-20-17-42-15-8-6-5-7-10-2-3-11-4-12-1-52-53-13-14-9-27-19-60-23-37-38-16-61-18-22-24-62-0-63,5.02742,42.7387,6.93178e-310
dense_64_4,1,0,9983048,40.4034,5502820,500000000,26-22-27-24-19-31-32-33-16-18-15-17-34-36-30-23-25-28-29-37-40-43-45-47-46-48-49-44-20-38-39-41-14-13-6-12-3-2-4-5-7-8-9-10-11-1-21-42-50-51-52-61-53-55-56-54-57-62-63-58-59-60-0-35,2.57559,37.8278,6.90716e-310
dense_64_4,1,1,46611966,50.4136,4919731,500000000,6-12-3-2-13-4-5-7-8-9-10-11-1-14-15-18-16-19-26-22-27-24-31-32-33-36-17-34-30-28-29-23-25-37-40-43-45-47-46-48-49-44-41-20-38-39-42-21-50-51-52-61-53-55-56-54-57-62-63-58-59-60-35-0,2.92168,47.4919,0.000841438
dense_64_4,5,1,32445437,48.2723,3013800,500000000,26-22-27-24-31-32-33-19-30-28-29-23-25-36-34-16-18-15-17-20-14-13-6-12-3-2-4-5-7-8-9-10-11-1-21-37-40-43-45-47-46-44-48-49-41-35-42-38-39-0-50-51-52-61-53-55-56-54-57-63-62-58-59-60,2.58648,45.6858,0.000872072
dense_64_4,2,0,53252315,44.9258,2849370,500000000,12-6-3-13-2-11-10-9-8-7-5-4-14-15-18-16-19-26-22-27-24-31-32-33-30-28-29-23-25-36-34-17-1-20-21-37-40-43-45-47-46-44-48-49-41-39-38-42-35-50-51-52-61-53-55-56-54-57-63-62-60-59-58-0,4.27367,40.6521,6.92091e-310
dense_64_4,5,0,32445482,58.2341,3216817,500000000,26-22-27-24-31-32-33-19-30-23-25-28-29-36-34-16-18-15-17-20-21-14-13-12-6-3-2-5-7-8-9-10-11-4-1-37-40-43-45-47-46-44-48-49-41-35-42-38-39-0-50-51-52-61-53-55-56-54-57-63-62-58-59-60,1.88864,56.3454,6.90237e-310
dense_64_4,4,0,32445483,56.237,3504945,500000000,26-22-27-24-31-32-33-19-30-23-25-28-29-16-18-36-34-15-17-37-40-43-45-47-46-44-48-49-20-41-35-14-13-12-6-3-2-4-5-7-8-9-10-11-1-38-39-42-21-0-50-51-52-61-53-55-56-54-57-62-63-58-59-60,4.84005,51.3969,6.94106e-310
dense_64_5,1,0,9535189,30.3893,5727523,500000000,10-19-22-14-23-20-21-11-9-8-3-4-2-6-7-5-24-18-17-15-16-30-32-59-58-35-43-36-61-62-63-57-39-40-41-42-37-38-56-53-55-60-44-45-48-46-47-50-51-49-52-54-1-12-25-26-27-28-29-31-34-0-13-33,2.51892,27.8704,6.89985e-310
dense_64_4,2,1,53251942,57.4196,2779898,500000000,12-6-3-2-13-11-10-9-8-7-5-4-14-15-18-16-19-26-22-27-24-31-32-33-30-28-29-23-25-36-34-17-1-20-21-37-40-43-45-47-46-44-48-49-41-42-39-38-35-50-51-52-61-53-55-56-54-57-63-62-60-59-58-0,4.3929,53.0267,0.00106258
dense_64_4,4,1,32445529,69.6216,3266193,500000000,26-22-27-24-31-32-33-19-30-23-25-28-29-16-18-36-34-15-17-37-40-43-45-47-46-44-48-49-14-13-6-12-3-2-4-5-7-8-9-10-11-1-20-41-35-21-42-38-39-0-50-51-52-61-53-55-56-54-57-62-63-58-59-60,5.3707,64.2509,0.000844092
dense_64_5,2,0,18628218,34.293,2758696,500000000,10-19-22-14-23-9-8-3-4-21-20-11-7-2-6-18-5-24-17-15-16-30-32-59-58-35-43-36-63-62-61-57-60-44-45-48-50-51-47-46-56-42-49-41-40-39-37-38-53-55-52-54-12-34-29-26-28-25-27-1-31-33-13-0,2.96473,31.3283,6.94099e-310
dense_64_5,5,1,12125004,38.8556,2942030,500000000,10-19-22-14-23-9-8-3-4-21-20-11-2-7-6-5-24-18-15-17-16-30-32-59-58-57-63-62-61-35-43-36-56-60-44-45-48-50-51-47-46-49-40-41-42-39-37-53-55-38-52-54-12-1-29-26-28-25-27-34-31-33-13-0,2.31403,36.5416,0.00066729
dense_64_5,1,1,20708493,46.0002,5253718,500000000,10-19-22-14-23-20-21-11-9-8-3-4-2-6-7-5-24-18-17-15-16-30-32-59-58-35-43-36-61-62-63-57-39-40-41-42-37-38-56-53-55-60-44-45-48-46-47-50-51-49-52-54-34-29-31-25-26-27-28-1-12-33-0-13,2.73821,43.262,0.000670884
dense_64_4,3,0,152358014,75.8157,4055778,500000000,26-22-27-24-31-32-33-19-30-28-29-36-34-23-25-16-18-15-17-37-40-43-45-47-46-48-49-44-14-13-12-6-3-2-4-5-7-8-9-10-11-1-35-20-38-39-21-50-51-52-61-53-55-56-54-62-63-57-58-59-60-41-0-42,4.64522,71.1705,6.92059e-310
dense_64_5,5,0,12118029,39.1105,3032168,500000000,10-19-22-14-23-9-8-3-4-21-20-11-2-7-6-5-24-18-15-17-16-30-32-59-58-57-63-62-61-35-43-36-56-60-44-45-48-50-51-47-46-49-40-41-42-39-37-53-55-52-38-54-12-1-29-26-28-25-27-34-31-33-13-0,2.03704,37.0735,6.9184e-310
dense_64_6,1,0,18284498,37.8444,6766529,500000000,4-6-5-10-9-17-18-24-28-26-16-11-12-25-22-23-27-19-20-3-2-1-29-21-7-8-0-14-32-13-30-31-33-15-34-35-36-40-39-37-38-43-45-47-46-48-50-41-42-44-51-52-53-55-56-59-57-58-60-61-62-49-54-63,2.93808,34.9063,6.90117e-310
dense_64_5,4,0,30291147,48.9431,3595064,500000000,10-19-22-14-23-20-9-8-3-4-21-2-5-6-7-11-24-18-17-15-16-30-32-59-58-35-43-36-63-62-57-61-44-45-48-50-51-46-47-56-49-60-39-40-41-42-37-53-55-38-52-54-1-12-34-31-33-29-25-26-27-28-0-13,3.8739,45.0692,6.90997e-310
dense_64_5,2,1,18628560,41.838,2739425,500000000,10-19-22-14-23-9-8-3-4-21-20-11-7-2-6-18-5-24-17-15-16-30-32-59-58-35-43-36-63-62-61-57-60-44-45-48-50-51-47-46-56-42-41-49-40-39-37-38-53-55-52-54-12-34-29-26-28-25-27-1-31-33-13-0,3.87405,37.9639,0.00065649
dense_64_6,2,0,17267337,38.27,4036873,500000000,4-5-6-10-9-17-18-24-28-26-16-12-11-3-2-1-27-25-23-22-19-20-8-7-21-14-13-29-0-15-32-33-31-30-34-35-36-40-39-38-37-43-45-47-42-41-48-46-50-44-51-52-53-55-56-59-58-57-60-61-54-62-49-63,3.58654,34.6834,6.93276e-310
dense_64_6,5,0,18076292,33.1489,4659556,500000000,4-6-5-10-9-17-18-24-28-26-16-12-11-3-2-1-27-23-22-25-8-7-19-20-21-29-0-14-13-15-32-31-33-30-34-35-36-40-39-38-37-43-45-47-42-41-50-48-46-44-51-52-53-55-56-59-58-57-60-61-54-62-49-63,2.08112,31.0678,6.92041e-310
dense_64_5,4,1,30291136,49.6574,3498378,500000000,10-19-22-14-23-20-21-9-8-3-4-2-5-6-7-11-24-18-17-15-16-30-32-59-58-35-43-36-63-62-57-61-44-45-48-50-51-46-47-56-49-60-39-40-41-42-37-53-55-38-52-54-1-12-34-31-33-29-25-26-27-28-0-13,4.40639,45.251,0.00097619
dense_64_6,1,1,29935084,43.3022,5962862,500000000,4-6-5-10-9-17-18-24-28-26-16-11-12-25-22-23-27-19-20-3-2-1-21-29-7-8-14-0-13-32-30-31-33-15-34-35-36-40-39-37-38-43-45-47-50-46-48-44-51-52-53-55-56-59-57-58-60-61-41-42-62-49-54-63,3.24181,40.0604,0.000771311
dense_64_5,3,0,24295281,41.8921,3727468,500000000,10-19-22-14-9-8-3-4-23-2-20-21-11-5-24-17-15-16-6-7-18-30-32-59-58-35-43-36-61-62-63-57-44-45-48-50-51-46-47-56-49-60-39-40-41-42-53-55-37-38-52-54-1-12-25-26-27-28-29-34-31-33-0-13,3.85716,38.035,6.90239e-310
dense_64_6,5,1,18076753,45.878,4369578,500000000,4-6-5-10-9-17-18-24-28-26-16-12-11-3-2-1-27-23-22-8-7-25-19-20-21-29-0-14-13-15-32-33-31-30-34-35-36-40-39-37-38-43-45-47-50-42-41-48-46-44-51-52-53-55-56-59-58-57-60-61-54-62-49-63,3.17833,42.6997,0.000767833
dense_64_4,3,1,553409424,137.646,3678607,500000000,6-12-3-2-13-4-5-7-8-9-10-11-1-14-15-18-16-19-26-22-27-24-31-32-33-30-36-34-28-29-23-25-17-37-40-43-45-47-46-48-49-44-35-20-21-38-39-41-50-51-52-61-53-55-56-54-62-63-57-58-59-60-0-42,5.52139,132.124,0.000826212
dense_64_7,1,0,26209634,47.5106,8205699,500000000,37-33-35-34-40-36-32-27-29-26-25-23-24-38-39-41-30-31-22-42-45-43-47-44-48-49-51-52-60-61-62-63-56-58-57-21-20-19-18-17-16-14-12-11-6-2-9-3-4-0-1-5-7-8-50-55-59-10-13-15-28-46-53-54,2.64635,44.8643,6.92849e-310
dense_64_6,4,0,20208239,43.9951,4707686,500000000,4-5-6-10-9-17-18-24-28-26-16-11-12-3-2-1-27-25-22-23-19-20-7-8-21-29-0-14-13-32-15-30-31-33-34-35-36-40-39-37-38-43-45-47-41-42-50-46-48-51-52-53-55-56-59-57-58-60-61-62-44-54-49-63,4.67366,39.3214,6.94208e-310
dense_64_6,2,1,18074472,46.7016,3916699,500000000,4-5-6-10-9-17-18-24-28-26-16-12-11-3-2-1-27-25-23-22-8-7-19-20-21-14-13-29-0-15-32-33-31-30-34-35-36-40-39-38-37-43-45-47-42-41-50-48-46-44-51-52-53-55-56-59-58-57-60-61-54-62-49-63,4.44752,42.2541,0.000743282
dense_64_7,5,0,15506579,39.8784,6092662,500000000,37-34-35-33-40-36-32-39-38-41-42-27-26-29-25-24-23-22-31-30-45-43-47-28-44-48-21-49-51-52-60-61-62-63-58-56-57-59-55-46-53-54-20-50-19-18-17-16-14-12-11-6-2-9-0-1-3-4-5-8-7-10-15-13,3.02437,36.8541,6.92967e-310
dense_64_7,2,0,15506455,45.4885,5565932,500000000,37-34-35-33-40-36-32-39-38-41-42-27-26-29-25-23-24-45-22-31-30-43-47-44-48-28-49-51-52-60-61-62-63-58-56-57-21-59-55-46-50-53-54-20-19-18-17-16-14-12-11-6-2-9-3-4-0-1-5-8-7-10-15-13,4.84351,40.645,6.90673e-310
dense_64_6,4,1,20217884,45.4403,4410928,500000000,4-5-6-10-9-17-18-24-28-26-16-11-12-3-2-1-27-25-22-23-19-20-7-8-21-29-0-14-13-15-32-30-31-33-34-35-36-40-39-37-38-43-45-47-50-41-42-46-48-51-52-53-55-56-59-57-58-60-61-44-62-54-49-63,5.71798,39.7223,0.000784542
dense_64_7,1,1,22654000,41.2983,7299593,500000000,37-33-34-35-40-36-32-27-29-26-25-23-24-38-39-41-30-31-42-22-45-43-47-48-44-49-51-52-60-61-62-63-56-58-57-55-59-50-21-20-19-18-17-16-14-12-11-6-2-9-3-4-0-1-5-7-8-53-54-10-28-46-13-15,3.1924,38.1059,0.000702635
dense_64_7,5,1,15506527,47.5091,5730726,500000000,37-34-35-33-40-36-32-39-38-41-42-27-26-29-25-24-23-22-31-30-45-43-47-48-28-44-21-49-51-52-60-61-62-63-58-56-57-59-55-46-20-53-54-50-19-18-17-16-14-12-11-6-2-9-0-1-3-4-5-8-7-10-15-13,3.35605,44.153,0.000674746
dense_64_8,1,0,6701202,35.2861,6802435,500000000,14-13-16-18-21-23-22-25-26-27-12-11-9-4-2-5-31-32-34-38-42-36-39-37-44-35-3-10-33-1-7-8-40-41-15-24-19-28-46-6-43-45-47-48-49-56-50-52-53-54-57-63-62-61-51-55-58-59-60-0-17-20-29-30,2.82999,32.4561,6.9251e-310
dense_64_5,3,1,24296521,48.101,3565054,500000000,10-19-22-14-9-8-3-4-23-20-21-2-11-5-24-17-15-16-6-7-18-30-32-59-58-35-43-36-61-62-63-57-44-45-48-50-51-46-47-56-60-49-39-40-41-42-53-55-37-38-52-54-1-12-29-25-26-27-28-34-31-33-0-13,4.31516,43.7858,0.000662422
dense_64_7,4,0,15156484,49.5854,6546094,500000000,37-34-33-35-40-36-32-38-39-27-26-29-25-23-24-41-22-42-30-31-45-43-47-21-48-44-49-51-52-60-61-62-63-56-58-57-55-59-28-53-54-20-19-18-17-16-14-12-11-6-2-9-3-4-0-1-5-7-8-10-15-50-46-13,5.70117,43.8843,6.93471e-310
dense_64_7,2,1,15506455,45.8671,5397478,500000000,37-34-35-33-40-36-32-39-38-41-42-27-26-29-25-23-24-45-22-31-30-43-47-44-48-28-21-49-51-52-60-61-62-63-58-56-57-59-55-46-50-53-54-20-19-18-17-16-14-12-11-6-2-9-3-4-0-1-5-8-7-10-15-13,4.79347,41.0737,0.000684603
dense_64_7,4,1,15119541,40.9786,6145764,500000000,37-34-33-35-40-36-32-38-39-27-26-29-25-23-24-41-42-22-30-31-45-43-47-48-44-21-49-51-52-60-61-62-63-56-58-57-55-59-28-20-53-54-19-18-17-16-14-12-11-6-2-9-3-4-0-1-5-7-8-10-50-15-46-13,5.71625,35.2624,0.000663526
dense_64_8,1,1,38047925,44.6869,5784083,500000000,14-13-16-18-21-22-25-23-26-27-12-11-9-4-2-5-31-32-34-37-38-39-42-36-44-35-3-1-40-41-7-8-10-33-15-24-19-28-46-43-6-45-47-48-49-56-57-50-52-53-54-63-62-61-51-55-58-59-60-17-29-30-0-20,2.49491,42.192,0.000814964
dense_64_6,3,0,261100083,93.4037,5274331,500000000,4-6-5-10-9-17-18-24-28-3-2-1-26-16-11-12-19-20-25-22-23-27-29-0-21-7-8-32-14-30-31-33-13-34-35-36-40-39-37-38-43-45-47-15-41-42-50-46-48-51-52-53-55-56-59-57-58-60-61-62-44-54-49-63,5.22365,88.18,6.90889e-310
dense_64_6,3,1,74702472,64.727,4881429,500000000,4-6-5-10-9-17-18-24-28-26-3-2-1-16-11-12-19-20-25-22-23-27-29-0-21-7-8-14-13-32-30-31-33-15-34-35-36-40-39-37-38-43-45-47-50-46-48-41-42-51-52-53-55-56-59-57-58-60-61-44-62-54-49-63,5.88839,58.8386,0.000753306
dense_64_7,3,0,13080428,39.6385,6627926,500000000,33-37-34-35-40-32-36-27-26-29-25-23-24-38-39-41-22-42-30-31-45-43-47-21-48-44-28-49-51-52-60-61-62-63-56-58-57-55-59-53-54-20-19-18-17-16-14-12-11-6-2-9-3-4-0-1-5-7-8-10-15-50-46-13,5.5875,34.051,6.90198e-310
dense_64_7,3,1,13044748,37.6477,6214822,500000000,33-37-34-35-40-32-36-27-26-29-25-23-24-38-39-41-42-22-30-31-45-43-47-48-44-21-49-51-52-60-61-62-63-56-58-57-55-59-28-20-53-54-19-18-17-16-14-12-11-6-2-9-3-4-0-1-5-7-8-10-50-15-46-13,6.54112,31.1065,0.000660124
dense_64_8,4,1,251849124,99.5106,4528446,500000000,14-13-16-18-21-22-25-23-26-27-12-11-9-4-2-5-15-31-32-34-37-38-39-36-42-44-35-40-41-24-3-1-7-8-10-33-19-28-46-43-6-17-29-30-45-47-48-49-56-57-50-52-53-54-63-62-61-51-55-58-60-0-20-59,6.02185,93.4888,0.000808469
dense_64_8,2,1,427280539,122.177,3975616,500000000,14-13-16-18-21-22-25-23-26-27-12-11-9-4-2-5-31-32-34-37-38-36-39-42-44-35-15-41-40-10-3-33-24-8-7-1-19-28-46-43-6-45-17-29-30-47-48-49-56-57-54-53-52-50-63-62-55-51-61-58-20-60-0-59,4.80602,117.371,0.000808732
dense_64_9,2,1,23268488,48.164,1082983,500000000,32-24-22-39-41-40-38-37-36-35-34-33-31-30-29-28-27-26-25-23-20-17-19-14-12-16-15-18-13-21-42-43-44-45-46-47-59-57-50-53-63-62-61-60-58-48-55-52-54-51-49-56-10-9-5-6-8-4-2-1-0-7-3-11,3.20329,44.9607,0.00232566
dense_64_8,2,0,1271683660,256.878,4164750,500000000,14-13-16-18-21-22-25-23-26-27-12-11-9-4-2-5-31-32-34-37-38-36-42-39-44-35-15-41-10-40-3-24-33-8-7-19-1-28-46-43-6-45-17-29-30-20-47-48-49-56-57-54-53-52-50-63-62-61-55-51-58-0-60-59,4.13475,252.743,6.90964e-310
dense_64_10,2,1,11016687,40.3067,1779124,500000000,0-2-1-4-3-5-6-7-8-10-31-30-13-28-15-14-12-33-17-22-25-23-24-21-34-38-32-27-29-20-16-39-40-37-36-35-11-19-18-41-43-44-46-47-45-48-49-51-55-52-54-53-56-58-60-62-57-50-61-59-26-63-9-42,3.89445,36.4122,0.00135223
dense_64_9,2,0,23268517,42.789,1098050,500000000,32-24-22-39-41-40-38-37-36-35-34-33-31-30-29-28-27-26-25-23-20-17-14-19-12-16-15-13-18-21-42-43-44-45-46-47-59-57-50-53-63-62-61-60-58-48-55-52-54-51-49-56-10-9-5-6-8-4-2-1-0-7-3-11,3.34409,39.4449,6.95087e-310
dense_64_11,2,1,9853401,46.959,2738653,500000000,4-18-13-1-15-23-14-10-9-7-20-6-5-17-19-24-25-26-29-36-37-28-27-8-12-2-3-11-22-21-38-16-30-0-31-34-33-35-40-42-43-44-46-45-50-51-54-53-55-56-61-62-57-52-63-58-48-47-49-60-59-41-39-32,4.13623,42.8228,0.00102638
dense_64_2,0,1,5813888,39.3693,8662621,500000000,50-54-44-42-40-38-51-55-43-48-49-45-47-53-46-41-39-36-31-32-30-35-33-34-56-57-60-58-59-61-63-52-37-29-28-23-21-26-27-19-20-16-22-14-18-13-11-12-9-0-2-1-4-5-6-10-8-3-25-62-7-24-17-15,2.45976,36.9096,0.000806658
dense_64_2,0,0,23209361,48.9892,9823307,500000000,50-54-44-42-40-38-51-55-43-48-49-45-47-41-36-31-32-30-35-33-34-39-46-53-29-28-23-21-26-27-19-20-16-14-22-13-11-12-9-0-2-1-4-5-6-10-3-8-18-25-37-52-56-57-60-58-59-61-63-62-7-15-17-24,2.21601,46.7732,6.93086e-310
dense_64_8,3,1,844380643,197.774,4869521,500000000,14-13-16-18-21-22-25-23-26-27-12-11-9-4-2-5-31-32-34-37-38-39-36-42-44-35-40-41-24-3-10-33-1-7-8-19-28-15-46-43-6-45-17-29-30-47-48-49-56-57-50-52-53-54-63-62-61-55-51-58-20-0-59-60,5.99332,191.781,0.000698298
dense_64_10,2,0,11016262,41.1123,1828564,500000000,0-2-1-4-3-5-6-7-8-10-31-30-13-28-15-12-33-14-17-22-25-24-23-21-34-38-32-27-29-20-16-39-40-37-36-35-11-19-18-41-43-44-46-47-45-48-49-51-55-52-54-53-56-58-60-62-57-50-61-59-26-63-9-42,3.01142,38.1009,6.9313e-310
dense_64_3,0,1,17737428,29.6237,9656024,500000000,50-39-40-56-46-57-41-43-54-35-47-48-36-51-55-49-52-53-58-34-33-32-29-30-25-26-21-20-17-15-8-6-10-5-7-12-11-13-14-2-28-19-23-3-24-27-18-22-4-16-31-59-60-61-37-38-42-44-45-1-62-9-0-63,2.3405,27.2832,0.00079202
dense_64_12,2,1,17843990,48.5736,4057992,500000000,13-12-15-16-18-17-23-24-20-25-26-27-32-29-37-41-42-46-48-56-30-40-53-36-33-52-43-38-51-50-31-14-47-11-57-49-19-39-28-60-59-34-35-58-61-45-44-55-54-10-22-21-9-5-3-4-2-8-7-6-63-62-1-0,4.90404,43.6696,0.00122407
dense_64_3,0,0,20402964,36.8267,10985320,500000000,50-39-56-40-46-57-41-43-54-35-47-48-36-51-52-53-55-58-34-33-32-29-30-25-26-21-20-17-15-8-6-5-10-7-12-11-2-3-19-23-28-1-4-13-14-16-18-22-24-27-31-37-38-44-45-49-59-60-61-62-0-9-42-63,2.06486,34.7619,6.8984e-310
dense_64_11,2,0,9853406,47.0511,2829274,500000000,4-18-13-1-15-23-14-10-9-7-20-6-5-17-19-24-25-26-29-36-37-28-27-8-12-2-3-11-22-21-38-16-30-0-31-34-33-35-40-42-43-44-46-45-50-51-53-54-55-56-61-62-57-52-63-58-48-47-49-60-59-41-39-32,4.05874,42.9923,6.90684e-310
dense_64_4,0,1,46555068,49.6656,7994340,500000000,6-12-3-2-13-4-5-7-8-9-10-11-14-15-18-16-19-26-22-27-24-20-31-32-33-36-37-40-43-45-47-41-46-17-38-39-48-49-34-42-44-21-30-50-51-52-61-53-55-56-54-57-58-59-60-62-63-1-28-29-23-25-35-0,2.34317,47.3224,0.000858576
dense_64_4,0,0,24088369,45.6949,9037807,500000000,6-12-3-2-13-4-5-7-8-9-10-11-1-14-15-18-16-19-26-22-24-27-17-20-31-32-33-34-36-37-40-43-45-47-38-39-41-46-48-49-21-30-42-44-50-51-52-61-53-55-56-54-57-58-59-60-62-63-0-23-25-28-29-35,2.23905,43.4558,6.93011e-310
dense_64_5,0,1,14331541,33.7588,9099952,500000000,10-19-22-14-24-23-20-21-18-30-32-59-58-35-43-36-39-40-41-42-37-11-61-62-63-56-53-55-17-60-38-34-57-9-8-3-4-2-6-7-44-45-48-46-47-50-51-15-29-31-16-49-52-25-26-27-28-5-1-12-54-33-0-13,2.25926,31.4995,0.000675676
dense_64_12,2,0,17884750,47.5611,4167362,500000000,13-12-15-16-18-17-23-24-20-25-26-27-32-29-37-41-42-46-48-56-40-30-53-36-33-52-43-51-50-38-31-14-11-47-57-19-49-39-28-60-59-34-58-35-61-45-44-55-54-22-21-10-9-5-3-4-2-8-7-6-63-62-1-0,4.68684,42.8743,6.94868e-310
dense_64_5,0,0,58170628,63.1983,10368138,500000000,10-19-22-14-24-23-11-20-21-30-32-59-58-35-43-36-39-40-41-42-37-61-62-63-17-18-38-56-53-55-57-60-9-8-3-4-2-6-7-1-5-12-15-16-25-26-27-28-29-31-34-44-45-48-46-47-50-51-49-52-54-0-13-33,2.0091,61.1892,6.89865e-310
dense_64_6,0,0,19670179,45.1248,9441805,500000000,4-10-6-5-9-17-18-24-28-26-16-11-12-14-19-20-22-23-25-27-29-32-13-21-30-31-33-7-8-3-2-1-15-34-35-36-40-39-37-38-43-45-47-46-48-50-41-42-44-51-52-53-55-56-59-57-58-60-61-62-0-49-54-63,2.27106,42.8538,6.94752e-310
dense_64_7,0,0,19952088,48.1631,10995186,500000000,37-40-33-35-34-36-41-45-43-47-32-27-29-26-25-23-24-30-31-38-39-44-48-49-51-52-60-56-58-57-61-22-21-20-19-18-12-14-16-17-11-6-2-9-3-4-0-1-5-7-8-42-50-55-59-62-63-10-13-15-28-46-53-54,2.02436,46.1387,6.92917e-310
dense_64_6,0,1,810083744,188.667,8096726,500000000,4-10-6-5-9-17-18-24-28-26-16-11-12-14-22-23-27-13-19-20-25-21-29-32-7-8-30-31-33-15-34-35-36-40-39-37-38-43-45-47-50-46-48-3-2-1-44-51-52-53-55-56-59-57-58-60-61-41-42-62-49-54-0-63,2.44045,186.226,0.00117879
dense_64_8,0,0,23758797,51.086,9917023,500000000,5-2-4-9-11-12-13-14-16-18-21-23-22-25-26-27-31-32-34-37-38-42-36-39-44-46-1-3-7-8-10-33-35-40-41-6-15-19-24-43-45-47-48-49-56-50-52-53-54-57-51-55-58-59-60-61-62-63-0-17-20-28-29-30,2.12173,48.9643,6.90323e-310
dense_64_10,1,0,16459904,44.577,4686016,500000000,2-0-1-4-3-5-6-7-8-10-31-30-13-28-15-14-12-33-17-34-38-22-21-23-24-25-39-35-36-37-40-20-32-27-29-16-11-18-19-41-43-44-46-47-45-9-48-49-51-55-52-53-54-58-60-56-62-57-59-61-50-26-42-63,2.57948,41.9975,6.93709e-310
dense_64_7,0,1,9674520,31.0072,9736529,500000000,37-40-33-35-34-41-45-43-47-36-32-27-29-26-25-23-24-48-44-38-39-49-51-52-60-56-58-57-61-55-59-30-31-42-22-50-21-20-19-18-12-17-16-11-6-2-9-3-4-0-1-14-7-8-5-53-54-62-63-10-28-46-13-15,2.39743,28.6098,0.000680913
dense_64_11,1,0,1780908,28.6309,6526968,500000000,4-18-13-1-15-23-7-9-10-14-5-6-17-20-25-26-29-36-37-27-28-38-19-24-30-31-33-34-35-40-42-43-44-46-45-50-51-53-54-55-56-61-62-63-57-58-52-48-47-49-0-2-3-8-11-12-21-22-41-59-60-16-32-39,2.66789,25.963,6.91769e-310
dense_64_10,1,1,57350976,53.7905,3971506,500000000,2-0-1-4-3-5-6-7-8-10-31-30-13-28-15-14-12-33-17-34-38-22-21-23-24-25-20-27-39-35-36-37-40-32-16-29-11-18-19-41-43-44-46-47-45-9-48-49-51-55-52-53-54-58-60-56-62-57-59-61-50-26-63-42,2.67644,51.1141,0.00132179
dense_64_8,0,1,7093377,42.9346,8507254,500000000,5-2-4-9-11-12-13-14-16-18-21-22-25-23-31-32-34-37-38-39-42-36-44-46-35-26-27-3-43-6-1-7-8-40-41-10-33-45-15-47-48-49-56-57-50-52-53-54-51-55-63-62-58-59-60-61-24-19-17-29-30-0-20-28,2.33352,40.6011,0.000863421
dense_64_12,1,0,22153226,34.935,7248482,500000000,13-12-15-16-17-23-24-18-20-25-26-27-32-29-37-41-42-46-48-56-30-53-40-36-33-52-51-50-31-38-19-49-43-57-47-11-14-59-60-28-39-58-61-10-9-5-3-2-4-6-7-8-1-21-22-34-35-44-45-54-55-62-63-0,2.93818,31.9968,6.94915e-310
dense_64_11,1,1,1784657,36.2436,5601604,500000000,4-18-13-1-15-23-7-9-10-14-5-6-17-20-19-25-26-29-36-37-27-28-38-24-30-31-33-34-35-40-42-43-44-46-45-50-51-53-54-55-56-62-61-63-57-58-52-48-47-49-0-2-3-8-11-12-21-22-41-16-59-60-32-39,2.85698,33.3866,0.0245746
dense_64_13,1,0,5455106,29.7411,4770794,500000000,42-43-45-46-53-56-58-59-60-61-44-62-47-48-49-50-51-52-54-55-57-37-39-40-41-38-36-34-33-27-35-28-8-11-12-10-17-19-24-25-22-21-20-14-9-23-6-3-7-16-13-18-26-0-1-2-4-5-29-15-30-31-32-63,2.04269,27.6984,6.92862e-310
dense_64_10,4,1,57586233,43.9008,2352494,500000000,2-0-1-4-3-5-6-7-8-10-31-30-13-28-15-12-33-14-34-38-17-22-21-23-24-25-32-20-29-27-39-35-36-37-40-16-11-18-19-41-43-44-46-47-45-48-49-51-55-52-53-54-56-58-60-62-57-50-59-61-9-26-63-42,4.47429,39.4265,0.00142277
dense_64_12,1,1,25846041,43.8054,6138347,500000000,13-12-15-16-18-17-23-24-20-25-26-27-32-29-37-41-42-46-48-56-30-53-40-36-33-52-51-50-31-38-43-49-57-19-47-11-14-59-28-60-39-35-58-61-34-44-45-10-9-5-3-4-2-6-7-8-54-55-62-63-21-22-1-0,3.08013,40.7253,0.00118805
dense_64_14,1,0,3489134,35.3832,5717263,500000000,46-40-41-48-38-35-36-42-43-44-45-49-47-37-33-32-29-28-27-24-11-12-16-18-14-20-13-21-25-19-17-10-8-7-6-15-30-31-26-9-5-0-1-2-3-22-4-23-50-51-52-53-54-56-57-58-59-60-61-62-63-55-34-39,2.69199,32.6912,6.92403e-310
dense_64_11,4,1,9862329,46.8673,3241977,500000000,4-18-13-1-15-23-10-5-6-17-20-7-9-14-19-24-25-26-29-36-37-27-28-38-30-0-2-3-8-11-12-21-22-31-16-33-34-35-40-42-43-44-46-45-50-51-53-54-55-56-61-62-52-57-63-58-48-47-49-59-60-41-39-32,4.39332,42.474,0.000967302
dense_64_12,4,1,19532992,34.4282,4804135,500000000,13-12-15-16-18-17-23-24-20-25-26-27-32-29-37-41-42-46-48-56-40-30-53-36-38-33-52-51-50-43-11-14-31-19-47-57-49-59-28-39-60-35-58-34-61-10-44-45-54-55-21-22-9-5-3-4-2-6-7-8-1-62-63-0,5.81973,28.6085,0.00121079
dense_64_10,3,1,114541907,67.2762,2897627,500000000,2-0-4-1-3-5-6-7-8-10-31-30-13-28-15-12-33-14-34-38-17-22-21-23-24-25-20-27-39-35-36-37-40-16-32-29-11-18-19-41-43-44-46-47-45-48-49-51-55-52-53-54-58-60-56-62-57-59-61-50-63-26-9-42,4.47666,62.7995,0.00134918
dense_64_11,3,1,13096666,47.8022,4104154,500000000,4-18-13-1-15-23-5-6-17-20-7-9-10-14-25-26-29-36-37-24-19-27-28-38-30-31-21-22-33-34-16-35-40-42-43-44-46-45-50-51-53-54-55-56-61-62-57-63-52-58-49-48-47-0-2-3-8-11-12-59-60-39-41-32,4.6703,43.1319,0.000977437
dense_64_14,2,1,515538775,103.349,3028695,500000000,40-46-41-48-38-36-35-45-44-43-42-49-47-37-33-39-32-29-28-27-24-11-16-12-18-14-20-13-25-21-17-19-15-10-8-7-6-22-9-26-50-31-30-23-5-0-1-2-3-51-34-4-52-53-54-56-57-58-59-63-62-61-60-55,3.35263,99.9965,0.000919457
dense_64_12,3,1,29564287,52.7579,5052346,500000000,13-12-15-16-18-17-23-24-20-25-26-27-32-29-37-41-42-46-48-56-30-53-40-36-11-33-14-52-51-50-31-38-47-43-19-57-49-59-28-60-39-35-58-61-34-10-44-45-54-55-9-5-3-4-2-6-7-8-21-22-1-62-63-0,5.9266,46.8313,0.00121833
dense_64_15,2,1,15857801,40.3729,3461829,500000000,10-9-7-6-4-2-1-0-12-11-8-3-5-14-20-54-56-22-23-60-62-52-50-21-59-58-57-19-18-55-48-17-36-35-34-32-33-37-40-42-49-15-26-41-63-38-29-46-25-13-16-51-47-30-24-61-53-45-31-44-43-27-39-28,4.52199,35.8509,0.000867733
dense_64_13,3,1,6669437,30.2385,3433230,500000000,42-43-45-46-53-56-58-59-60-44-37-39-40-47-48-49-50-51-52-54-55-57-61-62-41-38-36-34-33-27-28-8-11-12-10-17-19-24-25-22-21-6-20-14-9-23-3-7-16-13-18-26-35-4-5-15-0-1-2-63-29-30-31-32,4.22009,26.0184,0.00149789
dense_64_16,2,1,26587481,41.4343,3940329,500000000,42-35-40-41-33-39-38-37-36-34-44-43-28-24-26-23-21-19-27-25-29-30-31-20-32-45-22-18-51-55-56-58-60-62-63-61-59-57-54-49-53-47-48-46-17-15-10-7-4-2-5-3-1-6-12-0-14-13-52-11-9-8-50-16,4.48033,36.954,0.000855195
dense_64_14,2,0,515538815,120.031,3120478,500000000,40-46-41-48-38-36-35-45-44-43-42-49-47-37-33-39-32-29-28-27-24-11-16-12-18-14-20-13-25-21-17-19-15-10-8-7-6-22-9-26-50-31-30-23-5-0-1-2-3-51-34-4-52-53-54-56-57-58-59-63-62-61-60-55,4.42109,115.61,6.90313e-310
dense_64_14,3,1,15360954,50.359,4046060,500000000,46-40-41-48-38-35-36-42-43-44-45-49-47-37-33-32-29-28-27-24-11-12-16-18-14-20-13-10-8-7-6-21-25-19-17-9-15-30-31-26-22-5-0-1-2-50-39-23-3-51-4-52-53-54-56-57-58-59-60-61-62-63-55-34,5.42486,44.9341,0.000979265
dense_64_17,2,1,13407396,46.275,4232670,500000000,11-13-10-8-9-12-15-20-1-7-14-2-21-22-23-24-6-5-26-25-28-29-36-30-31-35-33-39-42-32-38-34-37-43-41-17-44-45-48-52-54-55-56-59-63-60-58-57-62-61-53-16-47-40-4-46-0-3-49-27-18-50-51-19,4.42379,41.8512,0.000660717
dense_64_15,2,0,15807325,40.6232,3530012,500000000,10-9-7-6-4-2-1-0-12-11-8-3-5-14-20-54-56-22-23-60-62-52-50-21-59-58-57-55-19-18-48-17-36-35-34-32-33-37-40-42-49-15-26-41-63-38-29-46-25-13-16-51-47-30-24-61-53-45-31-44-43-27-39-28,4.50487,36.1183,6.90405e-310
dense_64_18,2,1,16476168,32.1585,3645984,500000000,18-22-17-23-20-19-16-4-9-8-10-11-21-5-24-3-7-6-15-14-13-12-25-26-28-29-34-39-38-33-32-35-41-42-27-45-46-43-47-48-51-50-49-40-30-31-36-37-44-2-52-53-55-56-57-58-59-60-61-63-62-54-1-0,4.35094,27.8075,0.0006536
dense_64_10,5,0,14079373,45.948,2434672,500000000,51-55-52-54-53-56-58-60-62-57-49-50-61-59-48-47-44-46-43-45-63-41-39-38-34-33-12-31-30-13-28-15-17-22-14-10-21-23-24-25-32-29-20-27-40-36-37-35-16-8-7-2-1-0-4-3-6-5-11-18-19-9-26-42,2.36608,43.582,6.90575e-310
dense_64_10,5,1,62315486,54.5195,2240770,500000000,2-1-0-4-3-6-5-7-8-10-31-30-13-28-15-12-33-17-34-38-22-14-21-23-24-25-32-20-27-29-39-16-40-36-37-35-11-18-19-41-43-44-46-47-45-48-49-51-55-52-54-53-56-58-60-62-57-50-61-59-63-9-26-42,2.50185,52.0176,0.0013649
dense_64_16,2,0,26587484,48.4206,4106927,500000000,42-35-40-41-33-39-38-37-36-34-44-43-28-24-26-23-21-19-27-25-29-30-31-20-32-45-22-18-51-55-56-58-60-62-63-61-59-57-54-49-53-47-48-46-17-15-10-7-4-2-5-3-1-6-12-0-14-13-52-11-9-8-50-16,4.38189,44.0387,6.90754e-310
dense_64_11,5,0,10925781,29.5485,3588784,500000000,53-54-51-50-46-45-55-44-43-52-56-62-61-63-57-58-48-47-49-42-60-59-40-38-37-36-29-26-25-15-4-18-13-23-1-14-9-10-7-6-5-20-17-19-24-28-27-30-31-22-21-3-8-12-0-2-11-16-33-34-35-41-39-32,2.52396,27.0246,6.93423e-310
dense_64_10,4,0,59026709,51.7668,2566663,500000000,2-0-1-4-3-5-6-7-8-10-31-30-13-28-15-12-33-14-34-38-17-22-21-23-32-24-25-29-20-39-35-36-37-40-27-16-11-41-43-44-46-47-45-48-49-51-55-52-53-54-56-58-60-62-57-50-59-61-18-19-9-63-26-42,2.9424,48.8244,6.94565e-310
dense_64_10,0,0,18761336,45.0889,8377315,500000000,28-13-31-30-15-17-14-22-12-33-21-23-24-25-34-38-10-39-20-35-36-37-40-32-27-8-11-16-18-19-29-41-43-44-46-47-7-2-0-1-4-3-5-6-9-48-49-51-55-52-58-60-53-54-62-57-59-61-50-56-26-42-45-63,2.39089,42.698,6.95127e-310
dense_64_19,2,1,21695090,47.9957,3567566,500000000,52-58-50-53-56-55-57-47-41-48-51-49-59-42-46-39-38-35-34-40-36-54-61-60-32-31-30-29-10-7-6-8-4-3-2-9-1-0-11-17-18-24-21-28-25-20-23-19-26-22-14-5-13-27-16-15-12-44-43-33-45-37-62-63,4.49832,43.4974,0.000818334
dense_64_12,5,0,19644828,34.3878,4959478,500000000,13-12-15-16-18-17-23-24-20-25-26-27-32-29-37-41-42-46-48-56-40-30-53-36-38-33-43-11-14-51-50-52-31-47-19-57-49-59-28-39-60-45-44-58-61-10-35-34-54-55-21-22-9-5-3-4-2-7-8-6-1-62-63-0,2.7688,31.619,6.92578e-310
dense_64_11,5,1,10925820,45.0893,3370886,500000000,53-54-51-50-46-45-55-44-43-52-56-62-61-63-57-58-48-47-49-42-60-59-40-38-37-36-29-26-25-15-4-18-13-23-1-14-9-10-7-20-6-17-5-19-24-28-27-30-31-22-21-3-8-12-0-2-11-16-33-34-35-41-39-32,2.63646,42.4528,0.00100031
dense_64_17,2,0,13407412,46.5255,4289069,500000000,11-13-10-8-9-12-15-20-1-7-14-2-21-22-23-24-6-5-26-25-28-29-36-30-31-35-33-39-42-32-38-34-37-43-41-17-44-45-48-52-54-55-56-59-63-60-58-57-62-61-53-16-47-40-4-0-46-3-27-49-18-50-51-19,4.35479,42.1707,6.90473e-310
dense_64_11,4,0,9873698,37.0589,3460576,500000000,4-18-13-1-15-23-10-5-6-17-20-7-9-14-19-24-25-26-29-36-37-27-28-38-0-2-3-8-11-12-21-22-30-16-31-33-34-40-42-43-44-46-45-50-51-53-54-55-56-61-62-52-57-63-58-48-47-49-59-60-35-41-39-32,3.69866,33.3602,6.93328e-310
dense_64_11,0,0,1780872,43.0793,9962456,500000000,4-18-13-1-15-23-7-9-10-14-5-6-17-20-0-2-3-8-11-12-19-21-22-24-25-26-29-36-37-30-31-33-34-27-28-35-38-40-42-43-44-46-45-48-50-51-53-54-55-56-61-62-63-57-58-52-41-47-49-59-60-16-32-39,2.1435,40.9358,6.91484e-310
dense_64_20,2,1,6383052,43.1523,4058619,500000000,29-28-27-31-30-26-32-33-34-35-37-42-51-46-36-49-47-45-44-43-50-52-25-24-23-22-20-19-21-54-55-59-60-58-53-38-39-61-48-57-41-18-17-16-15-14-11-13-8-7-10-12-6-9-5-4-3-1-56-63-62-40-2-0,4.29954,38.8527,0.00066749
dense_64_18,2,0,16476168,38.1042,3709441,500000000,18-22-17-23-20-19-16-4-9-8-10-11-21-5-24-3-7-6-15-14-13-12-25-26-28-29-34-39-38-33-32-35-41-42-27-45-46-43-47-48-51-50-49-40-44-30-31-36-37-2-52-53-55-56-57-58-59-60-61-63-62-54-1-0,4.20433,33.8999,6.92788e-310
dense_64_10,0,1,6391289,42.9803,6821735,500000000,28-13-31-30-15-17-22-14-21-23-24-25-20-12-33-34-38-27-39-10-35-36-37-40-32-16-29-11-18-19-41-43-44-46-47-8-7-2-0-1-4-3-5-6-9-48-49-51-55-52-58-60-53-54-62-57-56-59-61-50-26-45-63-42,2.36822,40.6121,0.00135468
dense_64_10,3,0,115080354,66.7991,3253041,500000000,2-0-4-1-3-5-6-7-8-10-31-30-13-28-15-12-33-14-34-38-17-22-21-23-24-25-39-35-36-37-40-20-16-32-27-29-41-43-44-46-47-45-48-49-51-55-52-53-54-58-60-56-62-57-59-61-50-18-19-63-11-26-9-42,3.98374,62.8154,6.94775e-310
dense_64_12,5,1,29508557,49.1594,4545162,500000000,13-12-15-16-18-17-23-24-20-25-26-27-32-29-37-41-42-46-48-56-40-30-53-36-33-38-43-52-51-50-11-14-31-47-57-19-49-28-59-39-60-35-58-45-44-34-61-10-54-55-9-5-3-4-2-7-8-6-21-22-1-62-63-0,3.2392,45.9202,0.00122409
dense_64_12,4,0,19629971,49.486,5224295,500000000,13-12-15-16-18-17-23-24-20-25-26-27-32-29-37-41-42-46-48-56-40-30-53-36-38-33-11-14-51-50-43-52-19-31-47-49-57-59-39-28-60-10-58-61-44-45-35-34-21-22-54-55-9-5-3-4-2-6-7-8-1-62-63-0,5.34799,44.138,6.92546e-310
dense_64_12,0,0,24888839,47.1013,9788311,500000000,32-27-29-37-41-46-42-48-56-36-30-33-53-40-51-50-52-59-25-24-23-26-17-18-20-19-31-38-60-16-13-12-15-28-39-43-49-57-58-61-11-10-9-5-3-6-7-8-2-1-4-21-22-34-35-44-45-47-54-55-62-63-0-14,2.26556,44.8358,6.92589e-310
dense_64_19,2,0,21695088,36.3837,3636310,500000000,52-58-50-53-56-55-57-47-41-48-51-49-59-42-46-39-38-35-34-40-36-54-61-60-32-31-30-29-10-7-6-8-4-3-2-9-1-0-11-17-18-24-21-28-25-20-23-26-22-19-14-5-13-27-16-15-12-44-43-33-45-37-62-63,3.16052,33.2232,6.92749e-310
dense_64_21,2,1,67458569,66.823,3086302,500000000,33-35-34-31-29-36-32-30-28-26-25-24-20-21-19-17-23-22-16-15-18-14-13-12-11-8-6-9-10-4-7-5-3-1-2-0-37-27-39-38-40-41-46-47-44-45-42-48-50-51-58-61-62-60-59-63-56-55-54-53-52-43-49-57,4.76302,62.06,0.000787155
dense_64_11,0,1,1784670,42.5255,8023025,500000000,4-18-13-1-15-23-7-9-10-14-5-6-17-20-19-25-26-29-36-37-30-31-33-34-35-27-28-38-40-42-43-44-46-45-50-51-53-54-55-56-61-62-63-57-58-48-52-47-0-2-3-8-11-12-21-22-24-49-41-16-59-60-32-39,2.32414,40.2013,0.000980001
dense_64_11,3,0,13108119,47.7466,4398914,500000000,4-18-13-1-15-23-5-6-17-20-7-9-10-14-25-26-24-29-36-37-19-27-28-38-30-31-21-22-16-40-42-43-44-46-45-50-51-53-54-55-56-61-62-57-63-52-58-49-48-47-0-2-3-8-11-12-33-34-59-60-35-39-41-32,4.37632,43.3703,6.90055e-310
dense_64_14,1,1,10764108,45.3132,4931867,500000000,46-40-41-48-38-35-36-42-43-44-45-49-37-47-33-32-29-28-27-24-11-12-16-18-14-20-13-21-25-19-17-15-10-8-7-6-30-31-26-9-22-5-0-1-2-23-3-4-50-51-52-53-54-56-57-58-59-60-61-62-63-55-39-34,2.9457,42.3675,0.000952081
dense_64_20,2,0,6383052,45.1606,4106859,500000000,29-28-27-31-30-26-32-33-34-35-37-42-51-46-36-49-47-45-44-43-50-52-25-24-23-22-20-19-21-54-55-59-60-58-53-38-48-39-61-57-41-18-17-16-15-14-11-13-8-7-10-12-6-9-5-4-3-1-56-63-62-40-2-0,4.02127,41.1393,6.95039e-310
dense_64_12,0,1,27323583,46.546,8117532,500000000,32-27-29-37-46-41-42-48-56-36-33-30-53-52-51-50-59-31-40-28-60-25-24-23-26-38-17-20-18-43-39-35-58-61-34-49-57-19-16-13-12-15-47-44-45-11-10-9-5-3-6-7-8-4-2-54-55-62-63-21-22-1-14-0,2.43889,44.1071,0.00120442
dense_64_12,3,0,30861635,51.6968,5523789,500000000,13-12-15-16-18-17-23-24-20-25-26-27-32-37-41-42-46-29-48-56-30-53-40-11-36-14-33-52-51-50-19-38-31-43-47-57-49-59-60-39-28-58-61-10-44-45-34-35-54-55-9-5-3-2-4-6-7-8-21-22-1-62-63-0,5.03391,46.6629,6.9242e-310
dense_64_22,2,1,260574209,91.2934,3272126,500000000,31-36-28-38-27-30-25-29-32-33-34-35-37-39-26-16-40-21-23-41-22-20-11-10-9-8-5-2-3-0-4-7-6-1-14-12-43-18-13-17-19-24-44-45-50-52-47-53-54-51-49-48-46-55-56-57-58-59-62-63-61-60-42-15,4.45301,86.8404,0.00147285
dense_64_21,2,0,67458845,65.6247,3163330,500000000,33-35-34-31-29-36-32-30-28-26-25-24-20-21-19-17-23-22-16-15-18-14-13-12-11-8-6-9-10-4-7-5-3-1-2-0-37-27-39-38-40-41-46-47-44-45-42-48-50-51-58-61-62-60-59-63-56-55-54-53-52-43-49-57,4.70024,60.9244,6.91212e-310
dense_64_16,1,0,526200088,109.131,6252919,500000000,42-35-40-41-33-39-36-37-38-34-28-24-26-23-21-19-27-25-20-29-30-31-32-44-18-22-43-45-51-55-58-60-62-56-63-61-57-59-54-47-49-53-17-15-10-7-4-2-5-1-3-6-12-13-14-0-8-9-11-46-48-52-16-50,2.2819,106.849,6.94107e-310
dense_64_13,3,0,6669507,46.0586,3729457,500000000,42-43-45-46-58-59-53-56-60-44-37-39-40-61-62-47-48-49-50-51-52-54-55-57-41-38-36-34-33-27-28-8-11-12-10-17-19-24-25-22-21-6-14-9-20-23-3-7-16-13-18-35-26-15-4-5-0-1-2-63-29-30-31-32,4.17316,41.8855,6.9522e-310
dense_64_14,4,1,16246860,48.4529,3638397,500000000,46-40-41-48-38-35-36-42-43-44-45-49-47-37-33-32-29-28-27-24-11-12-16-18-14-20-13-25-17-10-8-7-6-21-15-19-9-26-30-31-50-22-5-0-1-2-23-39-3-51-4-52-53-54-56-57-58-59-60-61-62-63-55-34,5.09037,43.3625,0.000950124
dense_64_17,1,0,3597156,31.4822,6790320,500000000,13-11-15-20-12-10-8-9-1-7-5-6-14-2-21-22-23-24-25-26-17-0-4-16-18-28-29-36-31-30-35-33-39-42-32-38-41-43-34-37-44-45-48-52-54-55-56-59-63-57-58-60-61-62-53-47-46-49-3-19-27-40-50-51,2.19694,29.2852,6.95046e-310
dense_64_23,2,1,129048931,87.5835,3780449,500000000,20-21-15-23-13-10-8-4-7-0-2-3-6-17-22-14-19-18-9-1-12-11-25-5-24-27-29-31-32-34-33-30-16-26-28-35-36-37-39-41-50-43-48-44-51-46-49-45-40-47-38-42-52-56-57-59-61-60-63-62-58-53-55-54,4.51916,83.0643,0.000715984
dense_64_14,3,0,180071998,72.6807,4445143,500000000,46-40-41-48-38-35-36-42-43-44-45-49-47-37-33-32-29-28-27-24-11-12-16-18-14-20-13-10-8-7-6-25-21-9-19-17-15-30-31-26-5-0-1-2-50-39-22-3-23-51-34-52-53-54-56-57-58-59-60-61-62-63-4-55,4.71499,67.9657,6.93152e-310
dense_64_18,1,0,16312578,45.8937,6112592,500000000,18-22-17-23-20-16-4-9-10-11-8-19-5-3-6-7-12-13-14-24-15-21-2-1-25-26-28-29-34-39-41-42-32-33-38-35-45-46-43-27-47-48-51-50-49-40-44-52-53-55-56-57-58-59-60-61-62-63-0-30-31-36-37-54,2.55789,43.3358,6.9498e-310
dense_64_22,2,0,260574157,91.3176,3424860,500000000,31-36-28-38-27-30-25-29-32-33-34-35-37-39-26-16-40-21-23-41-22-20-11-10-9-8-5-2-3-0-4-7-6-1-14-12-18-17-43-13-19-24-44-45-50-52-47-53-54-51-49-48-46-55-56-57-58-59-62-63-61-60-42-15,4.5089,86.8087,6.92107e-310
dense_64_19,1,0,21743696,40.4871,6641234,500000000,52-50-58-53-56-55-47-41-48-57-51-49-42-59-39-38-35-34-36-46-40-61-32-31-30-29-10-7-8-6-4-2-3-9-0-1-11-17-18-24-21-25-28-20-23-19-22-26-14-13-15-16-12-33-43-44-60-5-27-37-45-54-62-63,2.82129,37.6658,6.90258e-310
dense_64_23,2,0,129048932,84.9332,3838062,500000000,20-21-15-23-13-10-8-4-7-0-2-3-6-17-22-14-19-18-9-1-12-11-25-5-24-27-29-31-32-34-33-16-30-26-28-35-36-37-39-41-50-43-48-44-51-46-49-45-40-47-38-42-52-56-57-59-61-60-63-62-58-53-55-54,4.31706,80.6161,6.90784e-310
dense_64_20,1,0,42128550,51.3902,7009755,500000000,42-51-46-37-35-36-47-49-52-43-44-45-34-50-53-55-59-60-58-54-61-38-57-33-32-29-28-27-26-31-30-25-24-23-22-20-19-21-18-17-16-15-14-11-13-8-7-10-12-6-5-4-3-1-39-62-63-0-2-9-40-41-48-56,2.39237,48.9978,6.93705e-310
dense_64_21,1,0,22413571,33.1297,5094479,500000000,33-34-35-31-29-28-26-25-24-20-21-19-17-23-15-16-22-18-36-14-13-12-11-8-6-4-5-7-9-10-30-32-3-1-0-2-37-39-27-38-40-41-42-45-44-46-47-48-50-51-58-61-62-59-60-56-63-52-53-54-55-43-49-57,2.31995,30.8098,6.94735e-310
dense_64_22,1,0,22222327,40.0181,6245688,500000000,31-36-28-38-27-30-25-26-29-32-33-34-35-37-39-16-40-21-23-41-22-11-10-9-8-5-2-3-0-4-7-6-1-14-12-13-20-17-18-24-43-44-45-47-52-50-53-48-49-51-54-46-55-56-57-58-59-62-63-60-61-15-19-42,2.23224,37.7859,6.91586e-310
dense_64_23,1,0,7502037,31.6158,5808223,500000000,20-21-15-23-13-10-8-4-7-0-2-3-6-14-22-17-9-11-12-25-18-19-1-5-24-27-29-31-32-34-30-33-26-28-35-36-37-39-41-50-43-48-44-51-46-47-49-38-40-45-52-56-57-59-61-60-63-58-62-53-42-54-55-16,2.69449,28.9213,6.90452e-310
dense_64_16,3,1,87885641,47.2203,4794178,500000000,35-42-41-40-33-39-36-37-38-34-28-24-26-23-19-21-25-44-27-43-20-18-29-30-31-32-22-45-51-55-58-60-62-63-56-61-59-57-54-17-15-10-7-4-2-5-1-3-6-12-53-49-13-14-0-11-47-52-46-48-8-9-16-50,5.99259,41.2277,0.00085073
dense_64_17,3,1,28960809,50.4507,5007796,500000000,11-13-10-8-9-1-7-15-20-12-14-21-22-23-24-25-26-5-6-2-17-28-29-36-30-31-35-33-39-42-38-32-34-37-41-43-16-0-44-45-48-52-54-55-56-59-63-57-58-60-61-62-53-47-46-40-49-27-3-18-4-50-51-19,5.69456,44.7561,0.000653149
dense_64_18,3,1,24071035,39.4172,4187048,500000000,18-22-17-23-16-4-9-20-10-11-19-8-3-24-21-6-7-5-12-13-14-15-25-26-28-29-34-39-41-42-32-33-38-35-45-46-47-48-51-50-49-43-27-2-40-52-53-55-56-57-58-59-60-61-62-63-30-31-36-37-44-1-54-0,5.1084,34.3088,0.000650643
dense_64_14,5,0,10553366,42.4527,3618519,500000000,46-41-40-48-38-36-35-43-44-45-42-49-47-37-33-32-29-28-27-24-11-16-12-18-14-20-13-25-17-10-8-7-6-15-21-19-9-31-30-26-39-50-22-5-0-1-2-23-3-34-51-4-52-53-54-56-57-58-59-55-61-62-63-60,2.57903,39.8737,6.92534e-310
dense_64_19,3,1,21707762,43.7413,4540942,500000000,52-50-58-53-56-55-47-41-48-57-51-59-49-42-39-38-35-34-46-36-40-61-54-60-32-31-30-29-10-7-8-6-4-2-3-9-0-11-17-18-24-25-28-21-19-22-26-20-23-1-14-13-5-15-16-12-43-44-27-45-33-37-62-63,5.22142,38.5199,0.000873732
dense_64_14,0,0,3415954,27.7963,8738522,500000000,46-41-40-48-38-35-36-42-43-44-45-49-33-32-29-28-27-24-11-12-16-18-14-20-21-25-19-10-8-7-13-17-6-5-0-1-3-2-15-22-26-30-31-37-47-4-9-23-50-51-52-53-54-56-57-58-59-60-61-62-63-55-34-39,1.82909,25.9672,6.90878e-310
dense_64_14,5,1,185800435,55.4899,3342302,500000000,46-41-40-48-38-36-35-43-44-45-42-49-47-37-33-32-29-28-27-24-11-12-16-18-14-20-13-25-17-15-21-10-8-7-6-19-9-26-31-30-39-22-50-23-5-0-1-2-3-34-51-4-52-53-54-56-57-58-59-61-62-63-60-55,2.76475,52.7251,0.000936952
dense_64_20,3,1,8843636,35.0185,4842481,500000000,42-51-46-36-35-49-47-43-44-45-52-37-50-34-53-55-59-60-58-54-33-32-29-28-27-26-31-30-25-24-23-22-20-19-21-61-48-57-38-39-18-17-16-15-14-11-13-8-7-10-12-6-5-4-3-1-9-41-56-0-62-63-2-40,5.56292,29.4556,0.00067
dense_64_14,4,0,40472319,64.7631,3960817,500000000,46-40-41-48-38-35-36-42-43-44-45-49-47-37-33-32-29-28-27-24-11-12-16-18-14-20-13-25-10-8-7-6-17-21-15-19-9-30-31-26-50-5-0-1-2-39-22-23-3-51-34-52-53-54-56-57-58-59-60-61-62-63-55-4,4.50716,60.256,6.94833e-310
dense_64_15,0,0,128662611,53.3305,9284762,500000000,6-4-7-10-9-12-14-20-54-56-23-22-60-62-15-26-32-35-34-52-50-48-8-11-17-18-19-21-29-46-42-40-37-49-2-1-0-3-57-58-59-5-16-25-30-33-36-38-41-47-13-24-27-31-43-44-45-51-28-39-53-55-61-63,1.74299,51.5875,6.93708e-310
dense_64_21,3,1,17424519,50.7327,3906258,500000000,33-34-35-31-29-36-28-26-25-24-20-21-19-15-17-23-16-22-18-14-13-12-11-8-6-4-9-10-5-7-3-1-30-32-0-2-37-39-27-40-41-42-45-46-47-44-48-50-51-58-61-62-63-56-59-60-52-53-54-55-43-49-38-57,5.91401,44.8187,0.000752292
dense_64_14,0,1,10775761,30.4057,7227643,500000000,46-41-40-48-38-35-36-42-43-44-45-49-37-47-33-32-29-28-27-24-11-12-16-18-14-20-21-25-19-13-17-22-15-10-8-7-23-26-30-31-6-5-0-1-3-2-4-9-50-51-52-53-54-56-57-58-59-60-61-62-63-55-39-34,2.42271,27.983,0.000945066
dense_64_16,1,1,87782732,61.7803,5539046,500000000,35-42-41-40-33-39-36-37-38-34-28-24-26-23-21-19-27-25-20-29-30-31-32-44-43-18-22-45-51-55-56-58-60-62-63-61-57-59-54-53-49-52-47-46-48-17-15-10-7-4-2-5-1-3-6-12-13-14-11-0-8-9-16-50,3.03568,58.7446,0.000867048
dense_64_17,1,1,11069539,44.1321,6148683,500000000,13-11-15-20-12-10-8-9-1-7-5-6-14-2-21-22-23-24-25-26-17-28-29-36-30-31-35-33-39-42-32-38-41-43-34-37-44-45-48-52-54-55-56-59-63-57-58-60-61-62-53-47-46-49-16-0-4-18-3-40-50-51-27-19,2.88102,41.2511,0.000645994
dense_64_16,0,0,512063652,82.3131,9484936,500000000,42-40-35-41-33-39-36-37-38-28-24-26-23-21-19-27-34-20-25-29-30-31-18-17-15-10-7-4-2-5-12-1-3-6-13-14-0-8-9-11-32-44-45-51-55-56-58-60-62-63-54-47-49-53-57-61-46-48-52-59-16-22-43-50,1.67819,80.6349,6.89947e-310
dense_64_15,5,1,578876907,148.217,3846990,500000000,6-4-7-10-9-2-1-0-12-3-11-8-5-14-20-54-56-23-22-60-62-52-50-21-58-59-57-19-18-55-48-49-17-36-35-34-32-33-37-40-42-15-26-63-41-38-29-46-13-25-16-30-51-61-47-24-53-45-44-43-31-27-39-28,2.27755,145.94,0.000855639
dense_64_16,4,1,23595050,40.3586,4409385,500000000,35-40-41-42-33-39-36-37-38-34-44-43-28-24-26-23-19-21-27-25-20-29-30-31-32-18-22-45-51-55-56-58-60-62-63-61-59-57-54-49-53-17-15-10-7-4-2-5-1-3-6-12-47-13-14-46-48-0-11-52-8-9-50-16,5.6236,34.735,0.000856971
dense_64_22,3,1,260983577,93.4767,4615669,500000000,31-36-28-38-27-30-25-26-29-32-33-34-35-37-39-16-40-21-23-41-11-10-9-8-5-2-3-0-4-7-6-1-22-14-12-13-20-43-17-18-44-45-47-52-50-53-54-48-49-51-46-55-56-57-58-59-62-63-60-61-24-19-42-15,5.53716,87.9395,0.00143609
dense_64_18,1,1,16772327,45.1834,5512085,500000000,18-22-17-23-20-16-4-9-8-10-11-19-5-3-6-7-21-12-13-14-15-24-2-25-26-28-29-34-39-32-33-38-41-42-35-45-46-43-27-47-48-51-50-49-40-52-53-55-56-57-58-59-60-61-62-63-44-30-31-36-37-1-54-0,2.80236,42.381,0.000659576
dense_64_17,0,0,17823933,47.2485,10556798,500000000,36-31-30-35-39-42-29-33-32-38-41-43-28-23-24-22-25-26-21-15-13-11-20-10-8-9-1-7-5-6-12-17-0-2-4-14-16-18-34-44-45-48-47-46-52-54-55-56-59-63-57-58-60-61-62-49-53-3-19-27-37-40-50-51,2.03196,45.2165,6.90346e-310
dense_64_17,4,1,12631764,32.8803,4744199,500000000,13-11-10-8-9-1-7-15-20-12-2-14-5-6-21-22-23-24-25-26-28-29-36-30-31-35-33-39-42-32-38-34-37-41-43-44-45-48-52-54-55-56-59-63-53-57-58-60-61-62-47-0-4-17-46-3-16-49-40-27-18-50-51-19,5.90057,26.9797,0.0011654
dense_64_15,5,0,886011045,259.863,4121128,500000000,6-4-7-10-9-2-1-0-12-3-11-5-8-14-20-54-56-23-22-60-62-52-50-21-58-59-57-55-19-18-48-49-17-36-35-34-32-33-37-40-42-15-63-26-41-38-29-46-13-25-61-30-24-51-53-16-47-45-44-43-27-39-31-28,2.6279,257.236,6.91678e-310
dense_64_16,5,1,23732822,47.5851,4261413,500000000,35-40-41-42-33-39-37-38-36-34-44-43-28-24-26-23-21-19-29-30-31-27-25-20-32-22-18-45-51-55-56-58-60-62-63-61-59-57-54-53-49-47-17-15-10-7-4-2-5-3-1-6-12-46-48-13-14-0-11-52-8-9-50-16,3.20528,44.3798,0.000852176
dense_64_16,3,0,22666355,35.589,5302068,500000000,35-42-40-41-33-39-36-37-38-28-24-26-23-19-21-25-27-44-20-43-34-18-29-30-31-32-22-45-51-55-58-60-62-63-56-61-59-57-54-17-15-10-7-4-2-5-1-3-6-12-47-49-53-13-14-0-46-48-8-9-52-11-50-16,5.26721,30.3218,6.91126e-310
dense_64_19,1,1,21693741,46.0681,6005468,500000000,52-50-58-53-56-55-47-41-48-57-51-49-42-46-39-38-35-34-36-59-40-61-32-31-30-29-10-7-8-6-4-2-3-9-0-1-11-17-18-24-21-25-28-20-23-19-22-26-14-13-15-16-12-33-60-27-43-44-45-54-5-37-62-63,2.82851,43.2396,0.000863056
dense_64_18,0,0,9047389,41.6236,10628564,500000000,4-9-5-16-17-18-22-23-20-3-8-10-11-6-7-12-13-14-19-2-1-15-21-24-25-26-28-29-34-39-41-42-32-33-38-35-45-46-27-40-43-44-47-48-51-50-49-52-53-55-56-57-58-59-60-61-62-63-0-30-31-36-37-54,2.03699,39.5866,6.92849e-310
dense_64_18,4,1,24068590,46.9551,3999885,500000000,18-22-17-23-20-16-4-9-19-10-11-8-3-24-21-5-6-7-15-12-13-14-25-26-28-29-34-39-32-33-38-41-42-35-27-45-46-47-48-51-50-49-43-2-40-52-53-55-56-57-58-59-60-61-62-63-30-31-36-37-44-1-54-0,4.1995,42.7556,0.000682966
dense_64_16,5,0,22759041,46.85,4665380,500000000,35-41-40-42-33-39-37-38-36-34-44-43-28-24-26-23-21-19-29-30-31-27-25-20-32-22-18-45-51-55-56-58-60-62-63-61-59-57-54-49-53-47-17-15-10-7-4-2-5-3-1-6-12-48-46-13-14-0-52-9-8-11-50-16,2.66372,44.1863,6.94208e-310
dense_64_23,3,1,128493367,89.5747,4583030,500000000,20-21-15-23-13-10-8-4-7-0-2-3-6-11-12-25-14-22-9-17-24-18-19-5-1-27-29-31-32-34-30-33-26-16-28-35-36-37-39-41-50-43-48-44-51-46-49-45-40-47-38-52-56-57-59-61-60-63-62-58-42-53-54-55,6.3281,83.2466,0.000719033
dense_64_25,2,1,153073784,77.8799,2690001,500000000,56-54-49-50-57-55-51-53-52-58-59-60-63-48-47-46-44-40-39-16-18-27-17-20-25-26-24-22-28-19-15-14-5-10-7-11-6-13-3-4-45-12-38-23-61-2-29-34-33-30-31-35-32-41-42-21-9-8-43-36-62-37-1-0,4.11877,73.7611,0.000903502
dense_64_17,5,1,28791948,47.1158,4638392,500000000,11-13-10-8-9-1-7-15-20-12-14-2-21-22-23-24-6-5-26-25-17-16-28-29-36-30-39-42-31-35-33-32-38-43-41-37-34-4-0-44-45-48-52-54-55-56-59-63-60-53-58-57-62-61-47-3-46-40-49-27-18-50-51-19,2.91001,44.2057,0.000872785
dense_64_17,3,0,29020716,49.7881,5256475,500000000,11-13-10-8-9-1-7-15-20-12-14-21-22-23-24-25-26-5-6-2-17-28-29-36-31-35-30-33-39-42-38-34-37-32-41-43-16-0-44-45-48-52-54-55-56-59-63-57-58-60-61-62-53-47-40-46-27-3-18-49-4-50-51-19,4.81399,44.9741,6.94804e-310
dense_64_19,0,0,6853363,39.9083,10256218,500000000,18-24-21-17-11-10-7-8-6-4-2-3-14-20-13-23-25-28-9-15-16-19-22-26-29-30-0-1-12-31-32-34-35-36-38-39-41-42-47-50-52-58-48-53-56-55-57-46-49-59-61-33-40-43-44-51-60-5-27-37-45-54-62-63,1.5932,38.3151,6.91761e-310
dense_64_20,1,1,5125524,44.0092,6598291,500000000,42-51-46-37-35-36-49-47-52-43-44-45-50-34-53-55-59-60-58-61-54-57-38-39-33-32-29-28-27-26-31-30-25-24-23-22-20-19-21-18-17-16-15-14-11-13-8-7-10-12-6-5-4-3-1-62-63-56-41-9-0-2-40-48,2.84273,41.1664,0.000697705
dense_64_19,4,1,21701237,41.7533,4151369,500000000,52-50-58-53-56-55-57-47-41-48-51-49-59-42-39-46-38-35-34-36-40-54-61-60-32-31-30-29-10-7-8-6-4-2-3-9-0-1-11-17-18-24-21-25-28-20-23-19-22-26-14-13-15-16-27-5-12-43-44-45-33-37-62-63,4.84411,36.9092,0.000882415
dense_64_17,5,0,12758074,44.5727,4823855,500000000,11-13-10-8-9-1-7-15-20-12-14-2-6-5-21-22-23-24-26-25-17-16-4-0-28-29-36-30-39-42-31-35-33-32-38-43-41-37-34-3-44-45-48-52-54-55-56-59-63-60-53-58-57-62-61-47-40-46-27-18-49-50-51-19,2.55519,42.0175,6.93558e-310
dense_64_18,5,1,16474574,41.12,3828958,500000000,18-22-17-23-20-16-4-9-19-8-10-11-21-5-3-24-7-6-15-13-14-12-25-26-28-29-34-39-38-33-32-41-42-35-27-45-46-47-48-51-50-49-43-40-2-30-31-36-37-52-53-55-56-57-58-59-60-61-63-62-44-54-1-0,2.53975,38.5803,0.000676144
dense_64_26,2,1,21138361,48.335,2610125,500000000,37-42-41-44-34-40-39-38-35-43-45-46-36-48-47-33-32-31-28-29-27-23-22-21-17-19-20-1-3-7-10-11-9-13-12-8-2-26-25-24-4-18-30-14-16-15-6-5-0-49-50-52-54-56-61-59-58-57-55-60-51-62-53-63,4.14564,44.1893,0.000799484
dense_64_18,3,0,24086905,35.4042,4374279,500000000,18-22-17-23-16-4-9-20-10-11-19-8-24-3-21-6-7-5-12-13-14-15-25-26-28-29-34-39-41-42-32-33-38-35-45-46-47-48-51-50-49-43-27-2-40-30-31-36-37-52-53-55-56-57-58-59-60-61-62-63-44-1-54-0,4.36636,31.0378,6.94194e-310
dense_64_21,1,1,25766716,47.0262,4545669,500000000,33-34-35-31-29-28-26-25-24-20-21-19-17-23-15-16-22-18-14-13-12-11-8-6-4-9-10-5-7-30-32-3-1-36-0-2-37-39-40-41-46-47-42-45-44-48-50-51-58-61-62-56-59-60-52-53-54-55-63-43-49-27-38-57,3.0482,43.978,0.000737474
dense_64_20,0,0,42123933,55.7088,11048385,500000000,42-51-46-37-35-36-38-43-44-45-47-49-52-53-55-59-54-60-61-57-58-34-33-32-29-28-27-26-31-30-25-24-23-22-20-19-18-17-16-15-14-11-13-8-7-10-12-6-5-4-3-1-39-50-62-63-0-2-9-21-40-41-48-56,1.97102,53.7378,6.89891e-310
dense_64_20,4,1,28877072,52.3069,4547062,500000000,27-28-29-26-30-31-32-25-24-23-22-20-19-21-33-34-35-37-42-51-46-49-36-47-43-44-45-52-50-53-55-59-60-58-54-48-61-57-38-39-18-17-16-15-14-11-13-8-7-10-12-6-9-5-4-3-1-41-56-0-2-62-63-40,5.3432,46.9637,0.000686965
dense_64_18,5,0,11442581,44.7095,3993706,500000000,22-18-17-23-20-16-4-9-19-10-11-8-21-5-24-3-7-6-15-13-14-12-25-26-28-29-34-39-41-42-38-33-32-35-27-45-46-43-47-48-51-50-49-2-40-30-31-36-37-52-53-55-56-57-58-59-60-61-63-62-44-54-1-0,2.15496,42.5545,6.92601e-310
dense_64_19,5,1,22135077,46.7536,3783879,500000000,52-58-50-53-56-55-57-47-41-48-51-49-59-42-46-39-40-38-35-34-36-54-61-60-32-31-30-29-10-7-6-8-4-2-3-9-1-0-11-17-18-24-21-28-25-20-23-19-26-22-14-13-5-15-16-27-43-44-12-45-33-37-62-63,2.47883,44.2748,0.000832796
dense_64_19,3,0,22115005,48.0647,4849946,500000000,52-50-58-53-56-55-47-41-48-57-51-59-49-42-39-38-35-34-46-36-40-61-54-60-32-31-30-29-10-7-8-6-4-2-3-9-0-11-17-18-24-25-28-21-19-22-26-20-23-1-14-5-13-43-44-27-15-16-45-12-37-33-62-63,4.50812,43.5566,6.91863e-310
dense_64_27,2,1,91275190,55.7195,3598605,500000000,30-29-31-32-6-10-5-3-26-28-27-25-24-23-20-19-21-22-33-12-11-7-2-1-9-4-34-36-16-18-17-37-35-0-13-14-8-15-40-41-42-43-44-46-45-47-49-51-54-56-59-60-62-63-61-58-57-55-53-52-48-50-38-39,3.58503,52.1344,0.000689224
dense_64_22,1,1,32334683,40.994,5306333,500000000,31-36-28-38-27-30-25-26-29-32-33-34-35-37-39-16-40-21-23-41-22-11-10-9-8-5-2-3-0-4-7-6-1-14-12-13-20-43-24-17-18-44-45-47-52-50-53-54-48-49-51-46-55-56-57-58-59-62-63-60-61-19-15-42,2.75197,38.242,0.0014948
dense_64_25,2,0,296011552,110.683,2790273,500000000,56-54-49-50-57-55-51-53-52-58-59-60-63-48-47-46-44-40-39-16-18-27-17-20-25-26-24-22-28-19-15-14-5-10-7-11-6-13-3-4-45-12-38-61-23-29-34-33-30-31-35-32-2-41-21-42-9-8-43-62-36-37-1-0,3.81184,106.871,6.95054e-310
dense_64_19,5,0,21697352,46.8094,3969754,500000000,52-58-50-53-56-55-57-47-41-48-51-49-59-42-46-39-40-38-35-34-36-54-61-60-32-31-30-29-10-7-6-8-4-2-3-9-1-0-11-17-18-24-21-28-25-20-23-26-22-19-14-5-13-27-15-16-43-44-45-33-12-37-62-63,2.52372,44.2856,6.92181e-310
dense_64_21,0,0,44612302,50.8033,8928508,500000000,20-21-19-17-23-15-16-22-24-25-18-26-28-29-31-33-34-35-14-13-12-11-8-6-4-5-7-9-10-3-1-27-30-32-36-37-39-38-40-41-42-45-44-46-47-43-48-50-51-56-52-53-54-55-58-61-62-59-60-49-0-2-57-63,2.37829,48.425,6.9197e-310
dense_64_20,3,0,12168371,35.4547,4989225,500000000,42-51-46-36-35-47-49-43-44-45-52-37-50-34-53-55-59-60-58-54-33-32-29-28-27-26-31-30-25-24-23-22-20-19-21-48-61-38-57-39-18-17-16-15-14-11-13-8-7-10-12-6-5-4-3-1-9-41-56-0-2-62-63-40,4.17633,31.2784,6.92503e-310
dense_64_21,4,1,17934520,52.1457,3608179,500000000,33-34-35-31-29-36-28-26-25-24-20-21-19-17-22-15-23-16-18-14-13-12-11-8-6-4-9-10-5-7-30-32-3-1-0-2-37-27-39-40-41-42-45-44-46-47-48-50-51-58-61-62-59-60-63-56-52-53-54-55-43-49-38-57,6.227,45.9187,0.000739421
dense_64_20,5,1,29676204,48.0307,4489774,500000000,27-28-29-26-30-31-32-25-24-23-22-20-19-21-33-34-35-37-42-51-46-49-36-47-52-50-44-45-43-53-55-59-60-58-54-38-61-48-39-41-57-18-17-16-15-14-11-13-8-7-10-12-6-9-5-4-3-1-56-0-2-62-63-40,2.6193,45.4114,0.000667373
dense_64_23,1,1,7502034,45.3171,5325278,500000000,20-21-15-23-13-10-8-4-7-0-2-3-6-14-22-9-17-11-12-25-18-19-5-1-24-27-29-31-32-34-30-33-28-35-26-36-37-39-41-50-43-48-44-51-46-49-40-47-38-45-52-56-57-59-61-60-63-58-62-53-42-54-55-16,2.88959,42.4275,0.000722164
dense_64_26,2,0,21138371,47.3014,2658363,500000000,37-42-41-44-34-40-39-38-35-43-45-46-36-48-47-33-32-31-28-29-27-23-22-21-17-19-20-1-3-7-10-11-9-13-12-8-2-26-25-24-4-18-30-14-16-15-6-5-0-49-50-52-54-56-61-59-58-57-55-60-51-62-53-63,3.82019,43.4812,6.90794e-310
dense_64_20,5,0,29676418,48.6933,4621242,500000000,27-28-29-30-26-31-32-25-24-23-22-20-19-21-33-34-35-37-42-51-46-49-47-36-50-52-44-45-43-54-55-59-60-58-53-38-48-39-61-41-57-18-17-16-15-14-11-13-8-7-10-12-6-9-5-4-3-1-56-0-2-62-63-40,2.37335,46.32,6.93469e-310
dense_64_28,2,1,184126692,81.3572,4186184,500000000,50-54-51-55-27-58-45-49-48-26-23-24-38-42-43-39-41-20-22-19-53-52-25-28-37-59-40-36-21-30-33-18-56-57-47-46-34-32-31-44-29-35-60-61-17-16-15-11-10-9-8-4-2-1-0-5-13-6-7-12-3-14-63-62,4.4768,76.8804,0.000643619
dense_64_15,0,1,1983555037,374.487,8075854,500000000,54-56-20-23-22-14-12-9-10-15-26-60-62-7-6-4-32-35-34-52-50-48-19-18-17-8-11-46-42-40-29-49-37-21-16-57-58-59-2-1-0-47-3-36-41-25-30-38-51-5-13-33-45-31-24-43-44-27-61-53-55-39-28-63,1.88943,372.598,0.0008109
dense_64_21,5,1,32660295,52.8184,3526549,500000000,20-21-19-17-23-22-15-16-24-25-18-14-13-12-11-8-6-26-28-29-31-33-34-35-36-32-30-9-4-10-7-5-3-1-0-2-37-27-39-38-40-41-42-45-44-46-47-48-50-51-58-61-62-60-59-63-56-52-53-54-55-43-49-57,3.38077,49.4376,0.000747795
dense_64_22,0,0,40332458,57.7522,8351165,500000000,27-30-31-28-38-36-25-26-29-32-33-34-35-37-39-16-40-21-23-11-10-9-14-8-5-3-2-0-7-12-4-6-13-20-41-17-18-22-24-43-44-45-47-52-50-48-49-51-53-54-46-55-56-57-58-59-62-63-60-61-1-15-19-42,2.34797,55.4042,6.92134e-310
dense_64_22,4,1,254740884,64.4542,3272391,500000000,31-27-28-30-36-38-25-26-29-32-33-34-35-37-39-16-40-41-21-23-11-10-9-8-5-2-3-0-4-6-7-1-20-43-17-18-19-22-14-12-42-24-13-44-45-47-52-50-53-54-48-49-51-46-55-56-57-58-59-62-63-60-61-15,4.04686,60.4073,0.00149731
dense_64_21,3,0,67463981,68.2334,4337029,500000000,33-34-35-31-29-36-28-26-25-24-20-21-19-15-17-23-16-22-14-13-12-11-8-6-4-9-18-10-5-7-3-1-30-32-0-2-37-39-27-38-40-41-46-47-42-45-44-48-50-51-58-61-62-63-59-60-56-52-53-54-55-43-49-57,5.67557,62.5578,6.92463e-310
dense_64_21,5,0,32660431,38.9263,3884532,500000000,20-21-19-17-23-22-15-16-24-25-18-14-13-12-11-8-6-26-28-29-31-33-34-35-36-32-30-4-9-10-7-5-3-1-0-2-37-27-39-38-40-41-42-45-44-46-47-48-50-51-58-61-62-60-59-63-56-52-53-54-55-43-49-57,3.13056,35.7957,6.92211e-310
dense_64_29,2,1,3954278,46.1376,5253007,500000000,26-27-28-24-25-23-29-16-18-19-30-31-13-14-11-3-7-6-8-2-10-15-1-9-0-32-22-21-20-5-4-12-33-17-35-36-37-38-39-40-42-43-45-46-47-48-49-50-54-52-53-51-55-57-58-59-60-41-44-56-62-61-34-63,5.34529,40.7923,0.000801557
dense_64_22,5,1,4469824,44.8114,3293668,500000000,31-38-28-27-30-36-39-25-37-32-33-34-35-29-26-16-40-41-21-23-11-10-9-8-3-2-5-0-4-7-6-1-20-43-18-17-22-19-14-12-13-42-24-44-45-50-52-47-53-54-48-49-51-46-55-56-57-58-59-62-63-61-60-15,2.81014,42.0013,0.00146473
dense_64_23,0,0,12447374,44.614,10385664,500000000,23-13-10-15-20-21-8-4-7-0-2-3-14-17-22-6-9-11-12-18-19-25-27-29-31-32-34-30-33-1-5-26-28-35-36-37-39-41-50-43-48-44-51-46-52-53-38-40-42-45-47-49-54-55-56-57-59-61-60-63-58-16-24-62,2.12572,42.4882,6.90594e-310
dense_64_27,2,0,91275190,80.8076,3652347,500000000,30-29-31-32-6-10-5-3-26-28-27-25-24-23-20-19-21-22-33-12-11-7-2-1-9-4-34-36-16-18-17-37-35-0-13-14-8-15-40-41-42-43-44-46-45-47-49-51-54-56-59-60-62-63-61-58-57-55-53-52-48-50-39-38,4.31236,76.4953,6.93379e-310
dense_64_22,5,0,4469848,36.4889,3712657,500000000,31-38-28-27-30-36-39-25-37-32-33-34-35-29-26-16-40-41-21-23-11-10-9-8-3-2-5-0-4-7-6-1-20-18-17-43-22-19-14-12-13-42-24-44-45-50-52-47-53-54-48-49-51-46-55-56-57-58-59-62-63-61-60-15,1.95142,34.5375,6.95231e-310
dense_64_30,2,1,32181503,52.0551,4449533,500000000,30-29-31-28-26-27-32-33-35-34-39-40-41-42-25-36-43-44-45-38-37-24-22-6-21-5-7-1-17-4-20-19-16-3-2-10-12-13-46-8-23-9-14-18-0-15-47-48-50-51-49-52-53-54-56-60-61-59-62-63-58-57-55-11,3.91629,48.1388,0.000581253
dense_64_23,4,1,128493369,89.3121,4241140,500000000,20-21-15-23-13-10-8-4-7-0-2-3-6-17-18-19-1-14-22-9-25-11-12-5-24-27-29-31-32-34-30-33-16-26-28-35-36-37-39-41-50-43-48-44-51-46-49-47-45-40-38-52-56-57-59-61-60-63-62-58-42-53-54-55,5.90519,83.4069,0.000725158
dense_64_16,0,1,506679398,111.261,8116995,500000000,42-35-40-41-33-39-36-37-38-34-28-24-26-23-21-19-27-29-30-31-25-20-44-45-51-55-56-58-60-62-63-54-53-57-49-61-59-52-47-46-48-18-17-15-10-7-4-2-5-12-1-3-13-14-11-6-0-8-9-43-32-16-22-50,2.39068,108.871,0.000867281
dense_64_22,3,0,273001173,98.297,5189675,500000000,31-36-28-38-27-30-25-26-29-32-33-34-35-37-39-16-40-21-23-41-22-11-10-9-8-5-2-3-0-4-7-6-1-14-12-13-20-43-17-18-19-42-44-45-47-52-50-53-54-48-49-51-46-55-56-57-58-59-62-63-60-61-24-15,5.03422,93.2628,6.93888e-310
dense_64_24,0,0,94830148,63.5088,6528025,500000000,24-36-22-21-40-17-18-16-41-11-8-7-9-26-50-19-43-46-39-2-10-14-15-38-3-4-5-6-12-20-31-49-27-28-29-30-37-25-32-33-34-35-51-53-55-42-44-45-52-56-57-60-61-62-1-13-23-47-48-54-58-59-63-0,2.35724,61.1516,6.91563e-310
dense_64_23,5,0,128493375,60.4138,4278293,500000000,20-21-15-23-13-10-8-4-7-0-2-3-6-17-22-14-19-18-1-9-12-11-25-5-24-16-27-29-31-32-34-33-30-26-28-35-36-37-39-41-50-43-48-44-51-46-49-45-40-47-38-52-56-57-59-61-60-63-62-58-42-53-54-55,2.05809,58.3557,6.93747e-310
dense_64_23,5,1,128493903,87.7122,4079320,500000000,20-21-15-23-13-10-8-4-7-0-2-3-6-17-22-14-19-18-1-9-12-11-25-5-24-27-29-31-32-34-16-33-30-26-28-35-36-37-39-41-50-43-48-44-51-49-46-45-40-47-38-52-56-57-59-61-60-63-62-58-42-53-54-55,3.12903,84.5832,0.000710867
dense_64_17,0,1,9265621,35.5856,9382142,500000000,36-31-30-35-39-42-29-33-32-38-41-43-28-23-24-22-25-26-44-45-48-47-46-52-54-55-56-59-63-57-58-60-61-62-49-21-15-13-11-20-10-8-9-1-7-12-17-5-6-2-14-16-34-53-0-4-18-3-40-37-50-51-27-19,2.30708,33.2785,0.00065216
dense_64_28,2,0,184126690,85.3394,4309469,500000000,50-54-51-55-27-58-45-49-48-26-23-24-38-42-43-39-41-20-22-19-53-52-25-28-59-40-37-36-21-30-33-18-56-57-47-46-34-32-31-44-29-60-35-61-17-16-15-11-10-9-8-4-2-1-0-5-13-6-7-12-3-14-63-62,4.4099,80.9295,6.94017e-310
dense_64_23,3,0,128493383,67.6129,4844051,500000000,20-21-15-23-13-10-8-4-7-0-2-3-6-25-11-12-17-14-22-9-24-18-19-1-5-27-29-31-32-34-30-33-16-26-28-35-36-37-39-41-50-43-48-44-51-46-49-45-40-47-38-52-56-57-59-61-60-63-62-58-42-53-54-55,3.95584,63.657,6.93566e-310
dense_64_18,0,1,17257197,44.8288,9260166,500000000,4-9-16-17-18-22-23-5-3-8-10-11-20-6-7-19-21-12-13-14-15-2-24-25-26-28-29-34-39-32-33-38-41-42-35-45-46-40-44-27-47-48-51-50-49-52-53-55-56-57-58-59-60-61-62-63-30-31-36-37-43-1-54-0,2.33165,42.4971,0.000659549
dense_64_29,2,0,3956786,45.9658,5383099,500000000,26-27-28-24-25-23-29-16-18-19-30-31-13-14-11-3-7-6-8-2-10-15-1-9-32-0-22-21-20-5-4-12-33-17-35-36-37-38-39-40-42-43-45-46-47-48-49-50-54-52-53-51-55-57-58-59-60-41-44-56-62-61-34-63,5.03681,40.929,6.94479e-310
dense_64_16,4,0,23692419,36.6379,4851776,500000000,35-40-42-41-33-36-37-38-39-34-44-43-28-24-26-23-19-21-27-25-20-29-30-31-32-18-22-45-51-55-58-60-62-56-63-61-59-57-54-49-47-17-15-10-7-4-2-5-1-3-6-12-53-46-48-0-13-14-52-11-8-9-50-16,4.94045,31.6974,6.93559e-310
dense_64_17,4,0,12577587,47.8947,4918096,500000000,13-11-10-8-9-1-7-15-20-12-2-14-5-6-21-22-23-24-25-26-28-29-36-30-31-35-33-39-42-32-38-34-37-41-43-44-45-48-52-54-55-56-59-63-53-57-58-60-61-62-47-0-4-17-3-46-16-27-40-49-18-50-51-19,4.87302,43.0217,6.92372e-310
dense_64_30,2,0,141365540,83.2998,4555657,500000000,30-29-31-28-26-27-32-33-35-34-39-40-41-42-25-36-43-44-45-38-37-24-22-6-21-5-7-1-17-4-20-19-16-3-2-10-12-13-46-8-23-9-18-14-0-15-47-48-50-51-49-11-52-53-54-56-60-59-61-62-63-58-57-55,4.67932,78.6205,6.9102e-310
dense_64_18,4,0,24068594,47.554,4157343,500000000,18-22-17-23-20-16-4-9-19-10-11-8-24-3-21-5-6-7-15-12-13-14-25-26-28-29-34-39-32-33-38-41-42-35-27-45-46-47-48-51-50-49-43-2-40-52-53-55-56-57-58-59-60-61-62-63-30-31-36-37-44-1-54-0,4.23018,43.3239,6.90561e-310
dense_64_19,0,1,834363540,144.134,8861954,500000000,18-24-21-17-20-23-11-25-28-19-22-26-14-10-7-8-6-4-2-3-13-15-16-29-30-9-12-31-32-34-35-38-36-39-41-47-50-52-58-48-42-53-56-55-57-46-49-59-61-51-33-40-60-27-43-44-0-1-45-54-5-37-62-63,2.35122,141.783,0.000814303
dense_64_19,4,0,21701925,37.4116,4370537,500000000,52-50-58-53-56-55-57-47-41-48-51-49-59-42-39-46-38-35-34-36-40-54-61-60-32-31-30-29-10-7-8-6-4-2-3-9-0-1-11-17-18-24-21-25-28-20-23-19-22-26-14-13-27-5-15-16-43-44-45-12-33-37-62-63,4.19789,33.2137,6.93788e-310
dense_64_25,1,0,2239081355,442.304,5859291,500000000,56-49-54-50-57-51-52-53-55-58-59-48-47-46-44-45-40-39-16-18-27-17-20-25-26-22-24-28-60-15-14-5-7-10-11-6-13-3-2-4-19-38-63-41-42-12-29-34-33-30-31-32-35-0-1-8-9-23-36-37-43-61-21-62,2.40007,439.904,6.90651e-310
dense_64_20,0,1,5121018,38.6486,10120571,500000000,42-51-46-37-35-52-53-55-59-61-54-60-36-57-58-49-43-44-45-47-38-50-39-34-33-32-29-28-27-26-31-30-25-24-23-22-20-19-18-17-16-15-14-11-13-8-7-10-12-6-5-4-3-1-62-63-56-41-9-0-2-21-40-48,2.08886,36.5597,0.000626128
dense_64_20,4,0,28877088,42.1381,4676630,500000000,27-28-29-26-30-31-32-25-24-23-22-20-19-21-33-34-35-37-42-51-46-49-47-36-43-44-45-50-52-53-55-59-60-58-54-48-61-38-57-18-17-16-15-14-11-13-8-7-10-12-6-9-5-4-3-1-39-41-56-0-2-62-63-40,4.63813,37.5,6.91111e-310
dense_64_26,1,0,21761282,46.0524,5413969,500000000,37-42-41-34-44-38-39-40-35-45-46-48-47-43-33-32-31-28-29-27-23-22-21-17-19-1-3-7-10-9-11-8-12-13-20-2-4-24-25-26-18-30-5-6-15-16-14-36-49-50-52-54-56-61-55-57-58-59-60-51-62-0-53-63,2.55521,43.4972,6.93964e-310
dense_64_21,4,0,24657299,41.2741,3972361,500000000,33-34-35-31-29-36-28-26-25-24-20-21-19-17-23-22-15-16-18-14-13-12-11-8-6-4-9-10-5-7-30-32-3-1-0-2-37-27-39-38-40-41-42-45-44-46-47-48-50-51-58-61-62-59-60-63-56-52-53-54-55-43-49-57,4.20553,37.0685,6.93266e-310
dense_64_21,0,1,46592379,50.5667,7757288,500000000,20-21-19-17-23-15-16-22-24-25-18-26-28-29-31-33-34-35-30-32-14-13-12-11-8-6-4-9-10-5-7-3-1-36-37-39-40-41-46-47-42-45-44-43-48-50-51-56-52-53-54-55-58-61-62-59-60-49-27-38-57-0-2-63,2.62364,47.943,0.000727849
dense_64_27,1,0,23390559,37.3994,5656257,500000000,30-31-29-32-6-10-5-3-2-1-26-25-23-24-20-19-27-28-21-22-7-12-9-11-16-17-18-33-34-36-37-35-4-0-14-13-15-38-39-40-41-42-43-44-46-45-47-49-51-54-56-59-60-62-61-63-57-58-52-53-55-48-50-8,2.72349,34.6759,6.92705e-310
dense_64_25,3,1,194592850,86.6827,3722039,500000000,49-56-50-54-57-52-53-55-58-59-48-51-60-63-47-46-44-40-16-18-27-17-39-20-25-26-22-24-19-15-14-5-10-7-11-13-3-6-4-28-45-2-38-61-12-23-41-42-21-29-30-33-34-31-35-32-43-8-9-37-0-36-62-1,5.40639,81.2764,0.000946256
dense_64_22,0,1,3578903,42.5025,7006581,500000000,36-27-30-28-38-31-25-26-29-32-33-34-35-37-39-16-40-11-10-9-8-3-5-2-0-21-23-14-7-6-12-4-13-20-41-43-24-17-18-44-45-47-52-50-54-53-48-49-51-46-55-56-57-58-59-62-63-60-61-22-19-15-42-1,2.29106,40.2115,0.00152596
dense_64_28,1,0,16494581,28.4371,7251014,500000000,50-51-54-55-27-58-26-23-24-20-22-45-49-38-42-43-39-41-48-19-28-52-53-25-21-59-40-36-30-33-31-32-34-37-18-17-16-15-11-13-10-12-9-8-4-5-6-2-1-0-7-3-29-35-46-47-60-61-62-63-14-44-56-57,2.23696,26.2002,6.92712e-310
dense_64_22,4,0,254740933,78.364,3700863,500000000,31-27-28-30-36-38-25-26-29-32-33-34-35-37-39-16-40-41-21-23-11-10-9-8-5-2-3-0-4-6-7-1-20-17-18-43-19-22-14-12-42-24-44-45-47-52-50-53-54-48-49-51-13-46-55-56-57-58-59-62-63-60-61-15,3.96194,74.4021,6.93417e-310
dense_64_26,3,1,21286187,49.0926,3614553,500000000,37-42-41-34-44-38-39-40-43-35-45-46-48-47-33-36-32-31-28-29-27-23-22-21-17-19-1-3-7-10-9-11-8-12-13-20-2-24-25-26-18-4-30-5-6-15-16-0-14-49-50-52-54-56-61-55-57-58-59-60-62-51-53-63,4.56549,44.5271,0.000765597
dense_64_23,0,1,10550595,45.0628,9233064,500000000,23-13-10-15-20-21-8-4-7-14-22-17-9-0-2-3-11-12-25-27-29-34-31-32-30-33-18-19-6-28-5-35-1-26-36-37-39-41-50-43-48-44-51-52-46-53-49-42-40-47-56-57-59-61-60-63-58-38-45-54-55-16-24-62,2.32221,42.7406,0.000722088
dense_64_29,1,0,3835079,43.6136,7806140,500000000,26-27-28-24-25-23-16-19-18-13-14-15-29-30-31-32-11-3-7-6-2-8-1-10-0-9-22-20-21-33-4-5-12-35-36-37-38-39-40-41-43-45-46-47-48-49-50-54-52-53-51-55-57-42-44-58-59-60-61-62-17-34-56-63,2.97462,40.639,6.90494e-310
dense_64_23,4,0,132662899,58.698,4466192,500000000,20-21-15-23-13-10-8-4-7-0-2-3-6-17-18-19-1-14-22-25-9-11-12-5-24-27-29-31-32-34-30-33-16-26-35-36-37-39-41-50-43-48-44-51-46-49-47-45-40-38-52-56-57-59-61-60-63-62-58-42-53-28-54-55,3.71976,54.9782,6.90497e-310
dense_64_30,1,0,4058732,43.8799,6792992,500000000,30-29-26-28-27-31-25-32-33-35-34-39-40-41-42-36-43-44-45-46-24-22-6-21-5-7-1-17-4-20-16-19-3-2-10-12-13-8-9-37-38-0-14-18-23-47-48-50-51-49-52-53-54-56-60-59-61-62-63-57-58-55-11-15,2.81528,41.0646,6.91356e-310
dense_64_27,3,1,282656856,83.0819,4334832,500000000,30-31-32-29-5-3-6-10-2-1-26-25-23-24-20-19-27-28-33-21-22-12-7-9-11-34-36-17-18-16-37-0-4-35-14-13-40-41-42-43-44-46-45-47-49-51-54-56-59-60-62-61-63-57-58-52-53-55-38-39-8-50-48-15,5.48513,77.5968,0.000717342
dense_64_28,3,1,188969002,50.1791,5044396,500000000,54-50-51-55-58-27-45-49-48-26-23-24-19-38-42-43-39-41-20-22-52-53-25-28-36-40-59-21-37-30-33-18-46-47-31-32-34-35-56-57-29-44-60-61-17-16-15-11-10-9-8-4-2-1-0-7-13-5-12-6-3-14-62-63,4.27197,45.9072,0.000650791
dense_64_29,3,1,3929323,31.6509,6122025,500000000,26-27-28-24-25-23-16-18-19-29-13-14-30-31-15-11-3-7-6-2-8-32-1-10-0-9-22-20-21-33-12-4-5-17-35-36-37-38-39-40-41-43-45-46-47-48-49-50-54-52-53-55-51-57-58-59-60-42-56-44-61-62-34-63,5.19595,26.455,0.000639855
dense_64_25,4,1,97223807,38.4385,3128617,500000000,49-56-54-50-57-51-52-53-55-58-59-48-60-63-47-46-44-40-16-18-27-17-39-20-25-26-22-24-19-28-45-15-14-5-10-7-11-6-13-3-4-2-38-61-12-29-34-33-30-31-32-35-21-23-41-42-8-9-43-36-37-0-1-62,3.20054,35.238,0.000903968
dense_64_30,3,1,274527713,58.16,5200933,500000000,30-29-31-26-28-27-32-33-35-39-40-34-41-42-25-36-43-44-45-46-24-22-6-21-5-7-1-17-4-20-16-19-3-2-10-12-13-37-38-8-23-9-0-14-47-48-50-51-15-52-53-54-56-60-59-61-62-63-57-58-18-49-11-55,4.64611,53.5139,0.000550196
dense_64_26,0,0,57488916,49.4813,8899399,500000000,37-42-41-34-44-38-39-40-35-45-46-48-33-32-31-28-29-27-23-22-21-17-19-1-3-7-11-9-10-4-8-12-13-5-6-15-16-2-24-25-26-20-14-36-47-49-50-52-54-56-61-55-57-58-59-60-51-62-0-18-30-43-53-63,2.13378,47.3475,6.89921e-310
dense_64_25,5,0,36359936,35.7295,3367174,500000000,54-56-49-50-57-55-51-52-53-58-59-48-60-63-47-46-44-40-39-16-18-27-17-20-25-26-24-22-28-19-15-14-5-10-7-11-6-13-3-45-4-38-2-61-12-29-34-33-30-31-35-32-41-21-42-8-9-23-37-43-36-62-1-0,2.11694,33.6126,6.91139e-310
dense_64_26,4,1,20210739,32.8497,3031275,500000000,37-42-41-34-44-38-39-40-35-43-45-46-48-36-33-47-32-31-28-29-27-23-22-21-17-19-1-3-7-9-10-11-8-12-13-2-20-4-18-24-25-26-30-5-6-15-16-14-0-49-50-52-54-56-61-57-55-58-59-60-51-62-53-63,4.34577,28.5039,0.000770904
dense_64_25,5,1,9802755,42.0988,3105254,500000000,54-56-49-50-57-55-51-52-53-58-59-48-60-63-47-46-44-40-39-16-18-27-17-20-25-26-24-22-28-19-15-14-5-7-10-11-6-13-3-45-4-38-2-61-12-41-29-34-33-30-31-32-35-42-21-23-8-9-43-37-36-1-0-62,2.55268,39.5461,0.000914736
dense_64_26,5,0,13616743,28.0296,3114082,500000000,11-10-9-7-13-12-8-1-17-19-3-21-23-22-2-27-28-29-20-25-26-24-4-18-31-30-14-5-6-15-16-0-32-33-34-42-41-37-44-39-40-38-35-43-45-46-48-47-36-49-50-52-54-56-61-57-58-59-55-60-51-62-53-63,1.73541,26.2942,6.93911e-310
dense_64_27,0,0,64161128,37.9703,9541561,500000000,30-29-31-32-6-10-5-3-26-7-12-25-23-24-27-28-9-11-20-19-16-21-22-14-17-18-2-1-4-13-15-33-34-36-37-35-38-39-40-41-42-43-44-46-47-49-51-54-56-52-53-55-59-60-62-57-58-61-63-45-48-50-0-8,1.73117,36.2391,6.93999e-310
dense_64_26,5,1,13616744,33.0462,2963658,500000000,11-10-9-7-13-12-8-1-17-19-3-21-23-22-2-27-28-29-20-4-25-26-24-18-31-30-14-5-6-15-16-0-32-33-34-42-41-37-44-38-39-40-35-43-45-46-48-47-36-49-50-52-54-56-61-57-58-59-55-60-51-62-53-63,2.75893,30.2873,0.000793192
dense_64_28,0,0,8930958,27.836,10835940,500000000,8-4-2-1-0-5-6-3-7-9-10-11-13-12-15-16-17-18-20-23-24-22-19-58-55-54-51-50-27-45-49-38-43-42-39-41-48-36-30-33-26-31-32-34-37-21-25-28-29-35-40-46-47-52-53-59-60-61-62-63-14-44-56-57,1.57112,26.2648,6.91556e-310
dense_64_29,0,0,18092904,28.5086,10042466,500000000,54-50-49-48-51-52-53-55-47-46-45-43-41-40-42-57-39-38-37-36-35-33-32-31-30-29-24-26-27-28-23-16-19-18-11-3-7-6-2-8-1-10-13-14-25-0-9-15-22-20-21-4-5-12-44-58-59-60-61-62-17-34-56-63,1.73744,26.7712,6.93257e-310
dense_64_27,5,0,272180431,71.3027,4026812,500000000,30-31-29-32-6-10-26-5-3-28-27-25-24-23-20-19-21-22-33-12-11-7-9-4-16-34-36-18-17-2-1-37-0-35-13-14-8-40-41-42-43-44-46-45-47-49-51-54-56-59-60-62-63-61-58-57-53-55-52-15-39-38-48-50,2.55223,68.7505,6.90499e-310
dense_64_27,4,1,647888211,98.768,3838577,500000000,30-31-29-32-6-10-5-3-26-27-28-25-24-23-20-19-21-22-2-1-33-12-7-9-11-4-16-34-36-17-18-37-35-0-13-14-8-15-40-41-42-43-44-46-45-47-49-51-54-56-59-60-62-61-63-57-58-52-53-55-38-39-50-48,4.03161,94.7364,0.000705111
dense_64_25,1,1,2029999183,308.904,5138339,500000000,56-49-54-50-57-51-52-53-55-58-59-48-47-46-44-45-40-39-16-18-27-17-20-25-26-22-24-19-28-60-15-14-5-7-10-11-6-13-3-4-2-63-38-12-41-42-29-34-33-30-31-35-32-23-43-36-37-8-9-0-1-61-21-62,2.17882,306.725,0.000889348
dense_64_30,0,0,26530341,28.3557,10413209,500000000,30-29-26-28-27-31-25-24-22-6-21-5-7-1-17-4-2-10-12-8-9-16-19-20-0-3-13-14-18-23-32-33-35-39-40-36-37-38-41-42-34-43-44-45-47-48-50-51-49-52-53-54-56-60-59-61-57-58-55-62-63-11-15-46,1.76646,26.5892,6.91514e-310
dense_64_27,5,1,647180403,85.6834,3840123,500000000,30-31-29-32-6-10-26-5-3-28-27-25-24-23-20-19-21-22-33-12-11-7-9-4-16-34-36-2-1-18-17-37-35-0-13-14-8-40-41-42-43-44-46-45-47-49-51-54-56-59-60-62-63-61-58-57-52-53-55-15-38-39-50-48,2.19693,83.4865,0.000722777
dense_64_26,1,1,70165591,33.3861,4805395,500000000,37-42-41-34-44-38-39-40-35-45-46-48-47-43-36-33-49-50-52-54-56-61-55-57-58-59-60-51-32-31-28-29-27-23-22-21-17-19-1-3-7-9-10-11-8-12-13-20-2-4-24-25-26-18-30-5-6-15-16-14-0-62-53-63,2.32445,31.0616,0.000762448
dense_64_28,5,0,187442135,53.1267,4821692,500000000,50-51-54-55-27-58-45-49-48-26-23-24-19-38-43-42-39-41-53-52-20-22-25-28-59-40-21-36-37-30-33-56-57-47-46-18-44-34-32-31-29-60-61-17-16-15-11-10-13-9-8-4-2-1-0-5-6-7-12-3-14-35-63-62,2.26972,50.857,6.90632e-310
dense_64_28,4,1,187067902,55.4377,4772299,500000000,50-54-51-55-58-27-45-49-48-26-23-24-19-38-42-43-39-41-20-22-52-53-25-40-28-36-21-59-37-30-33-18-46-47-31-32-34-44-35-29-56-57-60-61-17-16-15-11-10-13-9-8-4-2-1-0-5-6-7-12-3-14-62-63,4.57596,50.8617,0.00064431
dense_64_27,1,1,2778938,28.0084,5228240,500000000,30-31-29-32-6-10-5-3-2-1-26-27-28-25-24-23-20-19-21-22-12-7-9-11-16-17-18-4-33-34-36-37-35-0-14-13-15-40-41-42-43-44-46-45-47-49-51-54-56-59-60-62-61-63-57-58-52-53-55-50-48-38-39-8,2.30664,25.7017,0.000704211
dense_64_29,5,0,3898738,27.7964,5874609,500000000,26-27-28-24-25-23-16-18-19-29-30-31-13-14-15-22-32-11-3-7-6-8-2-10-1-0-9-20-21-5-4-17-33-12-35-36-37-38-39-40-41-43-45-46-47-48-49-50-54-52-53-51-55-57-59-60-58-44-42-56-61-62-34-63,2.34046,25.4559,6.92995e-310
dense_64_28,5,1,187067930,52.739,4506839,500000000,50-51-54-55-27-58-45-49-48-26-23-24-19-38-43-42-39-41-53-52-20-22-25-28-59-40-36-21-37-30-33-56-57-47-46-18-34-31-32-44-35-29-60-61-17-16-15-11-10-13-9-8-4-2-1-0-5-6-7-12-3-14-62-63,2.21663,50.5224,0.00064481
dense_64_29,4,1,3898053,31.1938,5834816,500000000,26-27-28-24-25-23-16-18-19-29-30-31-13-14-15-32-11-3-7-6-8-2-1-10-0-9-22-20-21-4-5-12-33-17-35-36-37-38-39-40-41-43-45-46-47-48-49-50-54-52-53-51-55-57-59-60-58-42-44-56-61-62-34-63,5.16832,26.0255,0.000679384
dense_64_28,1,1,13298375,30.1963,6588353,500000000,50-54-51-55-27-58-26-23-24-20-22-45-49-38-42-43-39-41-48-19-36-30-25-28-59-52-53-21-40-33-37-31-32-34-35-18-29-17-60-61-16-15-11-13-10-12-9-8-4-5-6-2-1-0-7-3-46-47-62-63-44-56-57-14,2.39303,27.8033,0.000650068
dense_64_25,3,0,1320045060,202.746,4045863,500000000,49-56-54-50-57-52-53-55-58-59-48-51-60-63-47-46-44-45-40-16-18-27-17-39-20-25-26-22-24-19-15-14-5-10-7-11-13-3-6-4-28-2-38-61-21-23-41-29-30-33-34-31-35-32-42-12-8-9-0-37-43-62-36-1,4.32506,198.421,6.89849e-310
dense_64_29,5,1,3898167,28.0096,5531050,500000000,26-27-28-24-25-23-16-18-19-29-30-31-13-14-15-22-11-3-7-6-8-2-32-10-1-0-9-20-21-5-4-12-17-33-35-36-37-38-39-40-41-43-45-46-47-48-49-50-54-52-53-51-55-57-59-60-58-44-42-56-61-62-34-63,2.67809,25.3315,0.000658871
dense_64_30,5,0,141371780,46.3512,5289815,500000000,30-29-31-28-26-27-32-33-35-39-40-41-42-36-25-34-43-44-45-46-24-22-6-21-20-5-7-1-17-4-19-16-3-2-10-12-13-37-38-23-8-9-18-0-15-47-48-50-51-49-14-11-52-53-54-56-60-59-61-62-63-58-57-55,2.31891,44.0323,6.93919e-310
dense_64_29,1,1,22904209,30.5659,6988538,500000000,26-27-28-24-25-23-16-18-19-13-14-15-11-3-7-6-8-2-1-10-29-30-31-32-0-9-22-20-21-12-33-4-5-35-36-37-38-39-40-41-43-45-46-47-48-49-50-54-52-53-51-55-57-42-59-60-44-58-17-61-62-56-63-34,2.53106,28.0348,0.000659327
dense_64_26,3,0,40963408,32.7133,3871554,500000000,37-42-41-34-44-38-39-40-43-45-46-35-48-47-33-32-31-28-29-27-23-22-21-17-19-1-7-10-9-11-3-8-12-13-20-2-24-25-26-18-30-4-5-6-15-16-0-36-14-49-50-52-54-56-61-55-57-58-59-60-62-53-51-63,3.08094,29.6323,6.93509e-310
dense_64_30,5,1,9622104,28.8257,4974767,500000000,30-29-31-26-28-27-25-32-33-35-39-40-41-42-36-34-43-44-45-46-24-22-6-21-20-5-7-1-17-4-19-16-3-2-10-12-13-37-38-8-23-9-18-0-14-15-47-48-50-51-49-52-53-54-56-60-59-61-62-63-58-57-55-11,2.40985,26.4159,0.000553195
dense_64_30,4,1,361861999,66.1411,4972959,500000000,30-29-31-26-28-27-32-33-35-39-40-34-41-42-25-36-43-44-45-46-24-22-6-21-5-7-1-17-4-20-16-19-3-2-10-12-13-37-38-8-23-9-14-0-18-47-48-50-51-15-49-52-53-54-56-60-59-61-62-63-57-58-11-55,4.52915,61.612,0.00057157
dense_64_30,1,1,4668294,27.5863,6097314,500000000,30-29-26-28-31-27-25-32-33-35-34-39-40-41-42-36-43-44-45-46-37-38-24-22-6-21-5-7-1-17-4-20-16-19-3-2-10-12-13-8-9-14-0-18-47-48-50-51-52-53-54-56-60-59-61-62-63-57-58-23-49-55-15-11,2.38762,25.1987,0.00139282
dense_64_27,3,0,243183658,52.3033,4603949,500000000,30-31-32-29-5-3-6-10-2-1-26-25-23-24-20-19-33-27-28-21-22-12-7-34-36-9-11-37-16-17-18-0-35-4-14-40-41-42-43-44-46-45-47-49-51-54-56-59-60-62-61-63-57-58-52-53-55-13-38-39-8-48-50-15,3.62067,48.6827,6.92992e-310
dense_64_28,3,0,193363399,47.5489,5390720,500000000,54-50-51-55-58-27-45-49-48-26-23-24-19-38-42-43-39-41-20-22-52-53-25-28-40-21-59-36-30-37-33-18-46-47-31-32-34-56-57-44-29-60-61-17-16-15-11-10-9-8-4-2-1-0-13-7-12-5-6-3-14-35-62-63,3.687,43.8619,6.91201e-310
dense_64_29,3,0,3933273,28.9546,6593838,500000000,26-27-28-24-25-23-16-18-19-29-13-14-30-31-15-32-11-3-7-6-2-8-1-10-0-22-20-21-9-33-4-5-17-12-35-36-37-38-39-40-41-43-45-46-47-48-49-50-54-52-53-55-51-57-58-42-59-60-56-61-62-44-34-63,4.45829,24.4963,6.92856e-310
dense_64_25,4,0,298612554,62.1825,3396432,500000000,49-56-54-50-57-51-52-53-55-58-59-48-60-63-47-46-44-40-16-18-27-17-39-20-25-26-22-24-19-28-45-15-14-5-10-7-11-6-13-3-4-2-38-61-21-29-34-33-30-31-32-35-12-23-8-9-41-42-36-37-0-1-62-43,2.85781,59.3247,6.95093e-310
dense_64_30,3,0,463013297,85.2846,5585680,500000000,30-29-31-26-28-27-32-33-35-39-40-34-41-42-36-25-43-44-45-46-24-22-6-21-5-7-1-17-4-20-16-19-3-2-10-12-13-37-38-8-23-0-9-15-47-48-50-51-14-11-52-53-54-56-60-59-61-62-63-57-58-49-55-18,3.94853,81.336,6.9221e-310
dense_64_26,4,0,20210746,28.8663,3183017,500000000,37-42-41-34-44-38-39-40-35-43-45-46-48-33-36-47-32-31-28-29-27-23-22-21-17-19-1-7-9-10-11-8-3-12-13-20-2-4-18-24-25-26-30-5-6-15-16-14-0-49-50-52-54-56-61-57-55-58-59-60-51-62-53-63,2.95311,25.9132,6.9427e-310
dense_64_27,4,0,272888205,54.4726,4030214,500000000,30-31-32-29-6-10-5-3-26-27-28-25-24-23-20-19-21-22-2-1-33-7-12-9-11-4-16-34-36-17-18-37-35-0-14-13-8-15-40-41-42-43-44-46-45-47-49-51-54-56-59-60-62-61-63-57-58-52-53-55-38-39-48-50,3.50379,50.9688,6.92679e-310
dense_64_28,4,0,187442110,51.787,5084959,500000000,50-54-51-55-58-27-45-49-48-26-23-24-19-38-42-43-39-41-20-22-52-53-25-40-28-21-36-59-30-37-33-18-46-47-44-31-32-34-56-57-29-60-61-17-16-15-11-10-13-9-8-4-2-1-0-5-6-7-12-3-14-35-62-63,3.75043,48.0366,6.92334e-310
dense_64_29,4,0,3898277,28.6786,6224709,500000000,26-27-28-24-25-23-16-18-19-29-30-31-13-14-15-32-11-3-7-6-8-2-1-10-0-22-9-20-21-4-5-33-17-12-35-36-37-38-39-40-41-43-45-46-47-48-49-50-54-52-53-51-55-57-59-60-58-42-56-44-61-62-34-63,4.51841,24.1602,6.95031e-310
dense_64_30,4,0,141645251,46.4633,5288657,500000000,30-29-31-26-28-27-32-33-35-39-40-34-41-42-25-36-43-44-45-46-24-22-6-21-5-7-1-17-4-20-16-19-3-2-10-12-13-37-38-23-8-9-0-18-15-47-48-50-51-49-14-11-52-53-54-56-60-59-61-62-63-57-58-55,4.00477,42.4585,6.92766e-310
dense_64_26,0,1,72978152,29.7976,7669825,500000000,37-42-41-34-44-38-39-40-35-45-46-48-36-33-47-49-50-52-54-56-61-55-57-58-59-60-51-32-31-28-29-27-23-22-21-17-19-1-3-7-9-11-10-4-8-12-13-5-6-15-16-2-24-25-26-14-20-0-62-43-18-53-30-63,1.75166,28.046,0.00151789
dense_64_27,0,1,251390532,40.8092,8603461,500000000,30-29-31-32-6-10-5-3-26-27-28-25-23-24-12-7-20-19-9-11-21-22-16-17-18-14-13-4-15-2-1-33-34-36-37-40-35-41-42-43-44-46-47-49-51-54-56-52-53-55-59-60-62-57-58-61-63-50-45-48-38-39-8-0,1.81818,38.991,0.00131639
dense_64_28,0,1,46954942,29.6246,9758338,500000000,50-51-54-45-49-38-43-42-36-30-48-33-39-41-37-55-27-58-31-32-34-19-23-24-20-22-26-35-18-25-29-17-28-59-60-61-16-15-11-13-10-12-9-8-4-5-6-2-1-0-7-3-46-47-40-21-52-53-62-63-44-56-57-14,1.73614,27.8884,0.00120517
dense_64_29,0,1,17285385,25.7901,8945608,500000000,7-6-3-8-2-11-16-18-19-1-10-23-26-24-27-28-0-9-13-14-25-15-22-20-21-12-4-5-29-30-31-32-33-35-36-37-38-39-40-41-43-45-46-42-47-48-49-50-54-51-52-53-55-57-59-60-44-58-17-61-62-56-63-34,1.85158,23.9385,0.00153209
dense_64_30,0,1,31625599,26.0718,9266806,500000000,30-29-26-28-31-27-25-24-22-6-21-5-7-1-17-4-2-10-12-8-9-16-19-20-14-0-3-18-32-33-35-39-40-36-37-38-41-42-23-34-43-44-45-47-48-50-51-52-53-54-56-60-59-61-57-58-49-55-13-15-62-63-11-46,1.78322,24.2886,0.00121186
