dense_16_1,591,741,338,591,898,898,1549,1549,777,777,11842,11154,897,1,0.269825,3.98809,0.914567,6.59842,1.18738,6.88565,7.84749,7.80961,8.2372,8.2517,0.516991,4.24103,5.38274,1,1378470,1150586,520040,485581,300709,300370,372194,372052,320315,320255,345844,344896,298204,0-1-3-2-5-10-4-11-6-12-9-7-13-8-14-15,0-1-3-5-2-10-9-4-12-6-11-7-8-13-14-15,0-3-1-5-2-10-4-9-11-12-6-13-7-8-14-15,0-1-3-5-2-4-9-10-12-11-6-13-7-8-14-15,0-1-3-5-4-9-2-10-11-12-6-13-7-8-14-15,0-1-3-5-4-9-2-10-11-12-6-13-7-8-14-15,0-1-3-5-4-9-2-10-12-11-6-13-7-8-14-15,0-1-3-5-4-9-2-10-12-11-6-13-7-8-14-15,0-1-3-5-10-2-11-12-4-9-6-13-8-7-15-14,0-1-3-5-10-2-11-12-4-9-6-13-8-7-15-14,0-1-10-3-2-11-12-5-6-13-9-4-8-7-14-15,0-1-10-3-2-11-12-5-6-13-9-4-7-8-14-15,0-1-3-5-4-9-2-10-11-12-6-13-8-7-14-15,0.269346,3.98792,0.914435,6.59827,1.18722,6.8855,7.84729,7.8094,8.23705,8.25156,0.516377,4.24043,5.38257,0.00047939,0.00016115,0.000131544,0.00014998,0.000164007,0.000145449,0.000197587,0.00020554,0.000140502,0.00013505,0.000613511,0.000595253,0.000170495
dense_16_2,381,381,35047,28532,15,15,15,15,15,15,15,15,15,1,0.265126,4.3642,1.02747,6.88675,1.31414,6.93743,7.87083,7.86991,8.32219,8.28041,0.542088,4.24582,5.19775,1,1139055,923780,436824,405464,244516,244154,322939,322640,269669,269568,292529,291652,241674,1-0-9-2-8-10-4-7-3-12-13-5-11-6-14-15,1-0-9-2-8-10-4-3-13-5-12-7-6-14-11-15,0-1-9-10-8-2-4-3-12-7-5-13-11-6-14-15,0-1-9-10-2-8-4-3-12-13-5-7-6-11-14-15,1-0-9-2-8-10-4-3-12-13-7-5-6-11-14-15,1-0-9-2-8-10-4-3-12-13-7-5-6-11-14-15,1-0-9-8-10-2-4-3-12-7-13-5-11-6-14-15,1-0-9-8-10-2-4-3-12-7-13-5-11-6-14-15,1-0-9-2-8-10-4-12-7-13-5-3-11-6-14-15,1-0-9-2-8-10-4-12-7-13-5-3-11-6-14-15,1-2-8-9-0-10-12-4-13-5-7-3-11-6-14-15,1-2-8-9-0-10-12-4-13-5-7-3-11-6-14-15,1-0-9-2-8-10-4-3-12-13-7-5-11-6-14-15,0.264728,4.36408,1.02273,6.88414,1.31405,6.93734,7.87074,7.86982,8.3221,8.2803,0.542005,4.24574,5.19765,0.000398128,0.000113646,0.00474322,0.00260632,9.4374e-05,9.1078e-05,8.8623e-05,9.246e-05,8.8208e-05,0.000104672,8.2898e-05,8.7081e-05,0.000101634
dense_16_3,1557,276,1336,331,245,232,1378,1378,166,166,2925,6488,162,1,0.246102,3.96766,0.941691,6.65303,1.2018,6.92515,7.80206,7.82045,8.18853,8.38528,0.558544,4.29148,5.73751,1,1441194,1243809,528067,501119,323858,323105,386203,386119,353585,353575,415336,412670,318538,0-3-1-6-7-2-5-9-4-11-13-15-8-10-12-14,0-3-5-1-7-6-2-4-9-8-11-10-13-15-12-14,0-3-1-6-7-2-5-9-4-11-13-15-8-10-14-12,0-3-1-6-7-5-2-9-4-8-11-10-13-15-12-14,0-3-6-1-5-2-7-9-4-8-11-10-13-15-12-14,0-3-6-1-5-7-2-9-4-8-11-10-13-15-12-14,0-3-1-6-7-2-5-4-9-13-11-8-15-10-12-14,0-3-1-6-7-2-5-4-9-13-11-8-15-10-12-14,0-3-7-5-1-6-2-4-9-11-8-10-13-15-12-14,0-3-7-5-1-6-2-4-9-11-8-10-13-15-12-14,0-7-2-5-4-3-6-1-11-9-8-10-13-15-12-14,0-7-5-2-4-3-6-1-11-9-8-10-13-15-12-14,0-3-1-6-5-7-2-9-4-8-11-10-13-15-12-14,0.245248,3.9675,0.941257,6.65292,1.20168,6.92504,7.8016,7.82,8.1884,8.38517,0.557863,4.29021,5.73738,0.000853589,0.000158705,0.000434485,0.000113327,0.000122817,0.000104934,0.000451326,0.000446811,0.00012825,0.000109504,0.00068147,0.00127019,0.000125319
dense_16_4,412,252,14254,246,246,246,13006,13006,334,334,82367742,2546757923,246,1,0.256304,3.99052,0.921074,6.61834,1.21073,6.95101,7.80605,7.8193,8.21502,8.23593,5.28141,134.705,5.42944,1,1362567,1140732,502612,469287,295622,295416,363192,362616,326794,326263,397961,394096,291570,10-4-6-11-9-7-1-3-12-2-5-8-0-15-13-14,10-4-11-6-9-7-5-3-12-2-1-15-8-0-13-14,10-4-11-6-9-12-2-7-3-5-1-15-8-0-13-14,10-4-11-6-9-12-7-2-3-5-1-15-8-0-13-14,10-4-11-9-6-12-7-3-2-5-1-15-8-0-13-14,10-4-11-9-6-12-7-3-2-5-1-15-8-0-13-14,10-4-11-9-6-12-2-7-5-3-1-0-8-15-13-14,10-4-11-9-6-12-2-7-5-3-1-0-8-15-13-14,10-4-11-6-9-7-5-12-2-3-1-15-8-0-13-14,10-4-11-6-9-7-5-12-2-3-1-15-8-0-13-14,4-7-1-10-9-6-5-11-3-2-15-8-0-12-13-14,4-7-10-9-6-5-1-11-3-2-15-8-0-12-13-14,10-4-11-9-6-12-7-3-2-5-1-15-8-0-13-14,0.255888,3.99038,0.920621,6.61821,1.21062,6.9509,7.80563,7.81889,8.21492,8.23582,0.54671,4.2294,5.42929,0.000416773,0.000141141,0.000453073,0.000133739,0.000108738,0.000107577,0.000418945,0.000403836,0.000107532,0.000109209,4.7347,130.476,0.000152966
dense_16_5,78,15,15,15,16,16,33,33,33,33,16,16,16,1,0.270291,3.95203,0.906467,6.59224,1.19541,6.96447,7.87575,7.88964,8.22116,8.22112,0.547311,4.24295,5.30289,1,1165272,986915,422640,397346,254885,254209,320141,319976,281254,281209,342946,340519,251624,0-1-5-2-9-3-14-4-8-7-6-15-10-13-11-12,0-1-5-2-9-8-3-4-14-7-6-10-15-13-11-12,0-1-5-9-8-3-2-4-14-7-6-15-10-13-11-12,0-1-5-9-8-3-2-4-14-7-6-15-10-13-11-12,0-1-5-9-2-3-8-4-14-7-6-15-10-13-11-12,0-1-5-9-2-3-8-4-14-7-6-15-10-13-11-12,0-1-5-2-9-3-4-8-14-7-6-15-13-11-10-12,0-1-5-2-9-3-4-8-14-7-6-15-10-13-11-12,0-1-5-2-9-3-14-8-4-7-6-10-15-13-11-12,0-1-5-2-9-3-14-8-4-7-6-10-15-13-11-12,0-1-2-14-5-9-3-8-7-4-6-10-13-15-11-12,0-1-2-14-5-9-3-8-7-4-6-10-13-15-11-12,0-1-5-9-2-3-8-4-14-7-6-15-10-13-11-12,0.269924,3.95195,0.906389,6.59217,1.19533,6.96439,7.87567,7.88956,8.22108,8.22104,0.547231,4.24287,5.30279,0.000366509,8.0932e-05,7.7871e-05,7.6647e-05,8.0299e-05,7.4913e-05,8.3618e-05,7.6288e-05,8.2101e-05,7.7282e-05,8.0124e-05,7.7944e-05,9.9806e-05
dense_16_6,2330,374,133,55,55,55,985,985,18,18,97,97,55,1,0.351892,3.99024,0.890079,6.68288,1.16956,7.27737,8.04386,7.89822,8.63237,8.81277,0.625876,4.30567,5.28424,1,946767,772277,316328,299087,174514,174279,253673,253479,220536,220488,314756,310623,171082,11-2-1-0-3-4-9-13-7-8-5-6-14-10-12-15,11-2-1-0-3-4-8-7-9-13-6-5-10-14-12-15,2-11-1-4-0-3-13-7-8-9-5-6-10-15-14-12,2-11-1-4-0-3-13-8-7-9-5-6-10-15-14-12,2-11-1-4-0-3-13-8-7-9-6-5-15-10-14-12,2-11-1-4-0-3-13-8-7-9-6-5-15-10-14-12,2-11-1-4-0-3-13-7-9-8-5-6-10-15-14-12,2-11-1-4-0-3-13-7-9-8-5-6-10-15-14-12,2-11-1-0-4-3-7-8-13-9-5-6-14-10-15-12,2-11-1-0-4-3-7-8-13-9-5-6-14-10-15-12,11-2-1-3-0-7-8-9-4-13-6-5-14-12-10-15,11-2-1-3-0-7-8-9-4-13-6-5-14-12-10-15,2-11-1-4-0-3-13-8-7-9-6-5-15-10-14-12,0.351145,3.98997,0.889981,6.68279,1.16948,7.27728,8.04369,7.89805,8.63227,8.81269,0.625755,4.30555,5.28413,0.000746921,0.00026494,9.8859e-05,9.4217e-05,8.6504e-05,8.9993e-05,0.000171872,0.000164545,9.9182e-05,8.6507e-05,0.000121575,0.000125639,0.000113263
dense_16_7,17,17,15,15,15,15,15,15,15,15,38,38,15,1,0.364527,4.07697,1.00045,6.64119,1.18433,6.836,7.74127,7.84642,8.12208,8.14577,0.526992,4.19087,5.06935,1,1246757,981503,462835,423373,249414,248961,332043,331848,287019,286980,333473,331252,246229,0-2-8-1-3-5-13-4-7-11-14-6-9-10-12-15,0-2-8-3-5-1-13-7-4-10-9-14-11-12-6-15,0-2-5-8-1-3-13-4-7-14-12-11-9-10-6-15,0-2-5-8-1-3-13-4-7-10-12-14-9-11-6-15,0-2-5-8-3-1-13-4-7-12-14-9-11-10-6-15,0-2-5-8-3-1-13-4-7-12-14-9-11-10-6-15,0-2-8-5-1-3-13-4-7-14-12-6-9-10-11-15,0-2-8-5-1-3-13-4-7-14-12-6-9-10-11-15,0-2-8-5-1-13-3-4-7-12-14-11-10-9-6-15,0-2-8-5-1-13-3-4-7-12-14-11-10-9-6-15,0-2-3-13-1-8-5-12-7-4-14-11-10-9-6-15,0-2-3-13-1-8-5-7-12-4-14-10-11-9-6-15,0-2-5-8-3-1-13-4-7-14-12-9-11-10-6-15,0.364136,4.07688,1.00036,6.6411,1.18425,6.83591,7.74118,7.84633,8.12199,8.14568,0.52689,4.19077,5.06925,0.000390505,9.482e-05,9.0132e-05,8.6262e-05,8.518e-05,8.0954e-05,8.7068e-05,8.5453e-05,8.5867e-05,8.44e-05,0.000101734,9.916e-05,0.0001023
dense_16_8,207,203,15,15,15,15,15,15,15,15,11348,11348,15,1,0.279328,3.97965,0.865407,6.50388,1.1372,6.76942,7.73904,7.72856,8.11588,8.12248,0.557857,4.25232,5.00062,1,1015922,818790,354631,327778,183966,183695,265051,264893,229410,229389,314265,309793,182889,8-1-5-6-7-11-10-2-4-13-0-9-15-12-14-3,8-1-5-6-7-11-10-2-13-4-9-0-12-15-14-3,1-5-8-6-7-11-10-2-4-13-0-9-12-14-15-3,1-5-8-6-7-11-10-2-13-4-9-0-12-14-15-3,5-1-8-7-6-11-10-2-13-4-9-12-0-14-15-3,5-1-8-7-6-11-10-2-13-4-9-12-0-14-15-3,1-5-8-6-7-11-10-2-4-13-0-9-12-14-15-3,1-5-8-6-7-11-10-2-4-13-0-9-12-14-15-3,1-5-8-6-7-11-10-2-4-13-9-0-14-12-15-3,1-5-8-6-7-11-10-2-4-13-9-0-14-12-15-3,8-1-5-11-6-2-9-7-0-10-13-4-14-15-12-3,8-1-5-11-6-2-9-7-0-10-13-4-14-15-12-3,5-1-8-7-6-11-10-2-13-4-9-12-0-14-15-3,0.278859,3.97947,0.865314,6.50378,1.13711,6.76933,7.73895,7.72847,8.11578,8.12238,0.555167,4.24953,5.0005,0.000468851,0.000180275,9.2476e-05,9.5002e-05,9.629e-05,9.8115e-05,9.2768e-05,8.7552e-05,9.4737e-05,9.2719e-05,0.00268981,0.00279263,0.000121199
dense_16_9,44,15,265,25,15,15,259,259,15,15,48052,48052,15,1,0.240971,3.94407,0.922958,6.59001,1.20427,6.86193,7.75156,7.74219,8.10605,8.11664,0.512501,4.20748,5.61723,1,1460682,1270506,540287,513562,325471,324921,394205,393915,348411,348340,382289,380689,322017,6-2-7-8-1-10-11-0-9-3-14-4-12-13-5-15,6-2-7-8-1-11-9-10-0-12-3-14-13-4-15-5,6-2-8-7-1-9-0-10-11-4-12-3-13-14-5-15,6-2-8-7-1-9-0-11-10-12-3-4-13-14-5-15,6-2-7-8-1-9-0-11-10-12-3-13-14-4-15-5,6-2-7-8-1-9-0-11-10-12-3-13-4-14-15-5,6-2-8-7-1-9-0-10-11-12-4-13-3-14-5-15,6-2-8-7-1-9-0-10-11-12-4-13-3-14-5-15,6-2-7-8-1-9-11-0-10-12-3-13-14-4-5-15,6-2-7-8-1-9-11-0-10-12-3-13-14-4-5-15,7-6-2-11-1-10-8-9-12-0-3-13-14-4-5-15,7-6-2-11-1-10-8-9-12-0-3-13-14-4-5-15,6-2-7-8-1-9-0-11-10-12-3-13-4-14-15-5,0.24061,3.94399,0.922863,6.58993,1.20418,6.86186,7.75147,7.7421,8.10598,8.11656,0.509655,4.20449,5.61713,0.000360446,8.0112e-05,9.415e-05,7.896e-05,8.5579e-05,7.1643e-05,9.5702e-05,9.5536e-05,7.0138e-05,7.2921e-05,0.00284567,0.00299154,9.6868e-05
dense_16_10,160,98,247,247,165,165,247,247,344,344,272,272,165,1,0.265844,3.92627,0.896322,6.55655,1.21033,6.83521,7.77991,7.76857,8.13285,8.14581,0.559868,4.20803,5.55727,1,1249800,1071044,458857,431788,277456,276749,344535,344288,312215,312172,383448,380082,273257,4-1-5-2-9-7-6-8-10-0-3-13-11-12-14-15,4-1-5-2-9-7-8-6-10-0-12-11-3-13-14-15,4-5-1-7-9-2-8-6-10-0-12-11-3-13-14-15,4-5-1-7-9-2-8-6-10-12-0-11-3-13-14-15,4-5-1-9-2-7-8-6-10-12-0-11-3-13-14-15,4-5-1-9-2-7-8-6-10-12-0-11-3-13-14-15,4-5-1-7-9-2-8-6-10-0-12-11-3-13-14-15,4-5-1-7-9-2-8-6-10-0-12-11-3-13-14-15,4-5-1-9-2-7-6-8-10-0-11-12-3-13-14-15,4-5-1-9-2-7-6-8-10-0-11-12-3-13-14-15,4-1-5-9-2-6-7-8-10-0-11-3-12-13-14-15,4-1-5-9-2-6-7-8-10-0-11-3-12-13-14-15,4-5-1-9-2-7-8-6-10-12-0-11-3-13-14-15,0.26538,3.92613,0.896183,6.5564,1.2102,6.83508,7.77977,7.76843,8.13264,8.14561,0.559695,4.20784,5.55712,0.000463818,0.000140995,0.000139224,0.000143925,0.000135929,0.000133371,0.000138635,0.000142,0.000200233,0.000195808,0.000172788,0.000183461,0.000148
dense_16_11,91,79,303,507,499,499,60,60,112,112,76,76,499,1,0.249472,3.92976,0.904456,6.60082,1.19743,6.86339,7.90822,7.86072,8.16863,8.19651,0.55021,4.22178,5.60498,1,1274455,1138230,480440,463033,305180,304576,365403,365298,325478,325464,358753,357649,303073,0-1-4-2-3-6-7-5-8-9-14-10-11-13-12-15,0-1-4-3-2-6-7-5-8-10-9-11-13-14-12-15,1-0-4-2-3-6-7-8-5-9-11-12-14-13-10-15,1-0-4-2-3-6-7-8-5-9-10-13-11-14-12-15,1-0-4-2-3-7-6-8-5-9-10-13-11-14-12-15,1-0-4-2-3-7-6-8-5-9-10-13-11-14-12-15,0-1-4-2-3-6-7-8-5-9-10-11-13-14-12-15,0-1-4-2-3-6-7-8-5-9-10-11-13-14-12-15,0-1-4-3-2-6-7-5-8-9-10-13-11-14-12-15,0-1-4-3-2-6-7-5-8-9-10-13-11-14-12-15,3-0-2-1-4-7-6-5-8-9-10-13-11-14-12-15,3-0-2-1-4-7-6-5-8-9-10-13-11-14-12-15,1-0-4-2-3-6-7-8-5-9-10-13-11-14-12-15,0.249081,3.92966,0.904304,6.60066,1.19727,6.86324,7.90812,7.86063,8.16853,8.19641,0.550116,4.22169,5.6048,0.000391345,0.000104359,0.000152271,0.00016609,0.000163281,0.000158734,9.6772e-05,9.5927e-05,0.00010581,0.000101257,9.4692e-05,9.1604e-05,0.000175299
dense_16_12,77,77,61,61,61,61,61,61,75,75,1967,1956,61,1,0.244684,3.92399,0.90461,6.61583,1.18021,6.8692,7.81328,7.81897,8.15354,8.15145,0.547526,4.21703,5.43542,1,1343286,1150043,473257,449930,298572,297739,358161,358100,334819,334796,440133,431010,294278,2-0-1-5-3-4-9-6-13-10-12-7-11-14-8-15,2-0-1-5-3-4-6-9-7-12-8-13-10-11-14-15,2-0-1-5-4-3-6-9-8-12-10-14-11-13-7-15,2-0-1-5-4-3-6-9-12-8-7-10-14-11-13-15,2-0-1-5-4-6-3-12-9-8-7-13-11-10-14-15,2-0-1-5-4-6-3-12-9-8-7-13-11-10-14-15,2-0-1-5-4-3-6-9-8-12-10-14-7-13-11-15,2-0-1-5-4-3-6-9-8-12-10-14-7-13-11-15,2-0-1-5-3-4-6-9-7-13-11-8-12-10-14-15,2-0-1-5-3-4-6-9-7-13-11-8-12-10-14-15,1-0-3-5-2-4-9-6-11-7-13-10-8-12-14-15,1-0-3-5-2-4-9-6-11-7-13-10-8-12-14-15,2-0-1-5-4-6-3-12-9-8-7-13-11-10-14-15,0.24427,3.92386,0.904499,6.61573,1.18011,6.86909,7.81316,7.81887,8.15342,8.15133,0.547264,4.21677,5.4353,0.000414324,0.000126858,0.000111027,0.000109305,0.000106697,0.000105347,0.00011406,0.000107458,0.000118046,0.000114723,0.000262125,0.000263983,0.000125814
dense_16_13,2585,642,2693,2553,524,524,2690,2690,2585,2585,751,751,517,1,0.253989,3.93501,0.90032,6.56644,1.19004,6.82013,7.72229,7.7169,8.10543,8.12028,0.539074,4.21012,5.45558,1,1405738,1140690,492027,456430,286370,285814,368423,368289,335118,335089,455397,447246,283234,7-1-8-0-2-3-9-11-10-12-6-15-4-13-14-5,7-1-8-2-0-3-9-11-10-6-13-4-12-15-14-5,7-8-1-0-3-2-9-10-11-13-12-15-6-4-14-5,7-8-1-0-3-2-9-11-10-13-12-15-6-4-14-5,7-8-1-3-0-2-9-11-10-13-12-15-6-4-14-5,7-8-1-3-0-2-9-11-10-13-12-15-6-4-14-5,7-8-1-0-3-2-9-10-11-13-12-15-6-4-14-5,7-8-1-0-3-2-9-10-11-13-12-15-6-4-14-5,7-8-1-0-2-3-9-11-10-4-6-13-12-15-14-5,7-8-1-0-2-3-9-11-10-4-6-13-12-15-14-5,7-2-1-0-9-8-3-10-11-4-6-13-12-15-14-5,7-2-1-0-9-8-3-10-11-4-6-13-12-15-14-5,7-1-8-3-0-2-9-11-10-13-12-15-4-6-14-5,0.253051,3.93485,0.899932,6.56608,1.18982,6.81989,7.72192,7.71654,8.10481,8.11965,0.538921,4.20996,5.45534,0.000937328,0.000166132,0.000388451,0.000364016,0.000224992,0.000236206,0.000372737,0.000363241,0.000623737,0.000629116,0.000153414,0.00015674,0.000241896
dense_16_14,2748754,4837,1396,1396,5906,1134,1500,1500,652,652,754,754,1184,1,0.517028,3.92425,0.901636,6.56373,1.19704,6.83413,7.80541,7.82154,8.1727,8.18729,0.549569,4.20116,5.35362,1,1299575,1106526,471416,445090,274383,274045,346552,346326,314172,314070,370770,366371,267986,12-9-1-8-10-6-7-3-0-13-11-4-14-15-5-2,1-9-12-10-8-7-6-3-0-13-11-15-4-14-5-2,1-9-12-10-8-6-0-7-3-13-11-15-14-4-5-2,1-9-12-10-8-7-6-0-3-13-11-15-4-14-5-2,1-9-12-10-8-7-6-13-3-0-11-15-14-4-5-2,1-9-12-10-8-7-6-13-0-3-11-15-14-4-5-2,1-9-12-10-0-7-8-6-3-13-11-15-4-14-5-2,1-9-12-10-0-7-8-6-3-13-11-15-4-14-5-2,1-9-12-8-10-7-0-3-6-11-13-15-4-14-5-2,1-9-12-8-10-7-0-3-6-11-13-15-4-14-5-2,9-8-12-1-10-7-11-0-3-6-4-13-14-15-2-5,9-8-12-1-10-7-11-0-3-6-13-4-14-15-2-5,1-9-12-10-8-7-6-0-13-3-11-15-14-4-5-2,0.249225,3.92392,0.901478,6.56357,1.19672,6.834,7.80524,7.82139,8.17259,8.18718,0.549398,4.20099,5.35347,0.267803,0.00033689,0.000157694,0.000155297,0.000322802,0.000126943,0.000165002,0.000155486,0.00011208,0.000111932,0.00017056,0.000169422,0.000156308
dense_16_15,106,50642,72868,72872,70910,70910,101570492,101570492,45874,45874,2977,2977,70712,1,0.245108,3.91709,0.907273,6.53724,1.19374,6.8266,11.7505,11.5064,8.12017,8.12351,0.516985,4.16861,5.33745,1,1283355,1082665,483482,458499,293455,292630,360777,360280,315996,315753,340479,337714,286937,4-1-5-9-3-8-7-6-11-13-14-0-2-10-12-15,4-1-5-9-8-3-13-6-7-11-10-12-2-0-14-15,4-1-9-5-8-3-6-7-11-13-0-2-12-14-10-15,4-1-9-5-8-3-6-7-13-11-0-2-12-10-14-15,4-1-9-5-8-3-6-13-7-11-0-2-12-10-14-15,4-1-9-5-8-3-6-13-7-11-0-2-12-10-14-15,4-1-9-5-8-3-6-7-13-11-0-2-14-12-10-15,4-1-9-5-8-3-6-7-13-11-0-2-14-12-10-15,4-1-5-9-8-3-6-13-7-11-12-0-2-10-14-15,4-1-5-9-8-3-6-13-7-11-12-0-2-10-14-15,4-1-3-5-9-6-8-13-7-11-12-10-2-14-0-15,4-1-3-5-9-6-8-13-7-11-12-2-10-14-0-15,4-1-9-5-8-3-6-7-13-11-0-2-12-10-14-15,0.244701,3.91278,0.903475,6.53344,1.19037,6.82309,7.90269,7.74781,8.11675,8.12001,0.516647,4.16826,5.33404,0.00040655,0.00431255,0.00379827,0.00380377,0.00336895,0.00351592,3.84785,3.75861,0.00342732,0.0034963,0.000337493,0.000342527,0.00340548
dense_16_16,168,87,61,61,40,40,60,60,57,57,721,615,38,1,0.262467,3.92015,0.87687,6.50904,1.17221,6.8178,7.72821,7.73992,8.1077,8.11682,0.558954,4.21706,5.25427,1,1106226,923173,409390,385290,237695,237128,308941,308721,269846,269691,330854,327030,235667,0-7-1-4-5-2-10-14-8-9-15-3-12-11-6-13,0-7-1-4-5-10-2-8-14-9-15-11-6-12-3-13,0-1-7-5-4-2-10-8-14-9-15-12-11-3-6-13,0-1-7-5-4-10-2-8-14-9-15-12-11-6-3-13,0-1-7-5-4-10-2-8-14-9-15-12-11-6-3-13,0-1-7-5-4-10-2-8-14-9-15-12-11-6-3-13,0-1-7-5-4-2-10-8-14-9-15-12-11-6-3-13,0-1-7-5-4-2-10-8-14-9-15-12-11-6-3-13,0-1-7-5-4-10-2-8-14-9-15-11-12-6-3-13,0-1-7-5-4-10-2-8-14-9-15-11-12-6-3-13,7-4-0-10-2-9-1-8-14-5-15-11-6-3-12-13,7-4-0-10-2-9-1-8-5-14-15-11-6-3-12-13,0-1-7-5-4-10-2-8-14-9-15-12-11-6-3-13,0.262022,3.92003,0.87677,6.50894,1.17211,6.8177,7.72808,7.73983,8.1076,8.11673,0.55825,4.21641,5.25414,0.000444861,0.000114346,0.000100581,0.000105415,9.3006e-05,9.1044e-05,0.000123165,9.2547e-05,0.000100819,9.4128e-05,0.000703787,0.000651372,0.000128294
dense_16_17,279,163,6126,6118,5389,5386,246,246,246,246,4763,4230,5370,1,0.24983,3.91061,0.915485,6.55313,1.20245,6.82449,7.75793,7.7675,8.12227,8.15149,0.519829,4.16825,5.27344,1,1400302,1126919,521330,477600,295759,295151,373458,373202,322332,322281,367040,364291,291329,3-0-2-1-7-10-12-8-4-15-11-13-5-14-6-9,3-2-0-1-7-12-10-8-4-13-5-14-11-15-6-9,3-0-2-7-1-10-12-4-8-11-5-15-14-13-6-9,3-0-2-7-1-10-12-8-4-11-5-13-15-14-6-9,3-0-2-7-1-10-12-8-4-11-5-13-15-14-6-9,3-0-2-7-1-10-12-8-4-11-5-13-15-14-6-9,3-0-2-1-7-10-12-4-8-11-5-15-13-14-6-9,3-0-2-1-7-10-12-4-8-11-5-15-13-14-6-9,3-0-2-1-7-10-12-4-8-5-15-13-14-11-6-9,3-0-2-1-7-10-12-4-8-5-15-13-14-11-6-9,3-2-1-12-0-7-8-10-4-5-15-14-13-11-6-9,3-2-1-12-0-7-8-10-4-5-15-14-13-11-6-9,3-0-2-7-1-10-12-8-4-11-5-13-15-14-6-9,0.249367,3.91047,0.915091,6.55274,1.2021,6.82413,7.75779,7.76737,8.12213,8.15136,0.519476,4.16793,5.27308,0.000463453,0.000134554,0.00039387,0.000387272,0.000353884,0.000353943,0.000136413,0.000133536,0.000149138,0.000127128,0.000353796,0.000322859,0.000362942
dense_16_18,152,108,98,98,15,15,63,63,99,99,140,140,15,1,0.252559,3.9196,0.890858,6.50852,1.17122,6.7813,7.73726,7.76836,8.10508,8.12328,0.530323,4.19023,5.21801,1,1198356,1010055,429098,407627,259689,258973,330248,330058,291333,291301,352863,349381,255789,1-2-6-12-3-0-8-4-13-14-10-5-15-9-7-11,1-2-3-12-0-6-8-10-4-13-14-7-5-15-9-11,1-12-0-2-8-6-3-13-14-4-10-7-5-15-9-11,1-12-0-2-8-6-3-13-14-4-10-7-5-15-9-11,1-2-8-0-12-6-3-13-14-4-7-10-5-15-9-11,1-2-8-0-12-6-3-13-14-4-7-10-5-15-9-11,1-12-2-0-6-8-3-13-14-10-4-7-15-5-9-11,1-12-2-0-6-8-3-13-14-10-4-7-15-5-9-11,1-2-0-12-6-3-8-4-13-14-10-5-15-7-9-11,1-2-0-12-6-3-8-4-13-14-10-5-15-7-9-11,1-2-3-6-0-12-4-10-8-5-13-14-15-9-7-11,1-2-3-6-0-12-4-10-8-5-13-14-15-9-7-11,1-2-0-8-12-6-3-13-14-4-7-10-5-15-9-11,0.252177,3.9195,0.890746,6.50843,1.17114,6.78122,7.73718,7.76826,8.10499,8.12319,0.530224,4.19012,5.21791,0.00038239,0.000105997,0.000111461,9.2903e-05,8.1197e-05,8.2121e-05,8.6614e-05,9.1102e-05,9.2051e-05,9.1949e-05,9.9022e-05,0.000104154,9.8913e-05
dense_16_19,17855,1232,9938,1268,768,768,9703,12423,932,932,1824,908,860,1,0.255474,3.94047,0.912389,6.61107,1.19441,7.0591,7.74172,8.60818,8.30922,8.13751,0.543442,4.22616,5.20608,1,1291014,1038021,467932,430409,269335,268846,350779,350265,309922,309506,375533,372696,266492,0-2-3-5-1-4-7-8-9-10-6-15-12-14-13-11,0-3-2-1-4-5-9-8-10-7-6-12-13-14-15-11,0-2-5-3-1-4-7-8-10-9-14-13-6-12-15-11,0-2-5-3-1-4-8-10-7-9-6-13-14-12-15-11,0-2-3-4-1-5-8-10-7-9-6-13-12-14-15-11,0-2-3-4-1-5-8-10-7-9-6-13-12-14-15-11,0-2-5-3-1-4-7-9-8-10-13-6-14-12-15-11,0-2-5-3-1-4-7-8-9-10-13-6-14-12-15-11,0-2-3-1-4-5-9-8-10-7-13-6-12-14-15-11,0-2-3-1-4-5-9-8-10-7-13-6-12-14-15-11,0-3-2-9-1-4-5-7-10-8-6-14-13-12-15-11,0-3-2-9-1-4-5-8-10-7-6-14-13-12-15-11,0-2-3-4-1-5-8-10-7-9-13-6-12-14-15-11,0.254134,3.94029,0.911827,6.61091,1.19429,7.05897,7.7412,8.60749,8.30906,8.13736,0.543255,4.22602,5.20592,0.00133991,0.000181146,0.000562772,0.000160459,0.00012766,0.000128596,0.00051758,0.000685133,0.000154129,0.000153249,0.000186802,0.000148704,0.000153299
dense_16_20,15,15,15,15,15,15,15,15,15,15,104,104,15,1,0.262106,3.91712,0.887489,6.51185,1.18965,6.78449,7.73955,7.73204,8.1134,8.13095,0.539337,4.18467,5.01116,1,1129655,937751,416002,391425,231776,231461,303893,303599,258445,258358,307455,306128,227855,5-2-6-10-1-9-4-0-8-13-11-3-7-12-14-15,5-2-6-10-1-4-9-3-7-13-0-8-11-12-14-15,5-2-10-6-9-1-13-8-4-3-0-7-11-14-12-15,5-2-10-6-9-1-13-4-8-3-7-0-11-14-12-15,5-2-10-6-9-1-13-4-8-3-7-0-11-12-14-15,5-2-10-6-9-1-13-4-8-3-7-0-11-12-14-15,5-2-10-6-9-1-13-4-8-3-7-11-0-12-14-15,5-2-10-6-9-1-13-4-8-3-7-11-0-12-14-15,5-2-10-6-1-9-4-13-3-0-7-8-11-12-14-15,5-2-10-6-1-9-4-13-3-0-7-8-11-12-14-15,5-6-2-4-10-1-3-7-0-11-9-13-8-12-14-15,5-6-2-4-10-1-3-7-0-11-9-13-8-12-14-15,5-2-10-6-9-1-4-13-8-3-7-0-11-12-14-15,0.261755,3.91702,0.887405,6.51177,1.18957,6.78439,7.73945,7.73196,8.11332,8.13087,0.539257,4.18458,5.01103,0.00035078,0.000100464,8.3944e-05,8.1103e-05,7.7022e-05,9.631e-05,9.1953e-05,7.9866e-05,7.6738e-05,8.5299e-05,7.9613e-05,8.6053e-05,0.000122185
