dense_20_1,1,0,1290,0.0278934,1844,100000,0-8-3-7-14-17-18-4-5-10-11-12-13-15-1-2-6-9-16-19,0.0159951,0.0118983
dense_20_1,2,0,1290,0.039908,1794,100000,0-8-3-7-14-17-18-4-5-10-11-12-13-15-1-2-6-9-16-19,0.0306857,0.00922232
dense_20_2,1,0,1700,0.0131368,1623,100000,0-11-1-15-4-7-8-9-12-2-13-14-5-10-17-18-3-6-16-19,0.00482915,0.00830767
dense_20_1,3,0,1306,0.0261583,1817,100000,0-8-3-7-14-17-18-4-5-10-11-12-13-15-9-1-2-6-16-19,0.0172808,0.00887748
dense_20_3,1,0,1523,0.0127307,2312,100000,0-2-3-8-12-7-13-10-6-14-11-4-1-19-16-15-5-9-18-17,0.00433864,0.00839206
dense_20_2,2,0,943,0.0171046,1286,100000,0-1-11-15-4-7-8-9-12-17-18-2-13-14-5-10-19-3-6-16,0.0100211,0.0070835
dense_20_1,4,0,1290,0.0296267,1802,100000,0-8-3-7-14-17-18-4-5-10-11-12-13-15-1-2-6-9-16-19,0.0208616,0.00876505
dense_20_4,1,0,1206,0.0145116,1982,100000,12-1-3-10-5-6-8-9-11-13-14-2-0-4-7-15-16-17-19-18,0.00571152,0.00880005
dense_20_2,3,0,943,0.0175045,1331,100000,0-1-11-15-4-7-8-9-12-17-18-2-13-14-10-5-19-3-6-16,0.0099221,0.00758243
dense_20_3,2,0,477,0.0129125,592,100000,0-2-8-9-3-11-7-12-13-10-1-15-14-16-6-4-19-5-18-17,0.00430041,0.00861209
dense_20_1,5,0,1290,0.028248,1816,100000,0-8-3-7-14-17-18-4-5-10-11-12-13-15-1-2-6-9-16-19,0.0192284,0.00901958
dense_20_2,4,0,943,0.0163238,1313,100000,0-1-11-15-4-7-8-9-12-17-18-2-13-14-5-10-19-3-6-16,0.008701,0.00762281
dense_20_4,2,0,1206,0.0147238,1531,100000,12-1-3-10-5-6-8-9-11-13-14-2-0-4-7-15-16-17-19-18,0.00877168,0.00595216
dense_20_3,3,0,503,0.017478,1310,100000,0-3-2-8-10-12-7-13-1-11-14-6-4-16-19-5-15-9-18-17,0.00938716,0.00809081
dense_20_5,1,0,530,0.0119048,2056,100000,11-2-17-19-18-4-5-6-0-9-16-1-7-8-10-12-14-15-3-13,0.00397238,0.00793244
dense_20_2,5,0,944,0.0144283,1481,100000,0-1-11-15-17-18-4-7-8-9-12-2-13-14-5-10-19-3-6-16,0.00674072,0.00768758
dense_20_3,4,0,477,0.014496,703,100000,0-2-8-9-3-11-7-12-13-10-1-15-14-16-6-4-19-5-18-17,0.00666308,0.00783297
dense_20_5,2,0,554,0.0144915,1134,100000,11-2-0-17-19-18-4-5-6-16-1-9-7-8-3-10-12-14-15-13,0.00651496,0.0079765
dense_20_1,1,1,1290,0.0262762,1835,100000,0-8-3-7-14-17-18-4-5-10-11-12-13-15-1-2-6-9-16-19,0.0174784,0.0087978
dense_20_4,3,0,5788,0.0250588,1787,100000,12-1-3-10-5-6-8-9-11-13-14-7-2-0-4-19-15-16-17-18,0.0116351,0.0134237
dense_20_6,1,0,3756,0.023034,1175,100000,0-1-3-4-5-6-7-8-9-10-12-13-14-18-19-2-11-15-16-17,0.00517441,0.0178596
dense_20_3,5,0,476,0.00987457,720,100000,0-2-8-9-3-10-1-15-14-11-7-12-13-6-16-4-19-5-18-17,0.00188871,0.00798586
dense_20_1,2,1,1290,0.0379843,1794,100000,0-8-3-7-14-17-18-4-5-10-11-12-13-15-1-2-6-9-16-19,0.0299904,0.00799389
dense_20_4,4,0,1206,0.0222325,1542,100000,12-1-3-10-5-6-8-9-11-13-14-2-0-4-7-15-16-17-19-18,0.013697,0.00853553
dense_20_6,2,0,3738,0.0312661,1075,100000,0-1-3-4-5-6-7-8-9-10-12-13-14-18-19-2-11-15-16-17,0.0128152,0.0184509
dense_20_5,3,0,554,0.0193898,1532,100000,11-2-17-0-19-18-4-5-6-1-9-16-7-8-10-3-12-14-15-13,0.00694059,0.0124492
dense_20_2,1,1,1700,0.0188495,1622,100000,0-11-1-15-4-7-8-9-12-2-13-14-5-10-17-18-3-6-16-19,0.0106988,0.00815072
dense_20_4,5,0,1206,0.014381,1542,100000,12-1-3-10-5-6-8-9-11-13-14-2-0-4-7-15-16-17-19-18,0.00674595,0.00763501
dense_20_1,3,1,1306,0.0355809,1817,100000,0-8-3-7-14-17-18-4-5-10-11-12-13-15-9-1-2-6-16-19,0.0257928,0.00978817
dense_20_7,2,0,0,0.000952339,77,0,10-7-8-9-11-12-13-14-15-16-17-18-19-0-1-2-3-4-5-6,0.000943078,9.261e-06
dense_20_5,4,0,554,0.016759,1161,100000,11-2-0-17-19-18-4-5-6-1-9-16-7-8-3-10-12-14-15-13,0.00934741,0.00741162
dense_20_2,2,1,943,0.023645,1286,100000,0-1-11-15-4-7-8-9-12-17-18-2-13-14-5-10-19-3-6-16,0.0164892,0.00715579
dense_20_3,1,1,1523,0.0159763,2301,100000,0-2-3-8-12-7-13-10-6-14-11-4-1-19-16-15-5-9-18-17,0.00836503,0.00761126
dense_20_6,3,0,3756,0.0314144,1175,100000,0-1-3-4-5-6-7-8-9-10-12-13-14-18-19-2-11-15-16-17,0.0138713,0.0175431
dense_20_1,4,1,1290,0.0351358,1802,100000,0-8-3-7-14-17-18-4-5-10-11-12-13-15-1-2-6-9-16-19,0.0263844,0.00875136
dense_20_5,5,0,549,0.0107034,1195,100000,11-2-0-17-19-18-4-5-6-1-9-16-7-8-3-10-12-14-15-13,0.00335101,0.00735234
dense_20_8,2,0,10201,0.0211391,1118,100000,8-9-7-5-19-1-0-3-4-6-11-12-15-2-16-18-13-10-14-17,0.00960011,0.011539
dense_20_2,3,1,943,0.0196329,1331,100000,0-1-11-15-4-7-8-9-12-17-18-2-13-14-10-5-19-3-6-16,0.0120302,0.00760272
dense_20_3,2,1,477,0.0179792,592,100000,0-2-8-9-3-11-7-12-13-10-1-15-14-16-6-4-19-5-18-17,0.00953093,0.00844826
dense_20_6,4,0,3756,0.0308684,1175,100000,0-1-3-4-5-6-7-8-9-10-12-13-14-18-19-2-11-15-16-17,0.0124956,0.0183728
dense_20_4,1,1,1206,0.0204078,1981,100000,12-1-3-10-5-6-8-9-11-13-14-2-0-4-7-15-16-17-19-18,0.0107758,0.00963198
dense_20_1,5,1,1290,0.0348737,1816,100000,0-8-3-7-14-17-18-4-5-10-11-12-13-15-1-2-6-9-16-19,0.0254497,0.00942394
dense_20_7,3,0,0,0.00741244,150,0,10-7-14-16-19-17-0-1-2-3-4-5-6-8-9-11-12-13-15-18,0.00740033,1.2108e-05
dense_20_2,4,1,943,0.0215688,1313,100000,0-1-11-15-4-7-8-9-12-17-18-2-13-14-5-10-19-3-6-16,0.0135313,0.00803743
dense_20_6,5,0,5013,0.0352207,4820,100000,0-1-3-4-5-6-7-8-9-10-12-13-14-18-19-2-11-15-16-17,0.0238451,0.0113756
dense_20_9,2,0,1938,0.0198584,756,100000,1-6-11-3-16-17-19-18-0-7-9-10-12-4-13-5-2-14-15-8,0.00792724,0.0119311
dense_20_3,3,1,503,0.0207508,1310,100000,0-3-2-8-10-12-7-13-1-11-14-6-4-16-19-5-15-9-18-17,0.0133668,0.007384
dense_20_7,4,0,0,0.00558226,20,0,10-0-1-2-3-4-5-6-7-8-9-11-12-13-14-15-16-19-17-18,0.00557135,1.0913e-05
dense_20_4,2,1,1206,0.0258918,1531,100000,12-1-3-10-5-6-8-9-11-13-14-2-0-4-7-15-16-17-19-18,0.0161214,0.00977039
dense_20_5,1,1,530,0.0164286,2011,100000,11-2-17-19-18-0-4-5-6-9-16-1-7-8-10-12-14-15-3-13,0.00851485,0.00791372
dense_20_2,5,1,944,0.0187428,1481,100000,0-1-11-15-17-18-4-7-8-9-12-2-13-14-5-10-19-3-6-16,0.0104479,0.00829493
dense_20_3,4,1,477,0.0181051,703,100000,0-2-8-9-3-11-7-12-13-10-1-15-14-16-6-4-19-5-18-17,0.0101096,0.00799545
dense_20_7,5,0,3858,0.0167937,484,100000,10-16-19-17-7-14-18-0-1-2-3-4-5-8-9-12-6-11-13-15,0.00263074,0.014163
dense_20_8,3,0,48297,0.0515505,1863,100000,8-7-5-19-1-0-6-3-4-9-15-2-16-18-13-11-12-14-17-10,0.00863972,0.0429107
dense_20_10,2,0,13977,0.0178885,921,100000,16-17-12-9-7-10-14-15-11-13-18-19-1-2-0-6-3-4-5-8,0.00602183,0.0118667
dense_20_4,3,1,5788,0.0273498,1787,100000,12-1-3-10-5-6-8-9-11-13-14-7-2-0-4-19-15-16-17-18,0.0142122,0.0131376
dense_20_8,4,0,10201,0.0199614,1261,100000,8-9-7-5-19-1-0-6-3-4-11-12-15-2-16-18-13-10-14-17,0.00723365,0.0127278
dense_20_5,2,1,554,0.0211617,1134,100000,11-2-0-17-19-18-4-5-6-16-1-9-7-8-3-10-12-14-15-13,0.0130375,0.00812419
dense_20_6,1,1,3756,0.0283482,1175,100000,0-1-3-4-5-6-7-8-9-10-12-13-14-18-19-2-11-15-16-17,0.0107792,0.017569
dense_20_3,5,1,476,0.0141066,720,100000,0-2-8-9-3-10-1-15-14-11-7-12-13-6-16-4-19-5-18-17,0.00545234,0.0086543
dense_20_9,3,0,1938,0.0228887,796,100000,1-6-11-3-16-17-18-19-0-7-9-10-12-4-13-2-5-14-15-8,0.0107455,0.0121432
dense_20_11,2,0,890,0.020431,1712,100000,5-3-16-1-15-12-11-2-7-18-19-8-9-4-0-6-17-10-13-14,0.0130961,0.00733492
dense_20_8,5,0,48212,0.0393939,1527,100000,1-5-6-0-3-4-8-9-7-19-15-2-16-18-11-12-13-14-17-10,0.00404616,0.0353478
dense_20_4,4,1,1206,0.0282898,1542,100000,12-1-3-10-5-6-8-9-11-13-14-2-0-4-7-15-16-17-19-18,0.0198461,0.00844371
dense_20_5,3,1,554,0.0204855,1532,100000,11-2-17-0-19-18-4-5-6-1-9-16-7-8-10-3-12-14-15-13,0.0125342,0.00795132
dense_20_9,4,0,1938,0.0269609,756,100000,1-6-11-3-16-17-19-18-0-7-9-10-12-4-13-5-2-14-15-8,0.0155884,0.0113725
dense_20_6,2,1,3738,0.0366002,1075,100000,0-1-3-4-5-6-7-8-9-10-12-13-14-18-19-2-11-15-16-17,0.0168677,0.0197326
dense_20_4,5,1,1206,0.0212359,1542,100000,12-1-3-10-5-6-8-9-11-13-14-2-0-4-7-15-16-17-19-18,0.0124765,0.00875949
dense_20_12,2,0,1853,0.0140934,878,100000,11-1-12-2-3-4-6-14-18-19-15-13-7-8-9-5-10-16-17-0,0.00514531,0.00894812
dense_20_5,4,1,554,0.0190896,1161,100000,11-2-0-17-19-18-4-5-6-1-9-16-7-8-3-10-12-14-15-13,0.0108854,0.00820424
dense_20_10,3,0,9167,0.0185159,2008,100000,16-17-12-9-10-14-15-11-18-13-7-1-2-0-6-3-4-5-19-8,0.00859006,0.00992581
dense_20_7,2,1,0,0.00436274,77,0,10-7-8-9-11-12-13-14-15-16-17-18-19-0-1-2-3-4-5-6,0.00435076,1.1985e-05
dense_20_10,4,0,32738,0.0216213,829,100000,16-17-12-9-7-1-10-14-15-11-13-18-19-2-0-6-3-4-5-8,0.00645169,0.0151696
dense_20_6,3,1,3756,0.0323576,1175,100000,0-1-3-4-5-6-7-8-9-10-12-13-14-18-19-2-11-15-16-17,0.0129677,0.0193899
dense_20_9,5,0,1938,0.0181576,811,100000,1-6-11-3-16-17-19-18-0-7-9-10-12-4-13-5-2-14-15-8,0.00534119,0.0128164
dense_20_5,5,1,549,0.0149705,1195,100000,11-2-0-17-19-18-4-5-6-1-9-16-7-8-3-10-12-14-15-13,0.00685794,0.00811256
dense_20_13,2,0,1743,0.0179129,1389,100000,0-2-6-3-15-4-5-1-16-17-9-10-11-13-7-8-18-12-14-19,0.00820385,0.00970903
dense_20_6,4,1,3756,0.0328291,1175,100000,0-1-3-4-5-6-7-8-9-10-12-13-14-18-19-2-11-15-16-17,0.0147531,0.018076
dense_20_11,3,0,890,0.0234685,1805,100000,5-3-16-1-15-12-11-7-2-18-19-8-9-4-0-6-17-10-13-14,0.0128485,0.01062
dense_20_11,4,0,890,0.026564,1712,100000,5-3-16-1-15-12-11-2-7-18-19-8-9-4-0-6-17-10-13-14,0.015383,0.0111811
dense_20_8,2,1,10201,0.0250255,1118,100000,8-9-7-5-19-1-0-3-4-6-11-12-15-2-16-18-13-10-14-17,0.0136847,0.0113408
dense_20_7,3,1,0,0.00874055,150,0,10-7-14-16-19-17-0-1-2-3-4-5-6-8-9-11-12-13-15-18,0.00872736,1.3197e-05
dense_20_10,5,0,29724,0.0207729,2303,100000,17-16-12-14-15-9-10-18-7-1-2-0-6-13-19-11-3-4-5-8,0.00536654,0.0154064
dense_20_14,2,0,1975,0.00928811,396,100000,3-2-15-4-6-10-13-11-5-1-8-19-18-9-7-0-12-14-16-17,0.00212674,0.00716137
dense_20_6,5,1,5013,0.0411586,4820,100000,0-1-3-4-5-6-7-8-9-10-12-13-14-18-19-2-11-15-16-17,0.0254577,0.0157009
dense_20_7,4,1,0,0.00838772,20,0,10-0-1-2-3-4-5-6-7-8-9-11-12-13-14-15-16-19-17-18,0.00837945,8.269e-06
dense_20_12,3,0,1764,0.0172144,1294,100000,18-19-14-12-1-15-2-3-4-6-13-11-7-8-9-16-17-0-5-10,0.00776157,0.00945284
dense_20_9,2,1,1938,0.0251784,756,100000,1-6-11-3-16-17-19-18-0-7-9-10-12-4-13-5-2-14-15-8,0.0130956,0.0120828
dense_20_12,4,0,1513,0.0169196,1098,100000,11-1-12-2-3-4-6-14-18-19-15-13-5-7-8-9-16-17-0-10,0.00779713,0.00912248
dense_20_11,5,0,890,0.0154953,1715,100000,5-3-16-1-15-12-11-2-7-18-19-8-9-4-0-6-17-10-13-14,0.00830669,0.0071886
dense_20_8,3,1,48297,0.0614271,1863,100000,8-7-5-19-1-0-6-3-4-9-15-2-16-18-13-11-12-14-17-10,0.0120821,0.049345
dense_20_7,5,1,3858,0.0228116,484,100000,10-16-19-17-7-14-18-0-1-2-3-4-5-8-9-12-6-11-13-15,0.00807119,0.0147404
dense_20_15,2,0,1562,0.0290287,1486,100000,12-3-19-15-2-5-7-0-18-10-6-8-9-16-4-11-13-14-1-17,0.0201426,0.00888608
dense_20_8,4,1,10201,0.0252929,1261,100000,8-9-7-5-19-1-0-6-3-4-11-12-15-2-16-18-13-10-14-17,0.0141875,0.0111053
dense_20_13,4,0,1684,0.0149769,1632,100000,0-2-6-3-15-4-5-16-17-9-10-11-13-7-8-1-18-12-14-19,0.00754115,0.00743575
dense_20_13,3,0,1684,0.0180232,1634,100000,0-2-6-3-15-4-5-16-17-9-10-11-13-7-8-1-18-12-14-19,0.00802815,0.00999503
dense_20_10,2,1,13977,0.0217799,921,100000,16-17-12-9-7-10-14-15-11-13-18-19-1-2-0-6-3-4-5-8,0.00914381,0.012636
dense_20_12,5,0,1873,0.01284,1046,100000,18-19-14-11-1-2-3-4-6-15-12-13-7-8-9-16-17-0-5-10,0.00377324,0.00906678
dense_20_9,3,1,1938,0.0217832,796,100000,1-6-11-3-16-17-18-19-0-7-9-10-12-4-13-2-5-14-15-8,0.0115221,0.010261
dense_20_16,2,0,292,0.0171981,1677,100000,4-5-3-15-16-17-2-18-19-6-10-13-14-0-11-1-12-9-7-8,0.00945784,0.0077403
dense_20_8,5,1,48212,0.0471759,1527,100000,1-5-6-0-3-4-8-9-7-19-15-2-16-18-11-12-13-14-17-10,0.00726189,0.039914
dense_20_9,4,1,1938,0.0260557,756,100000,1-6-11-3-16-17-19-18-0-7-9-10-12-4-13-5-2-14-15-8,0.0131181,0.0129376
dense_20_14,3,0,1975,0.0160325,406,100000,3-2-15-4-6-10-13-11-5-1-8-19-18-9-7-0-12-14-16-17,0.00661715,0.00941536
dense_20_14,4,0,1975,0.0126749,406,100000,3-2-15-4-6-10-13-11-5-1-8-19-18-9-7-0-12-14-16-17,0.00633914,0.0063358
dense_20_11,2,1,890,0.0326385,1712,100000,5-3-16-1-15-12-11-2-7-18-19-8-9-4-0-6-17-10-13-14,0.0216653,0.0109733
dense_20_13,5,0,1683,0.0186635,2119,100000,0-6-3-15-4-5-16-17-9-10-11-13-7-8-18-2-1-12-14-19,0.00755952,0.011104
dense_20_10,3,1,9167,0.0209022,2008,100000,16-17-12-9-10-14-15-11-18-13-7-1-2-0-6-3-4-5-19-8,0.012075,0.00882726
dense_20_17,2,0,61084,0.0673728,2273,100000,6-13-14-15-8-10-1-17-18-16-19-7-9-12-3-4-5-11-2-0,0.0140751,0.0532977
dense_20_9,5,1,1938,0.0180366,811,100000,1-6-11-3-16-17-19-18-0-7-9-10-12-4-13-5-2-14-15-8,0.00531341,0.0127232
dense_20_14,5,0,1975,0.00733173,416,100000,3-2-15-4-6-10-13-11-5-1-8-19-18-9-7-0-12-14-16-17,0.0011934,0.00613833
dense_20_10,4,1,32738,0.0249824,829,100000,16-17-12-9-7-1-10-14-15-11-13-18-19-2-0-6-3-4-5-8,0.00975054,0.0152319
dense_20_15,3,0,910,0.0332056,1736,100000,12-3-15-2-5-7-19-0-18-10-6-8-9-16-14-4-11-13-17-1,0.0227957,0.0104098
dense_20_15,4,0,1562,0.0262791,1486,100000,12-3-19-15-2-5-7-0-18-10-6-8-9-16-4-11-13-14-1-17,0.0170222,0.00925689
dense_20_12,2,1,1853,0.016166,878,100000,11-1-12-2-3-4-6-14-18-19-15-13-7-8-9-5-10-16-17-0,0.00958173,0.00658427
dense_20_11,3,1,890,0.0275547,1805,100000,5-3-16-1-15-12-11-7-2-18-19-8-9-4-0-6-17-10-13-14,0.0166676,0.0108871
dense_20_18,2,0,5881,0.0201958,292,100000,9-2-0-5-6-8-1-4-7-18-3-19-10-11-12-13-15-16-14-17,0.00693427,0.0132615
dense_20_10,5,1,29724,0.0204592,2303,100000,17-16-12-14-15-9-10-18-7-1-2-0-6-13-19-11-3-4-5-8,0.00623976,0.0142195
dense_20_15,5,0,1562,0.0259231,1487,100000,12-3-19-15-2-5-7-0-18-10-6-8-9-16-4-11-13-14-1-17,0.0168874,0.00903577
dense_20_11,4,1,890,0.0312179,1712,100000,5-3-16-1-15-12-11-2-7-18-19-8-9-4-0-6-17-10-13-14,0.0202608,0.0109571
dense_20_16,4,0,292,0.0143313,2108,100000,4-5-3-15-16-17-18-19-6-2-10-0-13-14-11-1-12-9-7-8,0.00886243,0.00546888
dense_20_16,3,0,292,0.0220925,3057,100000,4-5-16-15-19-2-10-18-17-0-13-14-11-3-1-12-9-6-7-8,0.014011,0.00808145
dense_20_13,2,1,1743,0.0236545,1389,100000,0-2-6-3-15-4-5-1-16-17-9-10-11-13-7-8-18-12-14-19,0.0129951,0.0106594
dense_20_11,5,1,890,0.0187746,1715,100000,5-3-16-1-15-12-11-2-7-18-19-8-9-4-0-6-17-10-13-14,0.011769,0.00700569
dense_20_19,2,0,883,0.0285362,2275,100000,16-17-18-1-15-9-5-3-14-19-4-10-2-6-11-13-0-7-8-12,0.0211833,0.00735282
dense_20_12,3,1,1764,0.0209452,1294,100000,18-19-14-12-1-15-2-3-4-6-13-11-7-8-9-16-17-0-5-10,0.0113622,0.00958305
dense_20_16,5,0,292,0.0141081,1708,100000,4-5-3-15-2-16-17-6-10-18-19-13-14-0-11-1-12-9-7-8,0.00632867,0.00777945
dense_20_12,4,1,1513,0.0231297,1098,100000,11-1-12-2-3-4-6-14-18-19-15-13-5-7-8-9-16-17-0-10,0.0130714,0.0100582
dense_20_17,4,0,61084,0.0662676,2277,100000,6-13-14-15-8-10-1-17-18-16-19-7-9-12-3-4-5-11-2-0,0.0122629,0.0540047
dense_20_14,2,1,1975,0.0165809,396,100000,3-2-15-4-6-10-13-11-5-1-8-19-18-9-7-0-12-14-16-17,0.00749106,0.00908983
dense_20_17,3,0,61084,0.0762431,2295,100000,6-13-14-15-8-10-1-17-18-16-19-7-9-12-3-4-5-11-2-0,0.0188563,0.0573867
dense_20_12,5,1,1873,0.0165553,1046,100000,18-19-14-11-1-2-3-4-6-15-12-13-7-8-9-16-17-0-5-10,0.00727933,0.00927597
dense_20_20,2,0,522,0.0177284,2949,100000,10-11-9-14-13-6-7-8-12-17-15-16-18-5-2-1-3-4-0-19,0.00937653,0.00835183
dense_20_17,5,0,293,0.0147641,4111,100000,6-13-14-15-8-10-1-17-18-7-9-12-16-19-11-2-0-3-4-5,0.00940204,0.00536205
dense_20_13,3,1,1684,0.0194027,1634,100000,0-2-6-3-15-4-5-16-17-9-10-11-13-7-8-1-18-12-14-19,0.0106143,0.00878847
dense_20_13,4,1,1684,0.0225298,1632,100000,0-2-6-3-15-4-5-16-17-9-10-11-13-7-8-1-18-12-14-19,0.0138402,0.00868965
dense_20_18,4,0,6047,0.0178561,381,100000,9-2-0-1-5-6-8-4-7-18-3-19-10-11-12-13-15-16-14-17,0.00579557,0.0120606
dense_20_18,3,0,6048,0.0171707,384,100000,9-2-0-1-5-6-8-4-7-18-3-19-10-11-12-13-15-16-14-17,0.00557654,0.0115941
dense_20_15,2,1,1562,0.0320022,1486,100000,12-3-19-15-2-5-7-0-18-10-6-8-9-16-4-11-13-14-1-17,0.0239763,0.00802586
dense_20_13,5,1,1683,0.0221252,2119,100000,0-6-3-15-4-5-16-17-9-10-11-13-7-8-18-2-1-12-14-19,0.0118468,0.0102785
dense_20_21,2,0,3647,0.0139116,374,100000,14-16-17-18-11-19-3-0-2-12-13-5-1-6-10-7-8-9-15-4,0.0029165,0.0109951
dense_20_14,3,1,1975,0.0182093,406,100000,3-2-15-4-6-10-13-11-5-1-8-19-18-9-7-0-12-14-16-17,0.010143,0.0080663
dense_20_18,5,0,229131,0.0709624,480,100000,9-2-0-1-5-6-18-4-7-19-8-3-10-11-12-13-15-16-14-17,0.00163253,0.0693298
dense_20_14,4,1,1975,0.017864,406,100000,3-2-15-4-6-10-13-11-5-1-8-19-18-9-7-0-12-14-16-17,0.0087056,0.00915839
dense_20_19,4,0,883,0.0334411,2290,100000,16-17-18-1-15-9-5-3-14-19-4-10-2-6-11-13-0-7-8-12,0.022412,0.0110291
dense_20_19,3,0,883,0.0268093,2305,100000,18-17-1-16-15-9-5-3-14-19-4-10-2-6-11-13-0-7-8-12,0.016175,0.0106343
dense_20_14,5,1,1975,0.0135488,416,100000,3-2-15-4-6-10-13-11-5-1-8-19-18-9-7-0-12-14-16-17,0.00457796,0.00897083
dense_20_16,2,1,292,0.0229565,1677,100000,4-5-3-15-16-17-2-18-19-6-10-13-14-0-11-1-12-9-7-8,0.0148975,0.00805901
dense_20_22,2,0,3403,0.0307026,1485,100000,5-3-4-2-9-19-6-0-7-8-10-11-12-13-14-15-1-16-17-18,0.0141992,0.0165033
dense_20_15,3,1,910,0.0294786,1736,100000,12-3-15-2-5-7-19-0-18-10-6-8-9-16-14-4-11-13-17-1,0.0178308,0.0116478
dense_20_19,5,0,883,0.0314267,2275,100000,16-17-18-1-15-9-5-3-14-19-4-10-2-6-11-13-0-7-8-12,0.0202064,0.0112202
dense_20_15,4,1,1562,0.0316943,1486,100000,12-3-19-15-2-5-7-0-18-10-6-8-9-16-4-11-13-14-1-17,0.0216727,0.0100217
dense_20_23,2,0,6323,0.0121315,1112,100000,11-5-7-0-15-16-17-6-8-9-13-14-1-2-10-12-3-18-19-4,0.00486357,0.00726794
dense_20_15,5,1,1562,0.0266787,1487,100000,12-3-19-15-2-5-7-0-18-10-6-8-9-16-4-11-13-14-1-17,0.0177795,0.00889912
dense_20_20,5,0,522,0.0147477,3834,100000,10-11-13-9-14-6-7-8-12-17-18-15-16-5-2-1-3-4-0-19,0.00707007,0.00767759
dense_20_17,2,1,61084,0.0696747,2273,100000,6-13-14-15-8-10-1-17-18-16-19-7-9-12-3-4-5-11-2-0,0.0156912,0.0539835
dense_20_16,3,1,292,0.0205815,3057,100000,4-5-16-15-19-2-10-18-17-0-13-14-11-3-1-12-9-6-7-8,0.0127441,0.00783741
dense_20_24,2,0,12572,0.0213042,1453,100000,3-0-5-1-2-9-7-4-6-8-11-15-19-14-16-12-18-17-10-13,0.00720011,0.0141041
dense_20_16,4,1,292,0.0230252,2108,100000,4-5-3-15-16-17-18-19-6-2-10-0-13-14-11-1-12-9-7-8,0.0151055,0.00791973
dense_20_16,5,1,292,0.0126118,1708,100000,4-5-3-15-2-16-17-6-10-18-19-13-14-0-11-1-12-9-7-8,0.00694775,0.00566409
dense_20_18,2,1,5881,0.0253651,292,100000,9-2-0-5-6-8-1-4-7-18-3-19-10-11-12-13-15-16-14-17,0.0126072,0.0127579
dense_20_17,3,1,61084,0.0658379,2295,100000,6-13-14-15-8-10-1-17-18-16-19-7-9-12-3-4-5-11-2-0,0.0138689,0.0519689
dense_20_21,5,0,352208,0.0820465,646,100000,17-14-11-3-0-2-5-16-18-19-1-6-10-7-8-9-15-12-13-4,0.00192643,0.0801201
dense_20_25,2,0,1570,0.0173852,1063,100000,0-1-12-13-9-10-14-16-15-8-2-19-3-4-7-5-6-17-18-11,0.00745295,0.00993225
dense_20_20,3,0,522,0.0178721,3242,100000,10-11-9-14-6-7-8-13-12-17-15-16-18-5-2-1-3-4-0-19,0.0101867,0.00768544
dense_20_17,5,1,293,0.0243878,4111,100000,6-13-14-15-8-10-1-17-18-7-9-12-16-19-11-2-0-3-4-5,0.0162234,0.00816447
dense_20_17,4,1,61084,0.0594701,2277,100000,6-13-14-15-8-10-1-17-18-16-19-7-9-12-3-4-5-11-2-0,0.0154308,0.0440393
dense_20_20,4,0,522,0.018549,3211,100000,10-11-9-14-13-6-7-8-12-17-15-16-18-5-2-1-3-4-0-19,0.0108408,0.0077082
dense_20_19,2,1,883,0.0482999,2275,100000,16-17-18-1-15-9-5-3-14-19-4-10-2-6-11-13-0-7-8-12,0.0369513,0.0113486
dense_20_18,3,1,6048,0.0206008,384,100000,9-2-0-1-5-6-8-4-7-18-3-19-10-11-12-13-15-16-14-17,0.00822473,0.0123761
dense_20_22,5,0,3403,0.0282786,1848,100000,4-5-3-9-19-2-0-6-7-8-10-11-12-13-14-15-1-16-17-18,0.0119507,0.0163279
dense_20_26,2,0,735,0.0461068,3192,100000,0-4-3-8-10-15-18-1-2-5-12-14-6-7-9-13-17-16-11-19,0.0374593,0.00864745
dense_20_21,3,0,143547,0.0298184,559,100000,14-3-0-2-11-5-1-6-10-7-8-9-15-12-13-4-16-18-19-17,0.00634716,0.0234713
dense_20_18,4,1,6047,0.0226427,381,100000,9-2-0-1-5-6-8-4-7-18-3-19-10-11-12-13-15-16-14-17,0.0109624,0.0116803
dense_20_21,4,0,3654,0.0180217,450,100000,14-3-0-2-11-12-13-17-16-18-19-5-1-6-10-7-8-9-15-4,0.00677566,0.011246
dense_20_18,5,1,229131,0.0814578,479,100000,9-2-0-1-5-6-18-4-7-19-8-3-10-11-12-13-15-16-14-17,0.00496229,0.0764955
dense_20_20,2,1,522,0.0219955,2949,100000,10-11-9-14-13-6-7-8-12-17-15-16-18-5-2-1-3-4-0-19,0.0142802,0.00771524
dense_20_19,3,1,883,0.0306368,2305,100000,18-17-1-16-15-9-5-3-14-19-4-10-2-6-11-13-0-7-8-12,0.0195948,0.011042
dense_20_23,5,0,6323,0.0158613,1134,100000,11-5-7-0-15-16-17-6-8-9-13-14-1-2-10-12-3-18-19-4,0.00475748,0.0111038
dense_20_27,2,0,0,0.00451351,0,0,0-1-2-3-4-5-6-12-14-15-7-8-9-13-11-10-16-17-18-19,0.00450304,1.0464e-05
dense_20_22,3,0,3410,0.026832,1797,100000,5-3-4-9-19-2-0-6-7-8-10-11-12-13-14-15-1-16-17-18,0.0116071,0.015225
dense_20_22,4,0,3403,0.0245129,1756,100000,3-5-4-2-9-19-0-6-7-8-10-11-12-13-14-15-1-16-17-18,0.0138658,0.0106471
dense_20_19,4,1,883,0.0370613,2290,100000,16-17-18-1-15-9-5-3-14-19-4-10-2-6-11-13-0-7-8-12,0.0260489,0.0110124
dense_20_24,5,0,20290,0.0189372,1880,100000,0-5-3-7-1-2-9-6-8-4-11-15-19-14-16-12-18-17-10-13,0.00421713,0.0147201
dense_20_19,5,1,883,0.0372949,2275,100000,16-17-18-1-15-9-5-3-14-19-4-10-2-6-11-13-0-7-8-12,0.0253293,0.0119657
dense_20_21,2,1,3647,0.0217427,374,100000,14-16-17-18-11-19-3-0-2-12-13-5-1-6-10-7-8-9-15-4,0.0105206,0.011222
dense_20_28,2,0,28282,0.0212602,1683,100000,2-4-5-6-10-15-1-7-9-3-0-11-12-13-14-8-16-18-17-19,0.0112441,0.0100161
dense_20_23,3,0,2192,0.0177815,1597,100000,11-5-7-0-15-16-17-6-1-8-9-13-14-3-18-19-2-10-12-4,0.00843963,0.0093419
dense_20_23,4,0,6323,0.0185951,1165,100000,11-5-7-0-15-16-17-6-8-9-13-14-1-2-10-12-3-18-19-4,0.00743567,0.0111594
dense_20_20,5,1,522,0.0186094,3834,100000,10-11-13-9-14-6-7-8-12-17-18-15-16-5-2-1-3-4-0-19,0.0102497,0.00835966
dense_20_29,2,0,897,0.0255568,3267,100000,12-18-3-15-7-6-13-10-11-14-8-9-16-19-0-2-17-1-4-5,0.0175266,0.00803015
dense_20_22,2,1,3403,0.0361559,1485,100000,5-3-4-2-9-19-6-0-7-8-10-11-12-13-14-15-1-16-17-18,0.0200838,0.0160721
dense_20_24,3,0,59185,0.0490803,2386,100000,0-3-5-7-9-1-2-6-8-11-4-15-19-14-16-12-17-18-10-13,0.00808152,0.0409988
dense_20_24,4,0,5286,0.0189942,1816,100000,0-5-3-7-1-2-9-6-8-4-11-15-19-14-16-12-18-17-13-10,0.00753825,0.0114559
dense_20_23,2,1,6323,0.0221468,1112,100000,11-5-7-0-15-16-17-6-8-9-13-14-1-2-10-12-3-18-19-4,0.011012,0.0111348
dense_20_30,2,0,0,0.000389448,0,0,1-4-5-6-7-8-0-2-3-9-10-12-13-11-14-15-19-16-17-18,0.000382927,6.521e-06
dense_20_21,5,1,352208,0.0857388,640,100000,17-14-11-3-0-2-5-16-18-19-1-6-10-7-8-9-15-12-13-4,0.00527496,0.0804639
dense_20_25,3,0,1655,0.0197858,1312,100000,0-1-12-13-9-10-14-16-8-2-19-3-4-7-17-18-5-6-15-11,0.00704994,0.0127358
dense_20_20,3,1,522,0.0199176,3241,100000,10-11-9-14-6-7-8-13-12-17-15-16-18-5-2-1-3-4-0-19,0.0121854,0.0077322
dense_20_25,4,0,1570,0.0162994,1106,100000,0-1-12-13-9-10-14-16-15-8-2-19-3-4-7-5-6-17-18-11,0.00674701,0.00955238
dense_20_31,2,0,8298,0.0201854,1155,100000,3-0-1-18-19-5-6-7-8-9-10-2-4-11-13-16-17-12-14-15,0.00527506,0.0149103
dense_20_24,2,1,12572,0.0271034,1453,100000,3-0-5-1-2-9-7-4-6-8-11-15-19-14-16-12-18-17-10-13,0.0123463,0.0147571
dense_20_20,4,1,522,0.0220742,3211,100000,10-11-9-14-13-6-7-8-12-17-15-16-18-5-2-1-3-4-0-19,0.0144032,0.00767103
dense_20_22,5,1,3403,0.0330808,1848,100000,4-5-3-9-19-2-0-6-7-8-10-11-12-13-14-15-1-16-17-18,0.015273,0.0178078
dense_20_26,3,0,735,0.0366062,3389,100000,0-4-3-8-10-15-18-1-2-5-12-14-6-7-9-13-17-16-11-19,0.0270195,0.00958678
dense_20_21,3,1,143547,0.0324327,557,100000,14-3-0-2-11-5-1-6-10-7-8-9-15-12-13-4-16-18-19-17,0.00899773,0.0234349
dense_20_26,4,0,735,0.0437543,3201,100000,0-4-3-8-10-15-18-1-2-5-12-14-6-7-9-13-17-16-11-19,0.0340538,0.00970047
dense_20_32,2,0,3012,0.0234477,887,100000,2-11-13-0-1-5-9-3-4-6-19-7-12-8-10-14-15-16-17-18,0.00848665,0.0149611
dense_20_25,2,1,1570,0.016865,1063,100000,0-1-12-13-9-10-14-16-15-8-2-19-3-4-7-5-6-17-18-11,0.0105313,0.0063337
dense_20_23,5,1,6323,0.0184655,1134,100000,11-5-7-0-15-16-17-6-8-9-13-14-1-2-10-12-3-18-19-4,0.00739206,0.0110734
dense_20_21,4,1,3654,0.0213754,448,100000,14-3-0-2-11-12-13-17-16-18-19-5-1-6-10-7-8-9-15-4,0.00886542,0.01251
dense_20_27,3,0,0,0.00718232,610,0,14-11-16-17-18-19-13-7-8-0-1-3-4-5-6-15-2-12-10-9,0.00717316,9.163e-06
dense_20_22,3,1,3410,0.0324685,1797,100000,5-3-4-9-19-2-0-6-7-8-10-11-12-13-14-15-1-16-17-18,0.0168796,0.0155889
dense_20_27,4,0,0,0.00732903,0,0,0-1-2-3-4-5-6-12-14-15-7-8-9-13-11-10-16-17-18-19,0.00731798,1.1049e-05
dense_20_33,2,0,2522,0.0240496,1571,100000,5-18-0-1-14-19-17-15-16-11-4-7-9-10-12-6-3-2-8-13,0.0104061,0.0136435
dense_20_24,5,1,20290,0.023362,1880,100000,0-5-3-7-1-2-9-6-8-4-11-15-19-14-16-12-18-17-10-13,0.00756701,0.015795
dense_20_26,2,1,735,0.0574046,3192,100000,0-4-3-8-10-15-18-1-2-5-12-14-6-7-9-13-17-16-11-19,0.0485363,0.00886824
dense_20_22,4,1,3403,0.0357495,1756,100000,3-5-4-2-9-19-0-6-7-8-10-11-12-13-14-15-1-16-17-18,0.0183051,0.0174444
dense_20_23,3,1,2192,0.0215793,1597,100000,11-5-7-0-15-16-17-6-1-8-9-13-14-3-18-19-2-10-12-4,0.0123448,0.00923448
dense_20_28,4,0,25029,0.0278879,3033,100000,2-4-5-6-10-15-7-9-1-0-11-16-18-17-3-8-12-13-14-19,0.0146459,0.013242
dense_20_34,2,0,2195,0.0227059,1127,100000,11-3-13-4-7-8-9-12-15-17-0-1-14-10-2-16-18-19-5-6,0.00924002,0.0134659
dense_20_23,4,1,6323,0.0250071,1165,100000,11-5-7-0-15-16-17-6-8-9-13-14-1-2-10-12-3-18-19-4,0.0124615,0.0125456
dense_20_27,2,1,0,0.00932734,0,0,0-1-2-3-4-5-6-12-14-15-7-8-9-13-11-10-16-17-18-19,0.00931921,8.129e-06
dense_20_35,2,0,0,0.00349449,0,0,4-5-3-8-9-10-11-12-13-14-0-2-6-1-7-16-17-15-18-19,0.00348712,7.371e-06
dense_20_29,4,0,897,0.0242816,3295,100000,12-18-3-15-7-6-13-10-11-14-8-9-16-19-0-2-17-1-4-5,0.0153987,0.00888289
dense_20_24,3,1,59185,0.0514247,2386,100000,0-3-5-7-9-1-2-6-8-11-4-15-19-14-16-12-17-18-10-13,0.0116806,0.0397442
dense_20_28,2,1,28282,0.0283946,1683,100000,2-4-5-6-10-15-1-7-9-3-0-11-12-13-14-8-16-18-17-19,0.0173673,0.0110274
dense_20_24,4,1,5286,0.0262094,1816,100000,0-5-3-7-1-2-9-6-8-4-11-15-19-14-16-12-18-17-13-10,0.0133973,0.0128121
dense_20_30,4,0,0,0.00625681,0,0,1-4-5-6-7-8-0-2-3-9-10-12-13-11-14-15-19-16-17-18,0.00624742,9.387e-06
dense_20_36,2,0,952,0.0527057,3750,100000,0-9-4-6-2-18-1-10-11-12-14-15-16-17-19-3-5-7-8-13,0.0411173,0.0115884
dense_20_25,3,1,1655,0.0183948,1312,100000,0-1-12-13-9-10-14-16-8-2-19-3-4-7-17-18-5-6-15-11,0.00935693,0.00903787
dense_20_25,5,0,2888380,1.59609,1420,100000,1-0-9-10-12-13-8-14-16-2-19-3-4-7-5-6-17-18-15-11,0.00688764,1.5892
dense_20_25,4,1,1570,0.0208402,1106,100000,0-1-12-13-9-10-14-16-15-8-2-19-3-4-7-5-6-17-18-11,0.0100909,0.0107493
dense_20_29,2,1,897,0.0303316,3267,100000,12-18-3-15-7-6-13-10-11-14-8-9-16-19-0-2-17-1-4-5,0.0225622,0.00776938
dense_20_31,4,0,8298,0.023024,1173,100000,3-0-1-18-19-5-6-7-8-9-10-2-4-11-13-16-17-12-14-15,0.00797211,0.0150519
dense_20_37,2,0,2062,0.0145934,1074,100000,19-16-5-8-6-9-12-3-11-15-10-13-2-4-7-14-0-1-17-18,0.00573516,0.00885827
dense_20_26,3,1,735,0.0364769,3389,100000,0-4-3-8-10-15-18-1-2-5-12-14-6-7-9-13-17-16-11-19,0.0277991,0.00867777
dense_20_26,5,0,735,0.0391871,3285,100000,0-4-3-8-10-15-18-1-2-5-12-14-6-7-9-13-17-16-11-19,0.0295796,0.0096075
dense_20_30,2,1,0,0.0024347,0,0,1-4-5-6-7-8-0-2-3-9-10-12-13-11-14-15-19-16-17-18,0.0024235,1.1207e-05
dense_20_26,4,1,735,0.0453925,3201,100000,0-4-3-8-10-15-18-1-2-5-12-14-6-7-9-13-17-16-11-19,0.0365501,0.00884238
dense_20_32,4,0,3012,0.0239869,898,100000,2-11-13-0-1-5-9-3-4-19-6-7-12-8-10-14-15-16-17-18,0.00956306,0.0144239
dense_20_38,2,0,1239,0.0176051,1950,100000,6-0-1-3-2-8-4-11-13-16-5-9-10-12-17-7-14-19-15-18,0.0092504,0.00835467
dense_20_27,3,1,0,0.00991853,610,0,14-11-16-17-18-19-13-7-8-0-1-3-4-5-6-15-2-12-10-9,0.00990827,1.0262e-05
dense_20_27,5,0,1919,0.0133315,750,100000,13-7-8-0-10-11-16-17-1-2-3-4-5-6-12-14-15-9-18-19,0.00444995,0.00888155
dense_20_31,2,1,8298,0.0274332,1155,100000,3-0-1-18-19-5-6-7-8-9-10-2-4-11-13-16-17-12-14-15,0.0115655,0.0158677
dense_20_33,4,0,2522,0.0221764,1682,100000,5-18-0-1-14-19-17-15-16-11-4-7-9-10-12-6-3-2-8-13,0.0101492,0.0120272
dense_20_27,4,1,0,0.0100802,0,0,0-1-2-3-4-5-6-12-14-15-7-8-9-13-11-10-16-17-18-19,0.0100691,1.1093e-05
dense_20_39,2,0,811,0.0713174,3722,100000,16-1-19-17-18-6-12-15-0-2-7-8-9-13-14-5-10-11-3-4,0.0566368,0.0146806
dense_20_32,2,1,3012,0.0277287,887,100000,2-11-13-0-1-5-9-3-4-6-19-7-12-8-10-14-15-16-17-18,0.0126241,0.0151046
dense_20_34,4,0,2195,0.0273109,1127,100000,11-3-13-4-7-8-9-12-15-17-0-1-14-10-2-16-18-19-5-6,0.0118365,0.0154743
dense_20_28,4,1,25029,0.0320635,3033,100000,2-4-5-6-10-15-7-9-1-0-11-16-18-17-3-8-12-13-14-19,0.0176167,0.0144468
dense_20_40,2,0,3386,0.0212444,799,100000,11-0-12-13-14-15-18-19-2-4-5-8-10-1-6-7-9-3-16-17,0.00843562,0.0128088
dense_20_25,5,1,2888380,1.27846,1420,100000,1-0-9-10-12-13-8-14-16-2-19-3-4-7-5-6-17-18-15-11,0.00792399,1.27054
dense_20_33,2,1,2522,0.0264381,1571,100000,5-18-0-1-14-19-17-15-16-11-4-7-9-10-12-6-3-2-8-13,0.0139668,0.0124713
dense_20_35,4,0,6,0.0109991,1213,0,3-8-11-12-13-14-4-9-10-17-5-2-1-7-15-18-0-6-19-16,0.010979,2.016e-05
dense_20_29,4,1,897,0.0280575,3295,100000,12-18-3-15-7-6-13-10-11-14-8-9-16-19-0-2-17-1-4-5,0.0201277,0.00792981
dense_20_41,2,0,806,0.0163704,1048,100000,17-10-1-3-6-7-4-8-16-9-18-19-0-2-5-11-14-15-12-13,0.0063893,0.00998106
dense_20_26,5,1,735,0.0580205,3285,100000,0-4-3-8-10-15-18-1-2-5-12-14-6-7-9-13-17-16-11-19,0.0491562,0.00886438
dense_20_34,2,1,2195,0.0300223,1127,100000,11-3-13-4-7-8-9-12-15-17-0-1-14-10-2-16-18-19-5-6,0.0151094,0.0149129
dense_20_30,4,1,0,0.00933081,0,0,1-4-5-6-7-8-0-2-3-9-10-12-13-11-14-15-19-16-17-18,0.00932264,8.172e-06
dense_20_36,4,0,952,0.0467541,3972,100000,0-9-4-6-2-18-1-10-11-12-14-15-16-17-19-7-3-5-8-13,0.0351308,0.0116233
dense_20_42,2,0,465,0.0353728,3642,100000,0-2-9-8-7-16-17-10-13-14-15-3-4-5-19-6-11-12-18-1,0.0279072,0.00746563
dense_20_27,5,1,1919,0.0131137,750,100000,13-7-8-0-10-11-16-17-1-2-3-4-5-6-12-14-15-9-18-19,0.00726284,0.00585086
dense_20_35,2,1,0,0.00853858,0,0,4-5-3-8-9-10-11-12-13-14-0-2-6-1-7-16-17-15-18-19,0.00853,8.583e-06
dense_20_31,4,1,8298,0.0270733,1173,100000,3-0-1-18-19-5-6-7-8-9-10-2-4-11-13-16-17-12-14-15,0.0118231,0.0152502
dense_20_37,4,0,2062,0.0182578,1074,100000,19-16-5-8-6-9-12-3-11-15-10-13-2-4-7-14-0-1-17-18,0.00856992,0.00968787
dense_20_36,2,1,952,0.062108,3750,100000,0-9-4-6-2-18-1-10-11-12-14-15-16-17-19-3-5-7-8-13,0.0495983,0.0125097
dense_20_38,4,0,1284,0.0151123,2423,100000,6-0-1-3-8-2-4-11-13-16-17-5-9-10-12-7-14-19-15-18,0.00941681,0.00569552
dense_20_32,4,1,3012,0.0297876,898,100000,2-11-13-0-1-5-9-3-4-19-6-7-12-8-10-14-15-16-17-18,0.01342,0.0163675
dense_20_28,3,0,5179625,2.34042,3615,100000,2-4-5-6-10-7-9-1-0-11-15-16-18-17-3-8-12-13-14-19,0.0144226,2.326
dense_20_33,4,1,2522,0.0196643,1682,100000,5-18-0-1-14-19-17-15-16-11-4-7-9-10-12-6-3-2-8-13,0.011408,0.00825635
dense_20_37,2,1,2062,0.0190851,1074,100000,19-16-5-8-6-9-12-3-11-15-10-13-2-4-7-14-0-1-17-18,0.0100661,0.00901898
dense_20_39,4,0,811,0.0508749,3726,100000,16-1-19-17-18-6-12-15-0-2-7-8-9-13-14-5-10-11-3-4,0.0370992,0.0137757
dense_20_29,3,0,893,0.0278462,3323,100000,12-18-3-15-7-6-13-10-11-14-9-8-0-16-19-2-17-1-4-5,0.0189823,0.00886393
dense_20_34,4,1,2195,0.0290579,1127,100000,11-3-13-4-7-8-9-12-15-17-0-1-14-10-2-16-18-19-5-6,0.0138863,0.0151716
dense_20_38,2,1,1239,0.0214749,1950,100000,6-0-1-3-2-8-4-11-13-16-5-9-10-12-17-7-14-19-15-18,0.0131191,0.00835584
dense_20_40,4,0,3386,0.0236917,894,100000,11-4-12-13-14-15-18-19-5-8-10-1-6-7-9-0-2-3-16-17,0.0102627,0.013429
dense_20_30,3,0,0,0.00651316,256,0,6-7-0-2-9-10-12-13-4-1-5-8-3-19-11-14-15-16-17-18,0.00649935,1.3808e-05
dense_20_35,4,1,6,0.0152064,1213,0,3-8-11-12-13-14-4-9-10-17-5-2-1-7-15-18-0-6-19-16,0.0151921,1.4267e-05
dense_20_41,4,0,806,0.0175149,1067,100000,17-10-1-3-6-7-4-8-16-9-18-0-2-19-5-11-14-15-12-13,0.00823942,0.00927548
dense_20_39,2,1,811,0.0640842,3722,100000,16-1-19-17-18-6-12-15-0-2-7-8-9-13-14-5-10-11-3-4,0.0513197,0.0127644
dense_20_31,3,0,8298,0.0249543,1318,100000,3-0-4-1-18-19-5-6-7-8-9-10-2-11-13-16-17-14-12-15,0.00810906,0.0168452
dense_20_36,4,1,952,0.0399254,3972,100000,0-9-4-6-2-18-1-10-11-12-14-15-16-17-19-7-3-5-8-13,0.0325202,0.00740516
dense_20_42,4,0,465,0.0294025,3642,100000,0-2-9-8-7-16-17-10-13-14-15-3-4-5-19-6-11-12-18-1,0.0217258,0.00767668
dense_20_40,2,1,3386,0.0281052,799,100000,11-0-12-13-14-15-18-19-2-4-5-8-10-1-6-7-9-3-16-17,0.0134929,0.0146123
dense_20_32,3,0,2977,0.0256739,1024,100000,2-11-0-1-5-9-19-3-4-6-8-7-12-10-14-15-16-17-13-18,0.0099228,0.0157511
dense_20_28,3,1,5179625,2.09256,3615,100000,2-4-5-6-10-7-9-1-0-11-15-16-18-17-3-8-12-13-14-19,0.0178355,2.07473
dense_20_37,4,1,2062,0.0202245,1074,100000,19-16-5-8-6-9-12-3-11-15-10-13-2-4-7-14-0-1-17-18,0.010513,0.00971151
dense_20_33,3,0,2523,0.0206078,1749,100000,5-18-0-1-14-19-17-16-15-11-4-7-9-10-12-6-3-2-8-13,0.00863305,0.0119747
dense_20_41,2,1,806,0.0193988,1048,100000,17-10-1-3-6-7-4-8-16-9-18-19-0-2-5-11-14-15-12-13,0.0101259,0.00927294
dense_20_29,3,1,893,0.027328,3323,100000,12-18-3-15-7-6-13-10-11-14-9-8-0-16-19-2-17-1-4-5,0.01838,0.008948
dense_20_38,4,1,1284,0.021852,2423,100000,6-0-1-3-8-2-4-11-13-16-17-5-9-10-12-7-14-19-15-18,0.0133727,0.00847926
dense_20_42,2,1,465,0.0456115,3642,100000,0-2-9-8-7-16-17-10-13-14-15-3-4-5-19-6-11-12-18-1,0.037172,0.00843952
dense_20_34,3,0,2195,0.0236373,1399,100000,11-3-13-4-7-8-9-12-15-17-0-1-14-10-2-16-18-19-5-6,0.00938537,0.014252
dense_20_30,3,1,0,0.0100764,256,0,6-7-0-2-9-10-12-13-4-1-5-8-3-19-11-14-15-16-17-18,0.0100642,1.2222e-05
dense_20_39,4,1,811,0.0559982,3726,100000,16-1-19-17-18-6-12-15-0-2-7-8-9-13-14-5-10-11-3-4,0.0422851,0.0137132
dense_20_35,3,0,6,0.00782803,1331,0,3-8-11-12-13-14-4-9-10-5-17-2-1-7-15-18-6-19-0-16,0.00781126,1.6772e-05
dense_20_31,3,1,8298,0.0278546,1318,100000,3-0-4-1-18-19-5-6-7-8-9-10-2-11-13-16-17-14-12-15,0.0108163,0.0170383
dense_20_40,4,1,3386,0.0239416,894,100000,11-4-12-13-14-15-18-19-5-8-10-1-6-7-9-0-2-3-16-17,0.0127223,0.0112193
dense_20_36,3,0,952,0.0393103,4036,100000,0-9-4-6-2-18-1-10-11-12-14-15-16-17-19-7-3-5-8-13,0.0274594,0.0118509
dense_20_32,3,1,2977,0.0313399,1024,100000,2-11-0-1-5-9-19-3-4-6-8-7-12-10-14-15-16-17-13-18,0.0158388,0.0155011
dense_20_41,4,1,806,0.0215176,1067,100000,17-10-1-3-6-7-4-8-16-9-18-0-2-19-5-11-14-15-12-13,0.0115814,0.00993622
dense_20_37,3,0,2062,0.0147192,1077,100000,19-16-5-8-6-9-12-3-11-15-10-13-4-2-7-14-0-1-17-18,0.00674183,0.00797736
dense_20_33,3,1,2523,0.0259566,1749,100000,5-18-0-1-14-19-17-16-15-11-4-7-9-10-12-6-3-2-8-13,0.0118075,0.0141491
dense_20_38,3,0,1284,0.0175568,2439,100000,6-0-1-3-8-2-4-16-11-13-17-5-9-10-12-7-14-19-15-18,0.0082112,0.00934557
dense_20_42,4,1,465,0.0351716,3642,100000,0-2-9-8-7-16-17-10-13-14-15-3-4-5-19-6-11-12-18-1,0.0266753,0.00849628
dense_20_34,3,1,2195,0.0288227,1399,100000,11-3-13-4-7-8-9-12-15-17-0-1-14-10-2-16-18-19-5-6,0.012985,0.0158378
dense_20_43,2,0,2517,0.0145203,756,100000,15-16-17-18-9-19-2-4-1-3-6-14-10-11-0-5-7-8-12-13,0.00458396,0.00993631
dense_20_39,3,0,811,0.0450758,3741,100000,16-1-17-18-19-6-12-15-0-2-7-8-9-13-14-5-3-10-11-4,0.0310825,0.0139933
dense_20_35,3,1,6,0.0107436,1331,0,3-8-11-12-13-14-4-9-10-5-17-2-1-7-15-18-6-19-0-16,0.0107274,1.6191e-05
dense_20_44,2,0,152,0.046396,4209,100000,3-2-9-7-4-10-18-0-8-5-6-12-14-15-16-1-11-13-17-19,0.0389397,0.00745625
dense_20_40,3,0,36666,0.0471215,1083,100000,11-4-12-13-14-15-18-19-5-8-10-1-6-7-9-2-0-16-17-3,0.00883711,0.0382844
dense_20_45,2,0,0,0.00366201,1308,0,18-16-15-14-17-19-11-1-4-7-8-9-13-12-10-0-2-5-6-3,0.00365087,1.1147e-05
dense_20_36,3,1,952,0.0456335,4036,100000,0-9-4-6-2-18-1-10-11-12-14-15-16-17-19-7-3-5-8-13,0.0330984,0.0125351
dense_20_46,2,0,0,0.00293918,1218,0,12-13-11-10-14-16-15-17-18-19-6-0-1-2-5-8-9-7-4-3,0.00292898,1.0205e-05
dense_20_41,3,0,806,0.017146,1601,100000,17-10-1-3-6-7-4-8-16-9-18-0-2-19-5-11-14-15-12-13,0.00819389,0.00895213
dense_20_37,3,1,2062,0.0205633,1077,100000,19-16-5-8-6-9-12-3-11-15-10-13-4-2-7-14-0-1-17-18,0.0108257,0.00973762
dense_20_42,3,0,465,0.0283107,3880,100000,0-2-9-8-7-16-17-19-10-13-14-15-3-4-5-6-11-12-18-1,0.0198491,0.00846151
dense_20_47,2,0,152,0.030923,2733,100000,0-6-3-4-1-2-7-9-14-15-16-11-13-18-8-10-12-17-5-19,0.022503,0.00841998
dense_20_38,3,1,1284,0.0207021,2439,100000,6-0-1-3-8-2-4-16-11-13-17-5-9-10-12-7-14-19-15-18,0.0113056,0.00939657
dense_20_48,2,0,918,0.014774,943,100000,6-1-3-17-13-14-19-10-0-2-7-4-11-12-5-9-8-15-16-18,0.00550214,0.0092719
dense_20_39,3,1,811,0.0478766,3741,100000,16-1-17-18-19-6-12-15-0-2-7-8-9-13-14-5-3-10-11-4,0.0343843,0.0134923
dense_20_43,4,0,2525,0.0195098,773,100000,15-17-16-18-9-19-2-1-3-4-14-6-10-11-0-5-7-8-12-13,0.00690919,0.0126006
dense_20_49,2,0,0,0.00219737,743,0,13-11-12-14-15-16-17-18-19-10-4-0-5-3-6-1-2-8-9-7,0.00218764,9.729e-06
dense_20_40,3,1,36666,0.0502372,1083,100000,11-4-12-13-14-15-18-19-5-8-10-1-6-7-9-2-0-16-17-3,0.0119393,0.0382979
dense_20_44,4,0,152,0.0388182,4213,100000,3-2-9-7-4-10-18-0-8-5-6-12-14-15-16-1-11-13-17-19,0.0304613,0.00835692
dense_20_50,2,0,51059,0.0562206,5891,100000,13-15-16-8-12-7-18-19-1-6-10-14-9-11-17-0-2-3-4-5,0.0318452,0.0243754
dense_20_41,3,1,806,0.0211652,1601,100000,17-10-1-3-6-7-4-8-16-9-18-0-2-19-5-11-14-15-12-13,0.0106041,0.0105611
dense_20_45,4,0,0,0.00817646,0,0,0-1-2-4-5-6-7-8-9-13-18-16-10-11-15-14-17-3-12-19,0.00816595,1.0513e-05
dense_20_43,2,1,2517,0.0183926,756,100000,15-16-17-18-9-19-2-4-1-3-6-14-10-11-0-5-7-8-12-13,0.0102033,0.00818929
dense_20_51,2,0,7986,0.0126969,281,100000,8-4-18-19-0-14-5-10-9-12-17-6-7-16-3-1-2-13-11-15,0.00360697,0.0090899
dense_20_42,3,1,465,0.0324117,3880,100000,0-2-9-8-7-16-17-19-10-13-14-15-3-4-5-6-11-12-18-1,0.0240673,0.00834442
dense_20_46,4,0,0,0.00819594,292,0,0-1-2-4-5-7-12-13-10-15-16-17-18-19-6-11-8-9-14-3,0.00818248,1.3464e-05
dense_20_52,2,0,3521,0.0134362,364,100000,3-4-5-9-12-8-10-11-6-13-14-15-0-18-19-2-7-16-1-17,0.0037519,0.00968429
dense_20_44,2,1,152,0.0518173,4209,100000,3-2-9-7-4-10-18-0-8-5-6-12-14-15-16-1-11-13-17-19,0.0433967,0.00842056
dense_20_47,4,0,152,0.028007,2760,100000,0-6-3-4-1-2-7-9-14-15-16-11-13-18-8-10-12-17-5-19,0.0196653,0.00834168
dense_20_53,2,0,582,0.0186615,1771,100000,18-14-12-6-0-8-10-2-3-4-5-1-15-16-17-7-9-11-13-19,0.0106856,0.00797587
dense_20_45,2,1,0,0.00784953,1308,0,18-16-15-14-17-19-11-1-4-7-8-9-13-12-10-0-2-5-6-3,0.00783633,1.32e-05
dense_20_43,4,1,2525,0.022387,773,100000,15-17-16-18-9-19-2-1-3-4-14-6-10-11-0-5-7-8-12-13,0.0099225,0.0124645
dense_20_48,4,0,918,0.0161423,943,100000,6-1-3-17-13-14-19-10-0-2-7-4-11-12-5-9-8-15-16-18,0.00713237,0.00900995
dense_20_54,2,0,4657,0.034966,2902,100000,13-12-1-0-16-15-18-4-10-17-6-7-8-9-2-3-5-11-14-19,0.0260681,0.0088979
dense_20_46,2,1,0,0.0067589,1210,0,12-13-11-10-14-16-15-17-18-19-6-0-1-2-5-8-9-7-4-3,0.00674643,1.247e-05
dense_20_55,2,0,1169,0.0118776,703,100000,5-0-4-9-10-6-1-7-8-12-3-15-17-19-11-13-18-2-14-16,0.00506265,0.0068149
dense_20_44,4,1,152,0.0428715,4213,100000,3-2-9-7-4-10-18-0-8-5-6-12-14-15-16-1-11-13-17-19,0.0351931,0.00767833
dense_20_49,4,0,0,0.00623043,361,0,13-11-12-14-10-15-16-17-18-19-4-0-5-3-6-1-2-8-9-7,0.00622123,9.208e-06
dense_20_47,2,1,152,0.0365916,2733,100000,0-6-3-4-1-2-7-9-14-15-16-11-13-18-8-10-12-17-5-19,0.028525,0.0080666
dense_20_45,4,1,0,0.0102479,0,0,0-1-2-4-5-6-7-8-9-13-18-16-10-11-15-14-17-3-12-19,0.0102367,1.1235e-05
dense_20_56,2,0,8322,0.0502132,4631,100000,1-8-12-14-17-7-10-11-13-15-19-9-16-18-0-2-3-5-6-4,0.0362367,0.0139766
dense_20_50,4,0,207384,0.0902582,7378,100000,1-6-7-8-12-13-15-16-18-19-10-9-11-14-17-0-2-3-4-5,0.0270645,0.0631937
dense_20_48,2,1,918,0.0161987,943,100000,6-1-3-17-13-14-19-10-0-2-7-4-11-12-5-9-8-15-16-18,0.00891159,0.00728714
dense_20_46,4,1,0,0.0087063,292,0,0-1-2-4-5-7-12-13-10-15-16-17-18-19-6-11-8-9-14-3,0.00869485,1.1442e-05
dense_20_57,2,0,79785,0.0266944,908,100000,15-6-12-1-4-8-5-0-11-7-9-2-3-10-13-17-14-16-19-18,0.00577223,0.0209221
dense_20_51,4,0,3606,0.0159218,632,100000,8-4-18-19-0-14-5-10-9-12-17-6-7-3-1-16-15-2-13-11,0.00672401,0.00919778
dense_20_49,2,1,0,0.00542518,740,0,13-11-12-14-15-16-17-18-19-10-4-0-5-3-6-1-2-8-9-7,0.00541639,8.794e-06
dense_20_47,4,1,152,0.028883,2760,100000,0-6-3-4-1-2-7-9-14-15-16-11-13-18-8-10-12-17-5-19,0.0213128,0.00757022
dense_20_58,2,0,970,0.0172691,1213,100000,15-19-0-1-2-3-4-5-7-6-8-18-9-10-11-12-13-14-16-17,0.00676353,0.0105055
dense_20_52,4,0,3549,0.0150127,814,100000,3-4-5-9-12-0-6-8-10-2-13-14-15-7-11-18-19-16-1-17,0.00617926,0.00883344
dense_20_50,2,1,51059,0.0547956,5864,100000,13-15-16-8-12-7-18-19-1-6-10-14-9-11-17-0-2-3-4-5,0.0353411,0.0194545
dense_20_48,4,1,918,0.0186538,943,100000,6-1-3-17-13-14-19-10-0-2-7-4-11-12-5-9-8-15-16-18,0.00971462,0.00893921
dense_20_53,4,0,37078,0.0271299,1968,100000,18-14-12-6-0-8-10-2-3-4-5-15-16-17-1-7-9-13-11-19,0.0106172,0.0165127
dense_20_43,3,0,2523,0.0182186,873,100000,15-16-17-18-9-19-2-4-14-10-1-3-6-11-0-5-7-8-12-13,0.00689249,0.0113261
dense_20_59,2,0,3646,0.015192,178,100000,5-6-10-9-0-19-12-1-2-3-4-15-7-13-14-11-8-18-16-17,0.00443337,0.0107586
dense_20_51,2,1,7986,0.0192521,281,100000,8-4-18-19-0-14-5-10-9-12-17-6-7-16-3-1-2-13-11-15,0.0102451,0.00900699
dense_20_49,4,1,0,0.00779362,361,0,13-11-12-14-10-15-16-17-18-19-4-0-5-3-6-1-2-8-9-7,0.00778052,1.3102e-05
dense_20_54,4,0,4657,0.0262906,2914,100000,13-12-1-0-16-15-4-10-18-17-6-7-8-9-2-3-5-11-14-19,0.0179828,0.00830784
dense_20_60,2,0,1209,0.0125071,943,100000,8-12-6-7-10-11-2-18-1-13-9-0-14-4-17-19-5-15-16-3,0.00397375,0.00853331
dense_20_44,3,0,152,0.0333615,4276,100000,3-2-9-7-4-10-18-0-8-5-6-12-14-15-16-1-11-13-17-19,0.0257352,0.00762628
dense_20_52,2,1,3521,0.0171628,364,100000,3-4-5-9-12-8-10-11-6-13-14-15-0-18-19-2-7-16-1-17,0.00856704,0.00859573
dense_20_55,4,0,1169,0.0212169,703,100000,5-0-4-9-10-6-1-7-8-12-3-15-17-19-11-13-18-2-14-16,0.00977343,0.0114435
dense_20_61,2,0,824,0.0151755,1100,100000,18-15-19-16-0-1-2-5-6-7-3-4-17-8-11-13-14-9-10-12,0.00656692,0.00860859
dense_20_53,2,1,582,0.0207416,1771,100000,18-14-12-6-0-8-10-2-3-4-5-1-15-16-17-7-9-11-13-19,0.0134322,0.00730937
dense_20_50,4,1,207384,0.0957711,7360,100000,1-6-7-8-12-13-15-16-18-19-10-9-11-14-17-0-2-3-4-5,0.0340627,0.0617084
dense_20_45,3,0,0,0.00876341,1073,0,2-14-17-16-11-15-19-1-4-7-8-9-13-18-10-12-0-5-6-3,0.00875078,1.2627e-05
dense_20_62,2,0,0,0.00369234,0,0,9-0-2-8-1-5-3-4-6-7-12-13-15-18-19-11-14-10-16-17,0.00368382,8.526e-06
dense_20_46,3,0,0,0.00713328,1066,0,7-10-16-17-18-19-6-11-0-1-2-5-13-8-9-4-14-12-15-3,0.00712338,9.905e-06
dense_20_56,4,0,8322,0.0411655,4688,100000,1-8-12-14-17-7-10-11-13-15-19-9-16-18-0-2-3-5-6-4,0.0272866,0.013879
dense_20_43,3,1,2523,0.0207215,873,100000,15-16-17-18-9-19-2-4-14-10-1-3-6-11-0-5-7-8-12-13,0.00970178,0.0110198
dense_20_51,4,1,3606,0.0198293,632,100000,8-4-18-19-0-14-5-10-9-12-17-6-7-3-1-16-15-2-13-11,0.00910438,0.0107249
dense_20_54,2,1,4657,0.041049,2902,100000,13-12-1-0-16-15-18-4-10-17-6-7-8-9-2-3-5-11-14-19,0.032449,0.00859999
dense_20_57,4,0,79785,0.0197206,937,100000,15-6-12-1-4-8-5-0-11-7-9-2-3-10-13-17-14-16-19-18,0.00628401,0.0134366
dense_20_47,3,0,151,0.0235909,2808,100000,0-6-3-4-1-2-7-9-14-15-16-8-11-13-18-17-5-10-12-19,0.016631,0.0069599
dense_20_63,2,0,919,0.0129256,531,100000,6-7-4-11-3-9-10-19-16-12-15-13-14-5-8-1-0-2-17-18,0.00394913,0.00897649
dense_20_44,3,1,152,0.0383661,4276,100000,3-2-9-7-4-10-18-0-8-5-6-12-14-15-16-1-11-13-17-19,0.0306075,0.00775858
dense_20_52,4,1,3549,0.0169656,814,100000,3-4-5-9-12-0-6-8-10-2-13-14-15-7-11-18-19-16-1-17,0.0091387,0.00782693
dense_20_55,2,1,1169,0.0241998,703,100000,5-0-4-9-10-6-1-7-8-12-3-15-17-19-11-13-18-2-14-16,0.0127461,0.0114538
dense_20_58,4,0,970,0.0184096,1215,100000,15-19-0-1-2-3-4-5-7-6-8-18-9-10-11-12-13-14-16-17,0.0086549,0.00975475
dense_20_48,3,0,1728,0.0193431,1237,100000,6-1-3-17-13-14-10-19-9-11-12-4-5-0-2-7-15-16-18-8,0.00803276,0.0113104
dense_20_53,4,1,37078,0.0328458,1968,100000,18-14-12-6-0-8-10-2-3-4-5-15-16-17-1-7-9-13-11-19,0.0144221,0.0184238
dense_20_45,3,1,0,0.011528,1073,0,2-14-17-16-11-15-19-1-4-7-8-9-13-18-10-12-0-5-6-3,0.0115177,1.0248e-05
dense_20_64,2,0,897,0.0342392,2601,100000,18-3-2-5-6-16-1-14-15-11-9-4-7-10-19-0-8-17-12-13,0.0239516,0.0102876
dense_20_56,2,1,8322,0.0516501,4631,100000,1-8-12-14-17-7-10-11-13-15-19-9-16-18-0-2-3-5-6-4,0.0390021,0.012648
dense_20_49,3,0,0,0.00578794,478,0,11-12-14-10-15-16-13-4-17-0-5-3-6-1-2-8-9-18-19-7,0.00577646,1.1484e-05
dense_20_46,3,1,0,0.0122267,1066,0,7-10-16-17-18-19-6-11-0-1-2-5-13-8-9-4-14-12-15-3,0.012216,1.0634e-05
dense_20_59,4,0,3650,0.0189358,423,100000,10-5-0-15-3-7-19-6-9-2-12-13-14-8-1-4-11-18-16-17,0.00762844,0.0113073
dense_20_65,2,0,0,0.000840143,112,0,7-8-10-6-5-9-12-14-15-11-13-16-17-19-18-0-1-3-4-2,0.000831203,8.94e-06
dense_20_54,4,1,4657,0.0328257,2914,100000,13-12-1-0-16-15-4-10-18-17-6-7-8-9-2-3-5-11-14-19,0.0242305,0.00859519
dense_20_57,2,1,79785,0.0326024,908,100000,15-6-12-1-4-8-5-0-11-7-9-2-3-10-13-17-14-16-19-18,0.00922541,0.023377
dense_20_66,2,0,0,0.00215314,892,0,16-17-18-19-13-10-14-11-12-9-0-7-1-5-2-3-4-8-15-6,0.00213678,1.6367e-05
dense_20_60,4,0,2803,0.0176303,1221,100000,8-12-6-7-10-11-18-1-2-13-14-9-0-4-17-19-5-16-15-3,0.00891815,0.0087121
dense_20_47,3,1,151,0.0281926,2808,100000,0-6-3-4-1-2-7-9-14-15-16-8-11-13-18-17-5-10-12-19,0.0199473,0.00824532
dense_20_55,4,1,1169,0.0232408,703,100000,5-0-4-9-10-6-1-7-8-12-3-15-17-19-11-13-18-2-14-16,0.0123942,0.0108466
dense_20_50,3,0,207384,0.0763816,7403,100000,1-6-7-8-12-13-15-16-18-19-10-14-9-11-17-0-2-3-4-5,0.0226308,0.0537508
dense_20_58,2,1,970,0.0205926,1213,100000,15-19-0-1-2-3-4-5-7-6-8-18-9-10-11-12-13-14-16-17,0.0112678,0.00932475
dense_20_61,4,0,824,0.0187477,1100,100000,18-15-19-16-0-1-2-5-6-7-3-4-17-8-11-13-14-9-10-12,0.00854911,0.0101986
dense_20_67,2,0,2070,0.0219884,892,100000,12-19-8-11-6-9-1-13-14-2-5-10-16-17-18-7-0-3-4-15,0.00953342,0.012455
dense_20_48,3,1,1728,0.0218874,1237,100000,6-1-3-17-13-14-10-19-9-11-12-4-5-0-2-7-15-16-18-8,0.0102299,0.0116575
dense_20_51,3,0,7653,0.0170051,750,100000,4-8-18-19-14-0-5-10-9-12-17-6-7-3-1-16-15-11-2-13,0.00636309,0.010642
dense_20_56,4,1,8322,0.0469717,4688,100000,1-8-12-14-17-7-10-11-13-15-19-9-16-18-0-2-3-5-6-4,0.0341121,0.0128596
dense_20_62,4,0,0,0.0063318,20,0,9-0-2-8-1-5-3-4-6-7-12-15-18-19-11-14-10-16-17-13,0.00632005,1.1742e-05
dense_20_59,2,1,3646,0.0210542,178,100000,5-6-10-9-0-19-12-1-2-3-4-15-7-13-14-11-8-18-16-17,0.0100327,0.0110215
dense_20_68,2,0,14876,0.0365696,2064,100000,16-9-6-11-13-14-19-17-10-15-0-8-1-2-12-18-3-4-5-7,0.0130226,0.0235469
dense_20_49,3,1,0,0.00784047,478,0,11-12-14-10-15-16-13-4-17-0-5-3-6-1-2-8-9-18-19-7,0.00782982,1.0652e-05
dense_20_52,3,0,3544,0.0165183,1286,100000,3-4-5-9-12-0-6-2-13-14-15-7-8-10-11-18-19-16-1-17,0.00694871,0.00956963
dense_20_57,4,1,79785,0.0318645,937,100000,15-6-12-1-4-8-5-0-11-7-9-2-3-10-13-17-14-16-19-18,0.00918067,0.0226839
dense_20_63,4,0,919,0.0148279,533,100000,6-7-4-11-3-9-10-19-16-12-15-13-14-5-8-1-0-2-17-18,0.00588139,0.00894647
dense_20_60,2,1,1209,0.0169447,943,100000,8-12-6-7-10-11-2-18-1-13-9-0-14-4-17-19-5-15-16-3,0.0084114,0.00853334
dense_20_53,3,0,37078,0.0284356,2237,100000,18-14-12-6-0-8-10-2-3-4-5-15-16-17-1-7-9-13-11-19,0.0100413,0.0183943
dense_20_69,2,0,3738,0.0305638,1075,100000,1-2-3-5-6-7-8-10-12-13-14-16-17-0-19-4-9-11-15-18,0.0120261,0.0185377
dense_20_50,3,1,207384,0.0912931,7384,100000,1-6-7-8-12-13-15-16-18-19-10-14-9-11-17-0-2-3-4-5,0.0293594,0.0619336
dense_20_58,4,1,970,0.0212857,1215,100000,15-19-0-1-2-3-4-5-7-6-8-18-9-10-11-12-13-14-16-17,0.0107483,0.0105374
dense_20_64,4,0,897,0.0312192,2612,100000,18-3-2-5-6-16-1-14-15-11-9-4-7-10-19-0-8-17-12-13,0.0209722,0.0102469
dense_20_61,2,1,824,0.0226614,1100,100000,18-15-19-16-0-1-2-5-6-7-3-4-17-8-11-13-14-9-10-12,0.0119803,0.0106811
dense_20_54,3,0,4657,0.0261113,3271,100000,13-12-1-0-16-15-4-10-18-17-6-7-8-9-2-3-5-11-14-19,0.0176885,0.00842287
dense_20_70,2,0,0,0.0123745,220,0,2-3-4-5-6-7-8-9-10-11-1-12-13-15-14-16-17-18-19-0,0.0123636,1.0818e-05
dense_20_59,4,1,3650,0.0194837,423,100000,10-5-0-15-3-7-19-6-9-2-12-13-14-8-1-4-11-18-16-17,0.0104192,0.00906454
dense_20_51,3,1,7653,0.018764,750,100000,4-8-18-19-14-0-5-10-9-12-17-6-7-3-1-16-15-11-2-13,0.0082122,0.0105518
dense_20_62,2,1,0,0.00845393,0,0,9-0-2-8-1-5-3-4-6-7-12-13-15-18-19-11-14-10-16-17,0.00844547,8.459e-06
dense_20_65,4,0,0,0.00619525,0,0,0-1-3-4-7-8-10-2-6-5-9-12-14-15-11-13-16-17-19-18,0.00618385,1.1392e-05
dense_20_55,3,0,2014,0.022528,841,100000,5-0-4-9-10-6-1-7-8-12-3-15-17-19-11-13-18-14-16-2,0.00812284,0.0144051
dense_20_71,2,0,759,0.0395275,2499,100000,15-0-12-19-3-7-8-6-9-10-11-13-17-16-18-1-2-4-5-14,0.030855,0.00867246
dense_20_60,4,1,2803,0.0179888,1221,100000,8-12-6-7-10-11-18-1-2-13-14-9-0-4-17-19-5-16-15-3,0.00927889,0.00870987
dense_20_52,3,1,3544,0.0205566,1286,100000,3-4-5-9-12-0-6-2-13-14-15-7-8-10-11-18-19-16-1-17,0.0116833,0.00887322
dense_20_66,4,0,0,0.00501274,244,0,0-9-11-10-12-13-16-17-18-19-14-1-7-5-8-2-3-4-15-6,0.00500178,1.096e-05
dense_20_63,2,1,919,0.0172962,531,100000,6-7-4-11-3-9-10-19-16-12-15-13-14-5-8-1-0-2-17-18,0.00839065,0.00890552
dense_20_61,4,1,824,0.0224694,1100,100000,18-15-19-16-0-1-2-5-6-7-3-4-17-8-11-13-14-9-10-12,0.0117743,0.0106951
dense_20_56,3,0,8322,0.0390494,4710,100000,1-8-12-14-17-7-10-11-13-15-19-16-9-18-0-2-3-5-6-4,0.0252459,0.0138035
dense_20_72,2,0,2829,0.0353936,1722,100000,0-1-3-16-15-5-6-10-11-12-14-17-18-7-19-2-9-13-8-4,0.0188092,0.0165844
dense_20_53,3,1,37078,0.0268373,2237,100000,18-14-12-6-0-8-10-2-3-4-5-15-16-17-1-7-9-13-11-19,0.0123291,0.0145081
dense_20_67,4,0,2070,0.0190825,892,100000,12-19-8-11-6-9-1-13-14-2-5-10-16-17-18-7-0-3-4-15,0.00935367,0.00972884
dense_20_64,2,1,897,0.0333263,2601,100000,18-3-2-5-6-16-1-14-15-11-9-4-7-10-19-0-8-17-12-13,0.0249127,0.00841353
dense_20_57,3,0,79781,0.0274367,1207,100000,15-6-12-1-4-8-5-0-11-7-9-2-3-13-10-17-14-16-19-18,0.0062961,0.0211406
dense_20_62,4,1,0,0.00857156,20,0,9-0-2-8-1-5-3-4-6-7-12-15-18-19-11-14-10-16-17-13,0.00856254,9.026e-06
dense_20_73,2,0,958,0.0151137,1363,100000,0-1-2-18-19-9-10-11-6-7-8-3-4-12-13-14-15-16-5-17,0.00683645,0.00827729
dense_20_54,3,1,4657,0.0298555,3271,100000,13-12-1-0-16-15-4-10-18-17-6-7-8-9-2-3-5-11-14-19,0.0208969,0.00895859
dense_20_68,4,0,13308,0.0346322,2238,100000,16-9-6-11-13-14-19-17-10-15-0-1-2-12-8-18-3-4-5-7,0.0124736,0.0221587
dense_20_65,2,1,0,0.00346917,112,0,7-8-10-6-5-9-12-14-15-11-13-16-17-19-18-0-1-3-4-2,0.00344508,2.4089e-05
dense_20_58,3,0,970,0.0145409,1294,100000,15-19-1-2-4-5-0-3-7-6-8-18-9-10-11-12-13-14-16-17,0.00822923,0.00631167
dense_20_63,4,1,919,0.0215247,533,100000,6-7-4-11-3-9-10-19-16-12-15-13-14-5-8-1-0-2-17-18,0.0132334,0.00829134
dense_20_74,2,0,2243,0.023035,1816,100000,6-15-16-0-9-11-3-7-12-2-10-1-5-14-18-8-4-13-17-19,0.0131748,0.00986024
dense_20_69,4,0,3756,0.0263814,1186,100000,1-2-3-5-6-7-8-10-12-13-14-16-17-0-19-4-9-11-15-18,0.0110596,0.0153217
dense_20_55,3,1,2014,0.0258711,841,100000,5-0-4-9-10-6-1-7-8-12-3-15-17-19-11-13-18-14-16-2,0.0117104,0.0141607
dense_20_66,2,1,0,0.00720036,877,0,16-17-18-19-13-10-14-11-12-9-0-7-1-5-2-3-4-8-15-6,0.00718467,1.5691e-05
dense_20_59,3,0,3653,0.0197917,870,100000,0-5-10-3-6-2-9-19-12-8-7-15-11-1-4-13-14-18-16-17,0.0085205,0.0112712
dense_20_64,4,1,897,0.0343245,2612,100000,18-3-2-5-6-16-1-14-15-11-9-4-7-10-19-0-8-17-12-13,0.0240798,0.0102447
dense_20_75,2,0,1695,0.0151137,676,100000,0-1-12-13-2-3-15-11-16-18-4-17-5-19-9-10-7-8-14-6,0.00525586,0.00985788
dense_20_70,4,0,0,0.0147179,1679,0,0-1-12-13-15-14-16-17-18-2-4-5-19-6-7-9-10-11-3-8,0.0147037,1.4196e-05
dense_20_67,2,1,2070,0.0257162,892,100000,12-19-8-11-6-9-1-13-14-2-5-10-16-17-18-7-0-3-4-15,0.0133218,0.0123944
dense_20_56,3,1,8322,0.0308767,4710,100000,1-8-12-14-17-7-10-11-13-15-19-16-9-18-0-2-3-5-6-4,0.0222124,0.00866431
dense_20_60,3,0,2805,0.0121771,1605,100000,8-1-2-6-11-7-13-12-14-10-18-9-0-4-17-19-5-16-15-3,0.0068116,0.0053655
dense_20_76,2,0,907,0.0122984,691,100000,16-14-17-18-4-2-3-5-6-7-8-11-12-9-10-19-0-15-1-13,0.00415252,0.00814592
dense_20_65,4,1,0,0.00914394,0,0,0-1-3-4-7-8-10-2-6-5-9-12-14-15-11-13-16-17-19-18,0.00913215,1.1788e-05
dense_20_71,4,0,759,0.0310796,2499,100000,15-0-12-19-3-7-8-6-9-10-11-13-17-16-18-1-2-4-5-14,0.0215696,0.00951004
dense_20_68,2,1,14876,0.0405863,2064,100000,16-9-6-11-13-14-19-17-10-15-0-8-1-2-12-18-3-4-5-7,0.016287,0.0242993
dense_20_57,3,1,79781,0.033893,1207,100000,15-6-12-1-4-8-5-0-11-7-9-2-3-13-10-17-14-16-19-18,0.0099507,0.0239423
dense_20_61,3,0,824,0.0182428,1156,100000,18-15-19-16-0-1-2-3-5-6-7-17-4-8-11-13-14-9-10-12,0.00744449,0.0107983
dense_20_77,2,0,1436,0.0205614,1661,100000,19-5-0-1-4-6-3-2-17-8-9-10-11-13-15-12-14-16-18-7,0.00970421,0.0108572
dense_20_66,4,1,0,0.00907,243,0,0-9-11-10-12-13-16-17-18-19-14-1-7-5-8-2-3-4-15-6,0.00905827,1.172e-05
dense_20_72,4,0,2829,0.0287986,1728,100000,0-1-3-16-15-5-6-10-11-12-14-17-18-7-19-2-9-13-8-4,0.0154519,0.0133467
dense_20_58,3,1,970,0.021894,1294,100000,15-19-1-2-4-5-0-3-7-6-8-18-9-10-11-12-13-14-16-17,0.0139114,0.00798253
dense_20_62,3,0,0,0.0067297,939,0,9-2-4-15-16-18-19-8-1-14-17-7-3-6-5-0-13-11-12-10,0.00671872,1.0988e-05
dense_20_69,2,1,3738,0.0298575,1075,100000,1-2-3-5-6-7-8-10-12-13-14-16-17-0-19-4-9-11-15-18,0.0176923,0.0121652
dense_20_67,4,1,2070,0.0199119,892,100000,12-19-8-11-6-9-1-13-14-2-5-10-16-17-18-7-0-3-4-15,0.0125005,0.00741141
dense_20_73,4,0,958,0.0161453,1384,100000,0-1-2-18-19-6-9-10-11-7-8-3-4-12-13-14-15-16-5-17,0.00862337,0.00752191
dense_20_59,3,1,3653,0.0238896,870,100000,0-5-10-3-6-2-9-19-12-8-7-15-11-1-4-13-14-18-16-17,0.0137079,0.0101816
dense_20_78,2,0,1480,0.0145709,997,100000,14-18-13-16-15-17-19-9-12-1-3-0-8-7-6-2-4-11-10-5,0.00571448,0.00885641
dense_20_63,3,0,919,0.0141232,624,100000,6-7-4-11-3-9-10-19-16-12-15-5-1-0-13-14-8-2-17-18,0.00605998,0.00806317
dense_20_70,2,1,0,0.0169841,220,0,2-3-4-5-6-7-8-9-10-11-1-12-13-15-14-16-17-18-19-0,0.0169692,1.4937e-05
dense_20_68,4,1,13308,0.0349641,2238,100000,16-9-6-11-13-14-19-17-10-15-0-1-2-12-8-18-3-4-5-7,0.0138793,0.0210848
dense_20_74,4,0,2243,0.0231427,1838,100000,6-15-16-0-9-11-3-7-12-2-10-1-5-14-18-8-4-13-17-19,0.0132422,0.00990045
dense_20_79,2,0,2239,0.0217665,791,100000,16-0-5-9-12-14-6-2-3-4-7-8-11-13-15-17-18-1-19-10,0.00817975,0.0135868
dense_20_60,3,1,2805,0.0191989,1605,100000,8-1-2-6-11-7-13-12-14-10-18-9-0-4-17-19-5-16-15-3,0.0104493,0.00874965
dense_20_64,3,0,897,0.033306,2823,100000,18-3-2-5-6-16-1-14-15-11-9-4-7-10-19-0-8-17-12-13,0.0229741,0.0103318
dense_20_71,2,1,759,0.0448183,2499,100000,15-0-12-19-3-7-8-6-9-10-11-13-17-16-18-1-2-4-5-14,0.0353583,0.00945998
dense_20_69,4,1,3756,0.0384266,1186,100000,1-2-3-5-6-7-8-10-12-13-14-16-17-0-19-4-9-11-15-18,0.0199937,0.0184329
dense_20_75,4,0,1695,0.0133267,847,100000,0-1-12-13-2-3-15-11-16-18-4-17-8-19-5-9-10-7-14-6,0.00684294,0.00648378
dense_20_80,2,0,2144,0.0115178,498,100000,1-0-3-2-16-17-4-6-7-18-11-13-5-8-14-15-9-10-12-19,0.00296003,0.0085578
dense_20_61,3,1,824,0.0227403,1156,100000,18-15-19-16-0-1-2-3-5-6-7-17-4-8-11-13-14-9-10-12,0.0120302,0.0107101
dense_20_65,3,0,0,0.00789809,1296,0,10-5-11-19-0-1-3-4-7-8-2-9-12-14-15-13-16-17-6-18,0.0078877,1.0384e-05
dense_20_70,4,1,0,0.0179266,1679,0,0-1-12-13-15-14-16-17-18-2-4-5-19-6-7-9-10-11-3-8,0.0179147,1.1964e-05
dense_20_72,2,1,2829,0.0400927,1722,100000,0-1-3-16-15-5-6-10-11-12-14-17-18-7-19-2-9-13-8-4,0.0234216,0.0166711
dense_20_76,4,0,1381,0.0131224,740,100000,16-14-17-18-4-2-3-5-6-7-8-11-12-9-10-19-0-15-13-1,0.00610288,0.00701953
dense_20_62,3,1,0,0.00896051,930,0,9-2-4-15-16-18-19-8-1-14-17-7-3-6-5-0-13-11-12-10,0.00895006,1.045e-05
dense_20_81,2,0,912,0.0177043,1072,100000,17-19-15-3-4-1-0-7-8-9-10-11-12-13-16-18-5-6-14-2,0.00924269,0.00846161
dense_20_66,3,0,0,0.00462257,327,0,0-9-11-10-13-16-18-19-17-14-12-1-7-5-8-2-3-4-15-6,0.00461214,1.0432e-05
dense_20_77,4,0,1792,0.0216052,1641,100000,5-0-1-4-6-3-2-19-17-16-18-8-9-10-11-13-15-12-14-7,0.0100957,0.0115096
dense_20_71,4,1,759,0.0355243,2499,100000,15-0-12-19-3-7-8-6-9-10-11-13-17-16-18-1-2-4-5-14,0.0260508,0.00947354
dense_20_73,2,1,958,0.0174195,1363,100000,0-1-2-18-19-9-10-11-6-7-8-3-4-12-13-14-15-16-5-17,0.0106659,0.00675351
dense_20_63,3,1,919,0.0164074,624,100000,6-7-4-11-3-9-10-19-16-12-15-5-1-0-13-14-8-2-17-18,0.00744537,0.00896203
dense_20_82,2,0,813,0.0151577,1137,100000,13-18-19-0-1-2-3-4-5-6-7-8-10-11-12-14-15-16-17-9,0.00638339,0.00877436
dense_20_67,3,0,2148,0.0234335,1716,100000,12-19-8-6-9-11-0-1-13-14-2-5-10-16-17-18-7-3-4-15,0.0108697,0.0125639
dense_20_74,2,1,2243,0.0281672,1816,100000,6-15-16-0-9-11-3-7-12-2-10-1-5-14-18-8-4-13-17-19,0.0182758,0.00989135
dense_20_83,2,0,12415,0.014325,462,100000,6-0-1-2-3-8-9-10-4-11-12-13-16-18-15-17-19-5-14-7,0.00425959,0.0100654
dense_20_72,4,1,2829,0.0371924,1728,100000,0-1-3-16-15-5-6-10-11-12-14-17-18-7-19-2-9-13-8-4,0.0204929,0.0166996
dense_20_64,3,1,897,0.0318103,2821,100000,18-3-2-5-6-16-1-14-15-11-9-4-7-10-19-0-8-17-12-13,0.0215145,0.0102958
dense_20_78,4,0,1502,0.0128026,895,100000,14-13-9-12-1-3-0-18-8-7-6-2-16-15-17-19-4-11-10-5,0.00571026,0.00709235
dense_20_68,3,0,14876,0.0337528,2167,100000,16-9-11-13-6-14-19-17-10-15-0-1-2-8-12-18-3-4-5-7,0.0103174,0.0234354
dense_20_84,2,0,2146,0.0161934,867,100000,12-1-13-8-11-14-5-0-4-2-3-7-15-16-6-18-19-10-9-17,0.00703331,0.00916013
dense_20_75,2,1,1695,0.0193874,676,100000,0-1-12-13-2-3-15-11-16-18-4-17-5-19-9-10-7-8-14-6,0.00923375,0.0101537
dense_20_73,4,1,958,0.0192569,1384,100000,0-1-2-18-19-6-9-10-11-7-8-3-4-12-13-14-15-16-5-17,0.0110391,0.0082178
dense_20_65,3,1,0,0.0106335,1288,0,10-5-11-19-0-1-3-4-7-8-2-9-12-14-15-13-16-17-6-18,0.010623,1.0501e-05
dense_20_79,4,0,2239,0.0229602,799,100000,16-7-5-9-12-14-8-13-0-6-2-3-4-11-15-17-18-1-19-10,0.00857157,0.0143886
dense_20_69,3,0,3756,0.0293613,1186,100000,1-2-3-5-6-7-8-10-12-13-14-16-17-0-19-4-9-11-15-18,0.0109065,0.0184548
dense_20_85,2,0,801,0.0570487,3629,100000,7-5-2-4-15-16-19-1-6-9-10-14-12-17-18-0-3-8-13-11,0.0439304,0.0131183
dense_20_76,2,1,907,0.0147761,691,100000,16-14-17-18-4-2-3-5-6-7-8-11-12-9-10-19-0-15-1-13,0.00810271,0.00667337
dense_20_74,4,1,2243,0.0261678,1838,100000,6-15-16-0-9-11-3-7-12-2-10-1-5-14-18-8-4-13-17-19,0.0162928,0.009875
dense_20_66,3,1,0,0.00723706,326,0,0-9-11-10-13-16-18-19-17-14-12-1-7-5-8-2-3-4-15-6,0.00722626,1.0806e-05
dense_20_70,3,0,0,0.010459,1763,0,0-1-12-15-14-16-17-18-2-4-13-5-19-6-7-9-10-11-3-8,0.0104481,1.0834e-05
dense_20_80,4,0,2144,0.014978,502,100000,1-0-3-2-16-17-4-6-7-18-11-13-5-8-14-15-9-10-12-19,0.00645596,0.00852205
dense_20_86,2,0,1157,0.0253074,1981,100000,8-16-1-6-18-9-11-7-13-14-15-19-12-10-17-0-3-4-5-2,0.0175911,0.00771634
dense_20_77,2,1,1436,0.0249134,1661,100000,19-5-0-1-4-6-3-2-17-8-9-10-11-13-15-12-14-16-18-7,0.0140147,0.0108987
dense_20_75,4,1,1695,0.0223591,847,100000,0-1-12-13-2-3-15-11-16-18-4-17-8-19-5-9-10-7-14-6,0.0121354,0.0102237
dense_20_67,3,1,2148,0.0272173,1716,100000,12-19-8-6-9-11-0-1-13-14-2-5-10-16-17-18-7-3-4-15,0.0146906,0.0125267
dense_20_81,4,0,1979,0.0227518,1573,100000,17-3-4-15-0-1-19-7-8-9-10-11-12-13-16-18-2-5-6-14,0.0103499,0.012402
dense_20_71,3,0,811,0.029455,3289,100000,15-0-12-19-3-7-8-13-6-9-10-11-17-16-18-5-14-1-2-4,0.0186247,0.0108303
dense_20_87,2,0,647,0.0324146,2631,100000,2-3-17-18-8-0-5-11-14-1-7-9-13-15-19-10-12-4-6-16,0.0239369,0.00847771
dense_20_76,4,1,1381,0.0155466,740,100000,16-14-17-18-4-2-3-5-6-7-8-11-12-9-10-19-0-15-13-1,0.00852687,0.00701969
dense_20_68,3,1,14876,0.0367461,2167,100000,16-9-11-13-6-14-19-17-10-15-0-1-2-8-12-18-3-4-5-7,0.0132522,0.0234938
dense_20_82,4,0,813,0.019831,1137,100000,13-18-19-0-1-2-3-4-5-6-7-8-10-11-12-14-15-16-17-9,0.00896663,0.0108644
dense_20_78,2,1,1480,0.0188275,997,100000,14-18-13-16-15-17-19-9-12-1-3-0-8-7-6-2-4-11-10-5,0.0100338,0.00879376
dense_20_72,3,0,2836,0.0314445,1750,100000,0-1-3-16-15-5-6-10-11-12-14-17-18-7-19-2-9-13-8-4,0.0148098,0.0166346
dense_20_88,2,0,2604,0.0184655,1076,100000,12-17-5-2-14-6-18-3-13-16-19-11-0-1-4-7-10-15-9-8,0.00694126,0.0115242
dense_20_77,4,1,1792,0.0248839,1641,100000,5-0-1-4-6-3-2-19-17-16-18-8-9-10-11-13-15-12-14-7,0.0132792,0.0116046
dense_20_83,4,0,12415,0.0150978,467,100000,6-0-1-2-3-8-9-10-4-11-12-13-16-18-15-17-19-5-14-7,0.00498515,0.0101126
dense_20_69,3,1,3756,0.0324183,1186,100000,1-2-3-5-6-7-8-10-12-13-14-16-17-0-19-4-9-11-15-18,0.013988,0.0184303
dense_20_79,2,1,2239,0.0251327,791,100000,16-0-5-9-12-14-6-2-3-4-7-8-11-13-15-17-18-1-19-10,0.0129366,0.0121961
dense_20_73,3,0,481,0.0159559,1810,100000,0-1-2-18-19-6-9-10-11-7-8-3-4-12-13-14-15-16-17-5,0.0084098,0.00754606
dense_20_89,2,0,6209,0.0419825,1152,100000,5-1-0-2-3-6-4-7-8-10-11-14-15-16-17-9-12-13-18-19,0.0208837,0.0210988
dense_20_70,3,1,0,0.0154238,1763,0,0-1-12-15-14-16-17-18-2-4-13-5-19-6-7-9-10-11-3-8,0.0154134,1.0414e-05
dense_20_84,4,0,2146,0.0221695,871,100000,12-1-13-8-11-14-5-0-4-2-3-7-15-16-6-18-19-10-9-17,0.010464,0.0117055
dense_20_78,4,1,1502,0.0173522,895,100000,14-13-9-12-1-3-0-18-8-7-6-2-16-15-17-19-4-11-10-5,0.00959536,0.00775682
dense_20_80,2,1,2144,0.0154649,498,100000,1-0-3-2-16-17-4-6-7-18-11-13-5-8-14-15-9-10-12-19,0.00688098,0.00858397
dense_20_74,3,0,2243,0.0225307,1881,100000,6-15-16-0-9-11-3-7-12-2-10-1-5-14-18-4-8-13-17-19,0.0125811,0.00994962
dense_20_90,2,0,1488,0.0223047,1168,100000,6-1-8-9-10-12-2-3-4-5-15-16-17-18-19-0-7-11-13-14,0.0105444,0.0117603
dense_20_85,4,0,801,0.0467791,3633,100000,7-5-2-4-15-16-19-1-6-9-10-14-12-17-18-0-3-8-13-11,0.0343978,0.0123812
dense_20_79,4,1,2239,0.0305154,799,100000,16-7-5-9-12-14-8-13-0-6-2-3-4-11-15-17-18-1-19-10,0.017174,0.0133414
dense_20_81,2,1,912,0.0216862,1072,100000,17-19-15-3-4-1-0-7-8-9-10-11-12-13-16-18-5-6-14-2,0.0132867,0.00839952
dense_20_75,3,0,1695,0.0186745,891,100000,0-1-12-13-2-3-15-11-16-18-4-17-8-19-5-7-9-10-14-6,0.0078492,0.0108253
dense_20_71,3,1,811,0.0376542,3289,100000,15-0-12-19-3-7-8-13-6-9-10-11-17-16-18-5-14-1-2-4,0.0260967,0.0115575
dense_20_91,2,0,799,0.0142868,1031,100000,4-0-1-5-16-19-9-11-8-10-2-3-7-6-12-13-14-15-17-18,0.00461372,0.00967313
dense_20_80,4,1,2144,0.0174723,502,100000,1-0-3-2-16-17-4-6-7-18-11-13-5-8-14-15-9-10-12-19,0.00895845,0.00851384
dense_20_86,4,0,1161,0.024528,1987,100000,8-16-1-6-18-9-11-7-13-14-15-19-12-10-17-0-3-4-5-2,0.0156799,0.00884811
dense_20_76,3,0,1508,0.0155039,802,100000,16-14-17-18-4-2-3-5-6-7-8-11-12-19-9-10-15-0-13-1,0.00679106,0.00871283
dense_20_72,3,1,2836,0.0307381,1750,100000,0-1-3-16-15-5-6-10-11-12-14-17-18-7-19-2-9-13-8-4,0.0171824,0.0135557
dense_20_82,2,1,813,0.0231728,1137,100000,13-18-19-0-1-2-3-4-5-6-7-8-10-11-12-14-15-16-17-9,0.012319,0.0108539
dense_20_92,2,0,851,0.0284088,1472,100000,3-1-7-17-19-18-4-12-13-15-8-10-5-9-0-2-6-11-14-16,0.0174411,0.0109676
dense_20_81,4,1,1979,0.0240104,1573,100000,17-3-4-15-0-1-19-7-8-9-10-11-12-13-16-18-2-5-6-14,0.0138686,0.0101419
dense_20_77,3,0,1473,0.0203602,1811,100000,19-5-0-1-4-6-3-2-17-16-18-8-9-10-11-13-15-12-14-7,0.00885515,0.011505
dense_20_87,4,0,647,0.0277426,2633,100000,2-3-17-18-8-0-5-11-14-1-7-9-13-15-19-10-12-4-6-16,0.0192705,0.00847212
dense_20_83,2,1,12415,0.0218632,462,100000,6-0-1-2-3-8-9-10-4-11-12-13-16-18-15-17-19-5-14-7,0.0110016,0.0108616
dense_20_73,3,1,481,0.0207898,1810,100000,0-1-2-18-19-6-9-10-11-7-8-3-4-12-13-14-15-16-17-5,0.0113365,0.00945326
dense_20_88,4,0,2604,0.0197367,1078,100000,12-17-5-2-14-6-18-3-13-16-19-11-0-1-4-7-10-15-9-8,0.00817768,0.0115591
dense_20_82,4,1,813,0.0221487,1137,100000,13-18-19-0-1-2-3-4-5-6-7-8-10-11-12-14-15-16-17-9,0.0125983,0.00955043
dense_20_84,2,1,2146,0.0239,867,100000,12-1-13-8-11-14-5-0-4-2-3-7-15-16-6-18-19-10-9-17,0.0121055,0.0117945
dense_20_74,3,1,2243,0.0232476,1881,100000,6-15-16-0-9-11-3-7-12-2-10-1-5-14-18-4-8-13-17-19,0.0133621,0.00988554
dense_20_93,2,0,1191818,0.275163,941,100000,0-8-11-2-3-4-5-6-7-14-17-10-12-1-9-19-15-16-13-18,0.00611026,0.269052
dense_20_83,4,1,12415,0.0228132,467,100000,6-0-1-2-3-8-9-10-4-11-12-13-16-18-15-17-19-5-14-7,0.00968347,0.0131297
dense_20_89,4,0,6209,0.0332227,1152,100000,5-1-0-2-3-6-4-7-8-10-11-14-15-16-17-9-12-13-18-19,0.015638,0.0175848
dense_20_75,3,1,1695,0.019276,891,100000,0-1-12-13-2-3-15-11-16-18-4-17-8-19-5-7-9-10-14-6,0.010672,0.008604
dense_20_85,2,1,801,0.0611293,3629,100000,7-5-2-4-15-16-19-1-6-9-10-14-12-17-18-0-3-8-13-11,0.0480827,0.0130466
dense_20_94,2,0,109845,0.0532642,218,100000,9-1-11-8-16-10-14-15-13-4-12-3-5-6-2-17-18-7-19-0,0.00333315,0.049931
dense_20_84,4,1,2146,0.0231912,871,100000,12-1-13-8-11-14-5-0-4-2-3-7-15-16-6-18-19-10-9-17,0.0114885,0.0117026
dense_20_76,3,1,1508,0.0178459,802,100000,16-14-17-18-4-2-3-5-6-7-8-11-12-19-9-10-15-0-13-1,0.00911364,0.00873224
dense_20_90,4,0,12055,0.037973,1253,100000,6-1-8-9-10-12-2-3-4-5-15-16-17-18-19-7-11-13-14-0,0.0129094,0.0250636
dense_20_86,2,1,1157,0.0333798,1981,100000,8-16-1-6-18-9-11-7-13-14-15-19-12-10-17-0-3-4-5-2,0.0253285,0.00805123
dense_20_95,2,0,1595,0.0158187,832,100000,19-2-3-1-17-15-0-16-4-13-18-8-14-7-9-12-11-6-5-10,0.00574226,0.0100765
dense_20_77,3,1,1473,0.0239629,1811,100000,19-5-0-1-4-6-3-2-17-16-18-8-9-10-11-13-15-12-14-7,0.0137644,0.0101985
dense_20_85,4,1,801,0.0518843,3633,100000,7-5-2-4-15-16-19-1-6-9-10-14-12-17-18-0-3-8-13-11,0.0393823,0.012502
dense_20_91,4,0,799,0.0157465,1031,100000,4-0-1-5-16-19-9-11-8-10-2-3-7-6-12-13-14-15-17-18,0.00694968,0.00879684
dense_20_87,2,1,647,0.0369209,2631,100000,2-3-17-18-8-0-5-11-14-1-7-9-13-15-19-10-12-4-6-16,0.0284581,0.00846279
dense_20_96,2,0,0,0.00201062,0,0,0-3-5-6-7-1-2-4-8-9-10-11-12-13-14-15-17-18-16-19,0.00200229,8.326e-06
dense_20_86,4,1,1161,0.0283014,1987,100000,8-16-1-6-18-9-11-7-13-14-15-19-12-10-17-0-3-4-5-2,0.0202076,0.00809385
dense_20_92,4,0,851,0.0242649,1472,100000,3-1-7-17-19-18-4-12-13-15-8-10-5-9-0-2-6-11-14-16,0.0142545,0.0100105
dense_20_88,2,1,2604,0.022691,1076,100000,12-17-5-2-14-6-18-3-13-16-19-11-0-1-4-7-10-15-9-8,0.0112034,0.0114876
dense_20_97,2,0,1406,0.0547638,4639,100000,4-3-7-12-10-11-1-2-5-8-9-13-14-17-6-0-15-16-18-19,0.0457735,0.00899034
dense_20_87,4,1,647,0.0304137,2633,100000,2-3-17-18-8-0-5-11-14-1-7-9-13-15-19-10-12-4-6-16,0.0226777,0.00773598
dense_20_89,2,1,6209,0.0460304,1152,100000,5-1-0-2-3-6-4-7-8-10-11-14-15-16-17-9-12-13-18-19,0.0249461,0.0210843
dense_20_88,4,1,2604,0.0221117,1078,100000,12-17-5-2-14-6-18-3-13-16-19-11-0-1-4-7-10-15-9-8,0.0105421,0.0115695
dense_20_93,4,0,1192750,0.299811,996,100000,0-8-11-3-4-5-6-7-2-14-17-10-1-9-19-12-15-16-13-18,0.00659114,0.29322
dense_20_90,2,1,1488,0.0252304,1168,100000,6-1-8-9-10-12-2-3-4-5-15-16-17-18-19-0-7-11-13-14,0.0150956,0.0101348
dense_20_89,4,1,6209,0.040181,1152,100000,5-1-0-2-3-6-4-7-8-10-11-14-15-16-17-9-12-13-18-19,0.0192824,0.0208986
dense_20_94,4,0,10171,0.0177626,393,100000,9-1-11-16-14-15-13-8-4-12-10-17-18-19-3-7-6-0-5-2,0.00671745,0.0110451
dense_20_91,2,1,799,0.0159606,1031,100000,4-0-1-5-16-19-9-11-8-10-2-3-7-6-12-13-14-15-17-18,0.0080844,0.00787623
dense_20_95,4,0,1595,0.0167619,844,100000,19-2-3-1-17-15-0-16-4-13-18-8-14-7-9-12-11-6-5-10,0.00662612,0.0101358
dense_20_90,4,1,12055,0.0396656,1253,100000,6-1-8-9-10-12-2-3-4-5-15-16-17-18-19-7-11-13-14-0,0.016123,0.0235426
dense_20_92,2,1,851,0.0324678,1472,100000,3-1-7-17-19-18-4-12-13-15-8-10-5-9-0-2-6-11-14-16,0.0214449,0.0110229
dense_20_96,4,0,0,0.00645341,154,0,0-3-5-6-7-9-13-14-15-17-18-16-11-1-2-4-8-10-12-19,0.00644053,1.2881e-05
dense_20_91,4,1,799,0.0187711,1031,100000,4-0-1-5-16-19-9-11-8-10-2-3-7-6-12-13-14-15-17-18,0.00983464,0.00893642
dense_20_97,4,0,1406,0.0364972,4641,100000,4-3-7-12-10-11-1-2-5-8-9-13-14-17-6-0-15-16-18-19,0.0290245,0.00747273
dense_20_92,4,1,851,0.0243927,1472,100000,3-1-7-17-19-18-4-12-13-15-8-10-5-9-0-2-6-11-14-16,0.0154755,0.00891729
dense_20_93,2,1,1191818,0.353303,941,100000,0-8-11-2-3-4-5-6-7-14-17-10-12-1-9-19-15-16-13-18,0.0106469,0.342656
dense_20_94,2,1,109845,0.0511966,218,100000,9-1-11-8-16-10-14-15-13-4-12-3-5-6-2-17-18-7-19-0,0.00897618,0.0422204
dense_20_93,4,1,1192750,0.352499,995,100000,0-8-11-3-4-5-6-7-2-14-17-10-1-9-19-12-15-16-13-18,0.00885341,0.343645
dense_20_95,2,1,1595,0.0178376,832,100000,19-2-3-1-17-15-0-16-4-13-18-8-14-7-9-12-11-6-5-10,0.00894634,0.00889123
dense_20_94,4,1,10171,0.0260583,393,100000,9-1-11-16-14-15-13-8-4-12-10-17-18-19-3-7-6-0-5-2,0.0118964,0.0141619
dense_20_96,2,1,0,0.00658529,0,0,0-3-5-6-7-1-2-4-8-9-10-11-12-13-14-15-17-18-16-19,0.00657515,1.0141e-05
dense_20_95,4,1,1595,0.0196221,844,100000,19-2-3-1-17-15-0-16-4-13-18-8-14-7-9-12-11-6-5-10,0.00950727,0.0101148
dense_20_98,4,0,2045050,0.967073,3838,100000,16-17-19-4-2-0-3-5-8-7-9-1-14-12-15-13-18-10-11-6,0.0175192,0.949554
dense_20_97,2,1,1406,0.0616837,4639,100000,4-3-7-12-10-11-1-2-5-8-9-13-14-17-6-0-15-16-18-19,0.052751,0.00893267
dense_20_96,4,1,0,0.00914983,154,0,0-3-5-6-7-9-13-14-15-17-18-16-11-1-2-4-8-10-12-19,0.00913921,1.0625e-05
dense_20_97,4,1,1406,0.0495674,4641,100000,4-3-7-12-10-11-1-2-5-8-9-13-14-17-6-0-15-16-18-19,0.0406151,0.00895232
dense_20_98,4,1,2045050,0.987933,3825,100000,16-17-19-4-2-0-3-5-8-7-9-1-14-12-15-13-18-10-11-6,0.0235001,0.964433
dense_20_98,2,0,83269870,29.7504,2800,100000,2-16-17-4-19-0-3-5-8-7-14-9-15-12-1-13-18-10-11-6,0.0208542,29.7296
dense_20_99,2,0,2785,0.0201933,1740,100000,11-2-12-13-14-15-16-17-1-7-4-5-6-9-0-8-3-10-18-19,0.0120798,0.00811354
dense_20_98,2,1,83269870,30.0204,2800,100000,2-16-17-4-19-0-3-5-8-7-14-9-15-12-1-13-18-10-11-6,0.0261992,29.9942
dense_20_99,2,1,2785,0.0267626,1740,100000,11-2-12-13-14-15-16-17-1-7-4-5-6-9-0-8-3-10-18-19,0.0182741,0.00848854
