dense_64_1,1,1,214360915,237.888,83907943,100000000,48-38-37-49-47-51-34-41-46-50-45-44-33-31-52-53-42-40-43-39-30-36-35-32-54-28-27-26-25-24-23-22-21-19-20-29-18-17-15-9-12-13-14-10-11-8-7-6-5-3-0-1-2-4-55-56-57-58-59-60-61-16-62-63,195.246,42.6422,0.000835027
dense_64_1,1,0,214361276,245.135,86302564,100000000,48-38-37-49-51-47-34-41-46-50-45-44-33-31-52-53-42-40-43-30-39-36-54-35-32-28-27-26-25-24-23-22-21-19-20-18-17-15-9-12-13-14-10-11-8-7-6-5-3-0-1-2-4-29-55-56-57-58-59-60-61-16-62-63,199.782,45.3537,6.91188e-310
dense_64_1,5,0,214192273,259.105,67862987,100000000,48-38-37-49-47-51-34-41-46-50-45-44-33-31-52-53-39-42-43-40-36-35-30-32-54-28-27-26-25-24-23-22-21-19-20-29-55-18-17-15-9-12-13-14-10-11-8-7-16-56-6-5-3-0-1-2-4-57-58-59-60-61-62-63,220.589,38.5161,6.91114e-310
dense_64_1,2,0,332920007,281.521,66189339,100000000,48-49-47-51-38-37-50-46-41-34-45-44-42-52-53-43-40-39-33-31-36-35-54-30-32-55-28-27-26-25-24-23-22-21-19-20-29-56-18-17-15-9-12-13-14-10-11-8-7-16-6-5-3-0-1-4-2-57-58-59-60-61-62-63,226.491,55.03,6.94006e-310
dense_64_1,2,1,332920007,296.317,65733406,100000000,48-49-47-51-38-37-50-46-41-34-45-44-42-52-53-43-40-39-33-31-36-35-54-30-32-55-28-27-26-25-24-23-22-21-19-20-29-56-18-17-15-9-12-13-14-10-11-8-7-16-6-5-3-0-1-4-2-57-58-59-60-61-62-63,238.029,58.2884,0.000817866
dense_64_1,4,0,214360764,322.622,67791953,100000000,48-38-37-34-49-47-51-41-46-50-45-44-39-33-31-52-53-43-36-42-40-35-30-32-54-28-27-26-25-24-23-22-21-19-20-29-55-18-17-15-9-12-13-14-10-11-8-7-56-6-5-3-0-1-2-4-57-58-59-60-61-16-62-63,281.857,40.7653,6.93264e-310
dense_64_1,4,1,214360634,320.824,66796136,100000000,48-38-37-47-49-34-51-41-46-50-45-44-39-33-31-52-53-43-42-40-36-35-30-32-54-28-27-26-25-24-23-22-21-19-20-29-55-18-17-15-9-12-13-14-10-11-8-7-56-6-5-3-0-1-2-4-57-58-59-60-61-16-62-63,279.665,41.1592,0.000813465
dense_64_1,0,0,1824594,428.913,135158547,100000000,48-49-38-51-47-37-34-45-41-44-46-50-42-40-43-33-31-30-39-28-27-26-25-24-23-22-21-19-20-18-17-15-9-12-13-10-14-11-8-7-6-5-3-0-1-2-4-29-32-35-36-52-53-54-55-56-57-58-59-60-61-16-62-63,423.444,5.46931,6.94782e-310
dense_64_2,1,1,5535240,235.957,80661991,100000000,14-15-18-22-21-19-20-17-6-9-10-8-13-16-2-3-0-4-23-7-11-12-1-24-25-26-5-27-28-29-30-31-32-33-35-36-37-41-40-43-42-44-39-34-38-45-46-47-48-49-50-51-52-53-55-59-60-61-62-63-54-56-57-58,229.911,6.04661,0.000624095
dense_64_2,1,0,11353061,253.58,86301489,100000000,14-15-18-22-21-19-20-13-17-6-9-10-8-16-2-3-0-4-23-7-11-1-12-24-25-26-5-27-28-29-30-31-32-33-35-34-36-37-41-40-43-42-44-39-38-45-46-47-48-49-50-51-52-53-55-59-60-61-62-63-54-56-57-58,246.676,6.90391,6.93252e-310
dense_64_2,5,0,6843455,322.421,72287828,100000000,14-15-18-22-21-19-20-16-17-13-23-6-9-10-8-2-3-0-4-7-24-25-26-12-11-27-28-29-30-31-32-1-33-35-36-37-41-40-43-42-39-44-38-45-46-47-48-49-50-51-52-53-55-59-60-61-62-63-54-56-5-57-34-58,316.13,6.29135,6.90477e-310
dense_64_2,2,0,2031238,303.554,64076125,100000000,22-21-18-14-15-19-20-16-17-13-23-6-9-10-8-2-3-4-0-7-11-1-24-25-26-12-27-28-29-30-31-5-32-33-35-36-37-41-40-43-42-39-44-38-45-46-47-48-49-50-59-52-55-53-51-60-61-62-63-56-54-57-34-58,298.11,5.44367,6.92018e-310
dense_64_2,2,1,2031181,286.665,61817919,100000000,22-21-18-14-15-19-20-16-17-13-23-6-9-10-8-2-3-4-0-7-11-1-12-24-25-26-5-27-28-29-30-31-32-33-35-36-37-41-40-43-42-39-44-38-45-46-47-48-49-50-59-52-55-53-51-60-61-62-63-56-54-57-34-58,281.197,5.46841,0.00070619
dense_64_2,4,1,2031421,404.557,68290257,100000000,22-21-18-14-15-19-20-16-17-13-23-6-9-10-8-2-3-0-4-7-11-24-25-26-12-1-27-28-29-30-31-32-5-33-35-36-37-41-40-43-42-39-44-38-45-46-47-48-49-50-51-52-53-55-59-60-61-62-63-54-56-57-34-58,399.112,5.44496,0.000634519
dense_64_2,4,0,2031815,420.239,73015307,100000000,22-21-18-14-15-19-20-16-17-23-13-6-9-10-8-2-3-0-4-7-24-25-26-12-11-27-28-29-30-31-32-1-33-35-36-37-41-40-43-42-39-44-38-45-5-46-47-48-49-50-51-52-53-55-59-60-61-62-63-54-56-57-34-58,414.834,5.40486,6.90674e-310
dense_64_3,1,1,12021062,283.491,96576496,100000000,42-39-44-38-46-37-36-40-45-41-43-47-48-49-50-35-51-32-34-33-31-52-53-55-56-60-59-57-58-61-30-29-28-27-26-25-21-23-18-4-11-8-17-15-16-7-6-12-10-9-24-5-19-22-13-3-2-1-62-14-20-54-0-63,275.008,8.48241,0.000631563
dense_64_3,1,0,3694013,280.205,99627336,100000000,42-39-44-38-46-37-36-40-45-41-43-35-47-48-49-50-51-32-34-31-30-29-28-27-26-25-21-23-18-4-8-11-17-16-15-7-6-12-10-9-5-19-24-22-3-2-1-13-33-52-53-55-56-57-59-60-58-61-62-0-14-20-54-63,274.781,5.42419,6.93437e-310
dense_64_3,5,0,3279648,302.316,76228447,100000000,42-39-38-44-46-40-45-37-36-47-48-49-50-41-43-51-35-52-32-34-53-55-56-59-60-57-58-33-31-30-29-28-27-26-25-21-23-18-4-8-11-17-15-16-7-6-12-10-24-19-22-5-9-13-3-14-20-2-1-61-62-54-0-63,296.722,5.59456,6.94428e-310
dense_64_2,3,0,2114939,369.062,76333729,100000000,22-21-18-14-15-19-20-17-23-6-9-10-8-2-3-16-13-0-4-24-25-26-7-11-27-28-29-30-31-32-1-33-35-36-37-41-40-43-42-44-39-38-12-45-46-47-48-49-50-51-52-53-55-59-60-61-62-63-54-56-5-57-34-58,363.631,5.43111,6.94917e-310
dense_64_3,2,0,6629717,311.247,75696327,100000000,42-39-44-38-46-40-45-37-36-41-47-48-49-50-43-51-35-52-32-53-34-55-59-57-56-60-58-33-31-61-30-29-28-27-26-25-21-23-18-4-11-8-17-15-16-7-6-12-10-24-19-9-5-22-13-3-14-20-2-62-1-54-63-0,304.951,6.29574,6.92161e-310
dense_64_2,0,0,4910020,466.328,132623047,100000000,14-15-13-7-6-9-10-8-11-16-17-18-22-19-21-2-3-0-1-4-12-5-20-23-24-25-26-27-28-29-30-31-32-33-35-34-36-37-41-43-40-44-38-39-42-45-46-47-48-49-50-51-52-53-55-59-60-54-56-57-61-62-58-63,460.49,5.83876,6.94606e-310
dense_64_2,3,1,2074029,410.394,71457874,100000000,22-21-18-14-15-19-20-17-23-6-9-10-8-2-3-13-0-16-4-7-11-24-25-26-1-27-28-29-30-31-32-12-5-33-35-36-37-41-40-43-42-44-39-38-45-46-47-48-49-50-51-52-53-55-59-60-61-62-63-54-56-57-34-58,404.968,5.42547,0.000670428
dense_64_3,2,1,7189490,339.092,74509494,100000000,42-39-44-38-46-40-45-37-36-41-47-48-49-50-43-51-35-52-32-53-55-59-60-56-57-58-34-33-61-31-30-29-28-27-26-25-21-23-18-4-11-8-17-15-16-7-6-12-10-24-19-9-5-22-13-3-14-20-2-62-1-54-63-0,332.808,6.28391,0.000713363
dense_64_4,1,1,16400322,177.973,75601661,100000000,38-22-9-46-37-23-58-57-59-33-40-35-47-60-24-25-10-36-39-28-29-14-32-34-12-13-27-48-49-54-50-61-19-21-44-45-8-26-30-55-41-11-16-15-18-6-5-4-2-20-17-31-56-62-63-51-52-53-43-42-1-3-7-0,170.895,7.07886,0.00127844
dense_64_4,1,0,29369373,176.135,78616521,100000000,38-22-9-37-46-23-58-57-59-33-40-35-47-60-24-25-10-36-39-28-29-14-12-13-27-32-34-48-49-54-50-61-19-21-44-45-8-30-26-55-41-11-16-6-5-4-2-15-18-1-17-20-31-42-43-51-52-53-56-62-63-0-3-7,168.152,7.9828,6.94835e-310
dense_64_4,5,0,176416635,174.695,30724850,100000000,22-38-9-23-58-37-46-60-47-57-33-40-35-24-25-36-39-59-14-28-29-10-61-27-34-21-32-19-8-48-12-13-26-44-45-49-54-50-11-41-56-15-30-63-62-55-20-16-18-6-31-5-4-2-43-42-51-52-53-17-7-1-3-0,114.009,60.6855,6.91938e-310
dense_64_3,4,1,12066251,376.119,77911794,100000000,42-39-38-44-46-37-36-40-45-47-48-49-50-41-43-35-51-32-52-34-53-55-56-60-59-57-58-31-33-30-61-29-28-27-26-25-21-23-18-4-8-11-17-15-16-7-6-12-10-24-19-5-9-22-3-13-14-2-20-1-62-54-0-63,370.189,5.93017,0.000731279
dense_64_3,4,0,3027000,376.329,79644942,100000000,42-39-38-44-46-37-36-40-45-47-48-49-50-41-43-35-51-32-52-34-53-55-56-59-57-60-58-31-30-33-29-28-27-26-25-21-23-18-4-8-11-17-15-16-7-6-12-10-24-19-5-9-22-3-13-14-2-20-1-61-62-54-0-63,370.838,5.49053,6.93057e-310
dense_64_3,3,0,3909612,364.671,83227484,100000000,42-39-38-44-46-37-36-40-47-48-49-50-45-51-41-35-43-52-32-34-53-55-56-57-60-59-58-31-33-61-30-29-28-27-26-25-21-23-19-18-4-8-11-17-15-16-7-6-12-10-22-24-5-9-3-13-14-20-2-1-62-54-0-63,359.224,5.44733,6.92393e-310
dense_64_4,4,1,13757237,157.15,36970409,100000000,38-22-9-46-37-23-58-57-33-40-35-47-60-59-36-39-24-25-14-10-28-29-27-32-34-21-61-44-45-48-12-13-41-49-54-50-11-19-8-26-30-56-31-55-20-62-63-43-42-15-16-6-5-4-2-18-51-52-53-17-1-3-7-0,150.789,6.36021,0.00165184
dense_64_4,4,0,13800887,147.238,37541426,100000000,38-22-9-46-37-23-58-57-33-40-35-47-60-59-36-39-24-25-14-10-28-29-27-32-34-21-61-44-45-48-12-13-41-49-54-50-11-19-8-26-30-56-55-31-20-62-63-43-42-15-16-6-5-4-2-51-52-53-18-1-17-3-7-0,140.854,6.38319,6.92448e-310
dense_64_3,3,1,12166801,363.924,81468029,100000000,42-39-38-44-46-37-36-40-47-48-49-50-45-51-41-35-43-52-32-34-53-55-56-60-59-57-58-33-31-61-30-29-28-27-26-25-21-23-19-24-18-4-11-8-17-15-16-7-6-12-10-22-5-9-13-3-14-20-2-1-62-54-0-63,357.976,5.9476,0.00164789
dense_64_3,0,0,15956688,388.75,136494499,100000000,42-44-39-38-46-37-36-40-41-45-35-32-34-43-47-48-49-50-31-30-29-28-27-26-25-21-18-4-8-11-17-16-15-7-6-12-9-23-5-10-19-24-3-2-1-13-33-51-52-53-55-56-57-59-60-58-61-62-0-14-20-22-54-63,382.497,6.25336,6.93696e-310
dense_64_5,4,0,40448423,291.646,69527885,100000000,57-56-58-59-55-61-62-60-54-63-53-51-50-49-48-47-46-44-43-39-38-37-36-35-34-3-4-13-12-6-8-33-32-5-11-15-27-19-26-28-20-21-24-16-18-25-29-22-31-2-1-0-17-7-23-14-10-9-30-40-41-42-45-52,283.03,8.61599,6.90751e-310
dense_64_5,4,1,43124838,297.898,66728535,100000000,57-56-58-59-55-61-62-60-54-63-53-51-50-49-48-47-46-44-43-39-38-37-36-35-34-3-4-13-12-6-8-5-33-32-11-15-27-19-26-28-20-21-24-16-18-25-29-22-2-1-31-0-17-7-9-14-10-23-30-40-41-42-45-52,289.2,8.69832,0.00253925
dense_64_5,2,0,10224072,228.95,62183458,100000000,19-27-26-28-20-21-24-16-25-18-17-15-13-4-12-33-32-6-8-3-5-11-29-22-7-31-2-1-0-9-23-14-10-34-37-36-38-39-35-30-43-44-46-47-48-49-45-40-50-51-42-41-53-54-55-56-57-58-59-61-62-60-63-52,222.857,6.0931,6.91928e-310
dense_64_4,0,0,38903470,401.402,121373019,100000000,38-22-9-46-37-23-58-47-59-36-39-33-40-35-57-12-13-60-27-32-10-24-25-28-29-34-48-14-61-11-19-16-49-54-50-15-18-21-44-45-8-6-5-4-2-1-17-20-26-30-31-41-42-43-51-52-53-55-56-62-63-0-3-7,391.7,9.70168,6.93799e-310
dense_64_6,1,1,23047858,166.278,80452145,100000000,50-63-54-51-52-43-60-62-42-56-61-40-38-58-59-53-55-44-39-47-57-41-45-46-48-49-37-36-34-31-30-32-29-27-26-24-33-35-23-21-20-18-19-7-6-9-4-1-5-0-3-10-11-14-16-15-8-2-17-12-22-25-28-13,159.041,7.23747,0.0027263
dense_64_5,2,1,10222194,230.352,60872881,100000000,19-27-26-28-20-21-24-16-25-18-17-15-13-4-12-33-32-6-8-5-3-11-29-22-7-31-2-1-9-0-14-23-10-34-37-36-38-35-39-30-43-44-46-47-48-49-45-40-50-51-42-41-53-54-55-56-57-58-59-61-62-60-63-52,224.396,5.95561,0.00220528
dense_64_6,1,0,95586135,180.286,85282450,100000000,50-63-54-51-52-43-60-62-42-56-61-40-38-58-59-53-55-44-39-47-57-41-45-46-48-37-36-34-31-30-32-29-27-26-24-23-21-20-18-19-7-6-9-5-4-1-0-3-10-11-14-16-15-8-2-12-17-33-35-49-13-22-25-28,165.828,14.4583,6.92631e-310
dense_64_6,5,0,9966579,178.584,55343210,100000000,63-50-54-51-43-52-60-62-42-56-40-38-61-44-53-55-47-39-57-58-59-41-45-37-46-48-36-34-31-30-29-32-27-26-24-49-35-33-23-21-20-18-19-7-6-9-5-4-1-0-3-10-11-14-16-15-8-17-12-2-28-25-22-13,172.888,5.69609,6.90197e-310
dense_64_6,4,0,7526808,224.29,60092730,100000000,50-54-63-51-52-43-62-60-38-40-61-42-56-53-55-44-39-58-59-57-47-37-41-36-34-31-30-29-32-27-26-24-46-48-45-33-35-49-23-21-20-18-19-7-6-9-5-4-1-0-3-10-11-14-16-15-8-17-12-2-28-25-22-13,218.435,5.85567,6.9236e-310
dense_64_6,4,1,7519803,237.172,57809115,100000000,50-54-63-51-52-43-62-60-38-40-61-42-56-53-55-44-39-58-59-57-47-37-41-36-34-31-30-29-32-27-26-24-46-48-45-33-35-49-23-21-20-18-19-7-6-9-5-4-1-0-3-10-11-14-16-15-8-17-2-12-28-25-22-13,231.57,5.60179,0.00192487
dense_64_6,2,0,9614887,172.205,52509180,100000000,63-50-54-51-52-43-60-62-61-40-38-42-56-53-44-55-39-58-59-57-41-47-45-48-46-37-49-36-34-31-30-29-32-27-26-24-33-35-23-21-20-18-19-9-6-4-1-7-5-3-0-10-11-14-16-15-8-2-17-12-28-25-22-13,166.378,5.82648,6.93596e-310
dense_64_7,1,1,13111362,160.905,76829262,100000000,44-43-45-42-41-40-39-38-37-36-35-34-33-30-24-27-19-26-20-28-23-25-29-22-18-17-16-15-14-13-12-11-10-21-31-9-8-7-6-2-4-1-0-3-46-47-48-50-51-52-55-56-59-58-54-57-60-49-53-61-62-5-32-63,153.356,7.54868,0.0017844
dense_64_6,2,1,9614755,173.118,51623808,100000000,63-50-54-51-52-43-60-62-61-40-38-42-56-53-44-55-39-58-59-57-41-47-45-48-46-37-49-36-34-31-30-29-32-27-26-24-33-35-23-21-20-18-19-9-6-4-1-7-5-3-0-10-11-14-16-15-8-2-17-12-28-25-22-13,167.331,5.78736,0.00239823
dense_64_7,1,0,13111429,161.754,80195364,100000000,44-43-45-42-41-40-39-38-37-36-35-34-33-30-24-27-19-26-20-28-23-25-29-22-18-17-16-15-14-13-12-11-10-21-9-8-7-6-2-4-1-0-3-31-46-47-48-50-51-52-55-56-59-58-54-57-60-49-53-61-62-5-32-63,154.213,7.54142,6.90458e-310
dense_64_7,5,0,10893272,225.211,66476358,100000000,13-14-15-16-12-11-17-10-18-26-24-27-30-19-28-20-23-25-29-22-21-33-31-9-34-35-36-37-38-39-40-41-42-43-44-45-46-47-48-50-51-52-55-56-59-58-54-57-60-49-53-61-8-7-6-2-4-1-0-3-5-62-32-63,219.497,5.71426,6.93404e-310
dense_64_7,2,0,11525146,189.928,57215598,100000000,27-30-24-29-28-26-19-25-20-23-22-18-17-16-15-14-13-12-11-21-10-33-31-34-35-36-37-38-39-40-41-42-43-44-45-46-32-47-48-50-51-54-55-56-59-58-57-52-60-49-53-61-9-8-7-6-2-4-1-0-3-5-62-63,183.888,6.03987,6.90339e-310
dense_64_7,4,0,10895350,271.344,66736705,100000000,13-14-15-16-12-11-17-10-18-19-24-27-26-30-28-20-25-23-29-22-21-33-31-9-34-35-36-37-38-39-40-41-42-43-44-45-46-47-48-50-51-52-55-56-59-58-54-57-60-49-61-8-7-6-2-4-1-0-3-53-5-62-32-63,265.622,5.72178,6.94812e-310
dense_64_7,4,1,10893361,274.719,64097146,100000000,13-14-15-16-12-11-17-10-18-19-24-27-26-20-30-28-25-23-29-22-21-33-31-34-35-36-37-38-39-40-41-42-43-44-45-46-9-47-48-50-51-52-55-56-59-58-54-57-60-49-53-61-8-7-6-2-4-1-0-3-5-62-32-63,269.033,5.68654,0.00134311
dense_64_5,3,0,43100572,317.143,73329070,100000000,57-56-58-59-55-61-62-60-54-63-53-51-50-49-48-47-46-44-43-39-38-37-36-35-34-3-4-13-12-6-8-33-32-5-11-15-27-28-19-26-20-21-24-16-18-25-29-22-2-1-31-0-17-7-23-9-14-40-10-30-41-42-45-52,308.275,8.86706,6.93488e-310
dense_64_7,2,1,11524964,184.688,56460587,100000000,27-30-24-29-28-26-19-25-20-23-22-18-17-16-15-14-13-12-11-21-10-33-31-34-35-36-37-38-39-40-41-42-43-44-45-46-32-47-48-50-51-54-55-56-59-58-57-52-60-49-53-61-9-8-7-6-2-4-1-0-3-5-62-63,178.859,5.82946,0.00170406
dense_64_8,1,1,18266008,219.128,98292187,100000000,28-21-25-29-26-30-20-32-24-23-31-27-22-33-34-19-35-18-17-16-15-14-13-12-11-8-7-9-5-6-4-3-2-1-0-36-37-38-39-42-44-45-46-47-48-49-50-51-52-56-57-55-59-63-61-54-60-62-40-41-53-58-43-10,212.668,6.46018,0.00177942
dense_64_5,3,1,43153804,310.107,69556009,100000000,57-56-58-59-55-61-62-60-54-63-53-51-50-49-48-47-46-44-43-39-38-37-36-35-34-3-4-13-12-8-5-6-33-32-11-15-27-19-26-28-20-21-24-16-18-25-29-22-2-1-31-0-17-7-9-14-23-10-40-30-41-42-45-52,301.325,8.78214,0.00188609
dense_64_8,1,0,15787583,214.977,100215648,100000000,28-21-25-29-26-30-24-20-32-23-31-22-27-33-34-19-18-17-16-15-14-13-12-11-8-7-9-5-4-3-2-1-0-6-35-36-37-38-39-42-44-45-46-47-48-49-50-51-52-56-57-55-59-63-61-54-60-62-10-40-41-43-53-58,208.192,6.78457,6.94412e-310
dense_64_8,5,0,12295214,253.903,80154218,100000000,25-21-28-29-26-30-24-20-32-23-27-22-31-33-34-19-35-18-36-37-38-39-42-17-16-15-14-13-12-11-8-7-9-5-6-10-4-3-2-1-0-40-41-44-45-46-47-48-49-50-51-52-56-57-55-59-63-61-54-53-58-60-62-43,247.898,6.0043,6.92098e-310
dense_64_8,2,0,11465908,244.371,79191538,100000000,28-21-25-29-26-30-24-23-20-32-27-22-31-33-34-19-35-36-37-38-39-18-42-17-16-15-14-13-12-11-8-7-9-5-6-4-3-2-1-0-10-40-41-44-45-46-47-48-49-50-51-52-56-57-55-54-59-63-61-53-58-60-62-43,237.938,6.43288,6.94779e-310
dense_64_6,3,0,9096583,253.64,70135339,100000000,63-50-43-54-51-52-60-38-40-61-62-42-56-58-59-39-47-44-55-53-37-57-36-34-31-30-29-32-27-26-24-45-41-35-33-23-21-20-18-19-7-6-9-5-4-1-0-3-10-11-14-16-15-8-46-48-12-17-2-28-22-49-25-13,248.102,5.5382,6.90243e-310
dense_64_8,2,1,11403335,245.265,78617078,100000000,28-21-25-29-26-30-24-20-32-23-27-22-31-33-34-19-35-36-37-38-39-18-42-17-16-15-14-13-12-11-8-7-9-5-6-4-3-2-1-0-10-40-41-44-45-46-47-48-49-50-51-52-56-57-55-54-59-63-61-58-53-60-62-43,238.86,6.40561,0.00184345
dense_64_8,4,0,7361536,317.732,83540759,100000000,21-28-29-25-26-30-24-23-20-32-31-27-22-33-34-19-35-18-36-37-38-39-42-17-16-15-14-13-12-11-8-7-9-5-6-10-4-3-2-1-0-40-41-44-45-46-47-48-49-50-51-52-56-57-55-59-63-61-54-58-60-62-53-43,311.989,5.74346,6.90493e-310
dense_64_6,3,1,8655247,260.445,66910433,100000000,63-50-43-54-51-52-60-38-40-61-62-42-56-58-59-39-47-55-44-53-37-57-45-36-34-31-30-29-32-27-26-24-41-33-35-46-48-23-21-20-18-19-7-6-5-4-1-9-0-3-10-11-14-16-15-8-2-49-12-17-28-22-25-13,254.846,5.59873,0.00145709
dense_64_8,4,1,7361520,337.524,82685754,100000000,21-28-25-29-26-30-24-23-20-32-31-27-22-33-34-19-35-18-36-37-38-39-42-17-16-15-14-13-12-11-8-7-9-5-6-10-4-3-2-1-0-40-41-44-45-46-47-48-49-50-51-52-56-57-55-59-63-61-54-58-60-62-53-43,331.768,5.75526,0.00138671
dense_64_9,5,0,5265463,183.685,55388180,100000000,31-27-28-26-29-25-21-18-17-32-30-9-11-14-4-6-8-19-33-35-39-43-40-36-24-22-1-2-34-37-38-41-44-42-20-12-13-16-15-10-3-23-5-7-45-0-46-47-48-49-50-51-52-53-54-55-56-57-58-59-60-61-62-63,175.964,7.72111,6.92313e-310
dense_64_9,2,0,4169291,183.772,52770814,100000000,31-28-27-26-29-25-21-18-17-30-32-9-11-14-8-6-4-33-35-39-43-40-36-41-42-44-37-38-16-12-19-1-2-13-34-15-24-22-10-3-20-23-45-5-7-0-46-47-48-49-50-51-52-53-54-55-56-57-58-59-60-61-62-63,174.763,9.00944,6.92819e-310
dense_64_9,2,1,6333179,176.792,52557037,100000000,31-28-27-26-29-25-21-18-17-30-32-9-11-14-8-6-4-33-35-39-43-40-36-42-41-44-37-38-16-12-19-1-2-13-34-15-24-22-10-3-20-23-5-7-45-0-46-47-48-49-50-51-52-53-54-55-56-57-58-59-60-61-62-63,168.428,8.36463,0.00172533
dense_64_6,0,0,73831088,400.326,131934262,100000000,54-50-51-52-63-43-60-40-38-42-56-61-62-39-53-41-45-55-44-46-47-48-57-58-59-37-36-34-31-30-29-27-26-24-23-21-20-18-19-7-6-9-4-1-5-10-8-11-14-0-2-3-12-16-17-32-33-35-49-13-15-22-25-28,386.235,14.0901,6.9045e-310
dense_64_7,3,0,10883634,266.321,69555757,100000000,13-14-15-16-12-11-17-10-18-19-24-27-30-26-20-28-23-25-29-22-21-33-31-9-34-35-36-37-38-39-40-41-42-43-44-45-46-47-48-50-51-52-55-56-59-58-57-54-60-49-61-8-7-6-2-1-0-4-53-3-62-5-32-63,260.774,5.54765,6.93465e-310
dense_64_7,3,1,10878930,272.413,67267842,100000000,13-14-15-16-12-11-17-10-18-19-24-27-26-20-30-28-23-25-29-22-21-33-31-9-34-35-36-37-38-39-40-41-42-43-44-45-46-47-48-50-51-52-55-56-59-58-57-54-60-49-53-61-8-7-6-2-1-0-4-3-62-5-32-63,266.878,5.53507,0.00155111
dense_64_9,4,0,521765763,312.479,60415104,100000000,27-31-28-26-25-21-18-17-29-9-11-14-32-30-4-6-8-19-33-35-39-43-40-36-1-2-37-38-41-44-42-22-24-20-10-15-16-12-13-34-3-23-45-0-5-7-46-47-48-49-50-51-52-53-54-55-56-57-58-59-60-61-62-63,225.874,86.6047,6.94035e-310
dense_64_10,5,0,7055965,244.895,73996755,100000000,14-23-11-22-26-25-12-21-24-10-27-19-20-13-15-29-18-28-8-30-31-34-35-33-16-7-9-5-4-3-2-1-0-32-36-17-37-38-39-43-45-46-44-47-49-50-48-51-52-53-55-56-57-58-59-60-61-62-42-40-41-54-63-6,239.101,5.79385,6.92165e-310
dense_64_10,2,0,14750995,236.93,68956727,100000000,23-14-11-22-26-25-12-21-24-10-27-19-20-13-28-29-15-18-8-30-31-34-35-33-16-32-9-17-36-7-5-4-3-2-1-0-37-38-39-43-45-46-44-47-49-50-48-51-52-53-55-56-57-58-59-61-60-62-42-40-41-54-63-6,230.991,5.93982,6.93362e-310
dense_64_9,4,1,512367507,321.77,59551567,100000000,27-31-28-26-25-21-18-17-29-9-11-14-32-30-4-6-8-19-33-35-39-43-40-36-1-2-37-38-41-44-42-22-24-20-10-15-16-12-13-34-3-23-45-0-5-7-46-47-48-49-50-51-52-53-54-55-56-57-58-59-60-61-62-63,236.195,85.5744,0.00186835
dense_64_10,2,1,14750846,224.86,67862113,100000000,23-14-11-22-26-25-12-21-24-10-19-27-20-13-28-29-15-18-8-30-31-34-35-33-16-32-9-17-36-7-5-4-3-2-1-0-37-38-39-43-45-46-44-47-49-50-48-51-52-53-55-56-57-58-59-61-60-62-42-40-41-54-63-6,218.74,6.12,0.00194195
dense_64_10,1,1,7159595,236.236,94530045,100000000,14-23-11-22-26-25-12-10-24-21-19-27-20-13-15-28-29-18-8-7-5-4-3-2-1-0-30-31-34-35-33-32-16-36-37-38-39-43-45-46-42-44-47-49-50-48-51-40-41-52-53-55-56-57-58-59-61-60-62-9-54-6-17-63,230.318,5.91813,0.00188188
dense_64_10,1,0,10374576,246.289,100158880,100000000,14-23-11-22-26-25-12-10-24-21-19-27-20-13-15-8-29-18-28-7-5-4-3-2-1-0-16-30-31-34-35-33-32-36-37-38-39-43-45-46-42-44-47-49-50-48-51-40-41-52-53-55-56-57-58-59-61-60-62-6-9-17-54-63,240.553,5.73676,6.95008e-310
dense_64_8,3,0,9139537,332.772,86260737,100000000,28-21-29-30-25-26-20-32-24-19-23-31-27-33-22-34-18-35-36-37-38-39-42-17-16-15-14-13-12-11-8-9-7-5-6-10-4-3-2-1-0-40-41-44-45-46-47-48-49-50-51-52-56-57-55-59-63-61-54-58-60-62-53-43,326.481,6.29131,6.92904e-310
dense_64_7,0,0,2426275,349.446,136518172,100000000,24-29-19-27-26-30-20-22-28-18-23-25-21-17-16-15-14-13-12-11-10-9-8-7-6-2-4-1-0-3-31-33-34-35-36-37-38-39-40-41-42-43-44-45-46-47-48-50-51-52-55-56-59-54-57-58-49-53-60-61-62-5-32-63,344.296,5.14912,6.90263e-310
dense_64_8,3,1,9139464,342.356,85072266,100000000,28-21-29-30-25-26-20-32-24-19-23-31-27-33-22-34-18-35-36-37-38-39-42-17-16-15-14-13-12-11-8-9-7-5-6-10-4-3-2-1-0-40-41-44-45-46-47-48-49-50-51-52-56-57-55-59-63-61-54-58-60-62-53-43,336.064,6.29259,0.00128424
dense_64_10,4,0,9029887,336.068,80065951,100000000,14-23-11-22-12-25-26-21-24-10-19-27-20-13-15-29-18-28-8-30-31-34-35-33-32-16-7-5-4-3-2-1-0-36-9-37-38-39-43-45-46-44-47-49-50-48-51-52-53-55-56-57-58-59-61-60-62-42-40-41-54-63-17-6,330.066,6.00201,6.8998e-310
dense_64_10,4,1,9029879,342.881,77585948,100000000,14-23-11-22-12-25-26-21-24-10-19-27-20-13-15-28-29-18-8-30-31-34-35-33-32-16-7-5-4-3-2-1-0-36-9-37-38-39-43-45-46-44-47-49-50-48-51-52-53-55-56-57-58-59-61-60-62-42-40-41-54-63-17-6,336.967,5.91378,0.00197236
dense_64_9,3,0,8379772,234.496,67974338,100000000,27-31-28-26-25-21-18-17-9-11-14-29-32-33-35-39-43-40-36-19-1-2-4-6-8-12-10-30-37-38-41-44-16-13-22-24-15-20-3-42-34-0-23-5-7-45-46-47-48-49-50-51-52-53-54-55-56-57-58-59-60-61-62-63,225.297,9.19854,6.92973e-310
dense_64_9,3,1,10914758,240.01,66804234,100000000,27-31-28-26-25-21-18-17-9-11-14-29-32-33-35-39-43-40-36-19-1-2-4-6-8-12-10-30-44-37-38-41-16-13-15-22-24-20-3-42-34-0-23-5-7-45-46-47-48-49-50-51-52-53-54-55-56-57-58-59-60-61-62-63,230.275,9.73517,0.00180715
dense_64_8,0,0,4839060,339.578,139080395,100000000,21-25-28-26-29-30-23-20-32-24-31-22-27-34-19-33-18-17-16-15-14-13-12-11-8-5-7-4-3-2-1-0-6-9-35-36-37-38-39-42-44-45-46-47-48-49-50-51-52-56-57-59-63-61-54-55-60-62-10-40-41-43-53-58,334.235,5.34234,6.9411e-310
dense_64_12,5,0,28066858,222.425,71980605,100000000,19-11-18-12-6-7-8-15-16-13-14-10-17-9-5-24-20-23-22-21-25-4-1-26-27-28-30-31-32-33-34-39-42-45-46-48-49-50-51-57-55-52-56-60-61-59-58-62-63-43-44-47-53-54-36-38-37-40-41-35-0-2-3-29,215.102,7.32267,6.91281e-310
dense_64_12,2,0,25989299,219.008,68167081,100000000,19-11-18-6-12-7-8-16-13-15-14-10-17-9-20-5-24-23-22-21-25-4-26-1-27-28-30-31-32-33-34-39-42-45-46-48-49-50-51-57-55-56-52-58-59-60-61-62-63-53-54-47-43-44-36-38-37-40-41-35-2-3-0-29,211.866,7.14128,6.93606e-310
dense_64_10,3,0,5579547,330.054,87005651,100000000,23-14-22-11-12-25-10-26-19-24-21-20-13-27-8-29-18-15-28-7-5-4-3-2-1-0-30-31-34-35-33-32-36-16-37-38-39-43-45-46-44-47-49-50-48-51-52-53-55-56-57-58-59-61-60-62-42-40-41-54-63-6-9-17,323.936,6.11826,6.94267e-310
dense_64_12,2,1,25981976,207.923,67780824,100000000,19-11-18-6-12-7-8-16-13-15-14-10-17-9-20-5-24-23-22-21-25-4-26-1-27-28-30-31-32-33-34-39-42-45-46-48-49-50-51-57-55-56-52-58-59-60-61-62-63-53-54-47-43-44-36-38-37-35-40-41-2-3-0-29,200.647,7.27677,0.00161445
dense_64_10,3,1,7320842,337.495,83324713,100000000,14-23-22-11-12-25-10-26-19-24-21-27-20-13-8-29-18-15-28-7-5-4-3-2-1-0-30-31-34-35-33-32-36-16-37-38-39-43-45-46-44-47-49-50-48-51-52-53-55-56-57-58-59-61-60-62-42-40-41-54-63-9-6-17,331.148,6.34711,0.00191791
dense_64_12,1,1,52409482,193.537,87095275,100000000,11-19-6-7-18-12-8-16-15-13-14-10-9-17-5-24-23-22-20-21-25-4-1-26-27-28-30-31-32-33-34-39-42-45-46-48-49-50-51-57-55-52-56-58-60-61-59-47-43-44-62-63-36-37-38-35-53-54-0-2-3-40-41-29,184.366,9.17115,0.0015643
dense_64_12,1,0,957620,192.092,88414465,100000000,11-19-6-7-18-12-8-16-13-15-14-10-9-5-24-23-22-17-20-21-25-4-1-26-27-28-30-31-32-33-34-39-42-45-46-48-49-50-51-55-57-52-56-58-60-61-59-47-43-44-62-63-36-37-38-35-0-2-3-29-40-41-53-54,187.126,4.96692,6.89892e-310
dense_64_13,5,0,3000128,182.586,61364046,100000000,47-48-49-55-41-50-54-38-37-39-53-51-45-42-40-46-52-44-56-35-43-57-34-36-58-59-60-61-62-33-63-32-31-26-30-27-28-24-23-22-21-20-19-18-17-16-15-14-10-11-9-13-8-12-7-6-5-4-29-3-2-1-25-0,177.01,5.57675,6.91063e-310
dense_64_9,0,0,13592846,379.99,132234917,100000000,11-14-4-6-8-9-17-18-21-12-16-19-3-2-25-26-27-31-28-10-13-22-24-1-15-23-29-30-32-33-35-39-43-40-36-42-37-38-41-44-20-34-45-46-47-48-49-50-51-52-53-54-55-56-57-58-59-60-61-62-0-5-7-63,374.254,5.73618,6.94806e-310
dense_64_13,1,1,8060565,170.722,87900856,100000000,47-49-48-41-55-50-38-37-39-54-42-40-45-53-46-51-52-44-35-56-34-33-32-31-26-30-27-28-24-23-22-21-20-19-18-17-16-15-14-10-11-9-13-8-7-6-5-12-4-3-2-57-58-59-60-61-62-1-43-25-29-36-0-63,164.866,5.85597,0.00358391
dense_64_13,1,0,3806130,167.754,88859149,100000000,47-49-48-41-55-50-38-37-39-54-42-40-45-53-46-51-52-44-35-56-34-33-32-31-26-30-27-28-24-23-22-21-20-19-18-17-16-15-14-10-11-9-13-8-7-6-5-12-4-3-2-1-57-58-59-60-61-62-0-25-29-36-43-63,162.455,5.29868,6.92686e-310
dense_64_14,5,0,1793371,209.501,61183698,100000000,42-57-52-43-47-54-56-45-58-49-53-48-55-44-41-50-51-46-38-40-59-31-30-29-28-27-26-24-23-22-21-20-25-19-18-34-60-36-37-39-32-17-16-15-14-13-12-11-9-8-7-6-10-5-33-4-3-2-1-61-0-35-62-63,204.202,5.29857,6.90247e-310
dense_64_12,4,0,806819034,400.05,74781560,100000000,19-11-6-18-12-7-8-16-13-15-10-14-9-17-20-5-24-23-22-21-25-4-1-26-27-28-30-31-32-33-34-39-42-45-46-48-49-50-51-57-55-52-56-58-60-61-59-62-63-47-43-44-53-54-36-37-38-35-40-41-0-2-3-29,280.571,119.48,6.95004e-310
dense_64_12,4,1,806818734,405.155,74120268,100000000,19-11-6-18-12-7-8-16-13-15-10-14-9-17-20-5-24-23-22-21-25-4-1-26-27-28-30-31-32-33-34-39-42-45-46-48-49-50-51-57-55-52-56-58-60-61-59-62-63-47-43-44-53-54-36-37-38-35-40-41-0-2-3-29,287.056,118.099,0.00158823
dense_64_14,1,1,6783503,196.443,86550508,100000000,42-43-57-52-47-45-54-56-58-49-53-48-41-55-44-50-51-38-31-30-29-28-27-26-24-23-22-21-20-19-25-34-36-33-40-32-60-18-59-35-39-37-17-16-15-14-13-12-11-9-8-7-6-61-5-4-3-2-1-62-46-10-0-63,191.011,5.43164,0.00294576
dense_64_10,0,0,12561758,336.313,134189147,100000000,14-11-23-22-12-25-26-10-19-24-15-27-8-21-29-18-20-28-7-5-4-3-2-1-0-13-16-30-31-34-32-35-33-36-37-38-39-43-42-44-45-46-47-49-50-48-40-41-51-52-53-55-56-57-58-59-61-60-62-6-9-17-54-63,330.585,5.72731,6.90683e-310
dense_64_14,1,0,2726757,211.952,90118292,100000000,42-43-57-52-47-45-54-56-58-49-53-41-48-55-44-50-38-31-30-29-28-27-26-24-23-22-21-20-19-25-34-36-51-18-32-33-40-60-17-16-15-14-13-12-11-9-8-7-6-5-4-3-2-1-35-37-39-59-61-62-0-10-46-63,206.798,5.15404,6.9231e-310
dense_64_15,5,0,13757487,282.198,82693123,100000000,19-18-20-21-22-23-16-17-24-25-26-27-14-15-13-28-12-29-30-31-32-37-36-35-34-38-39-40-42-52-49-50-46-51-41-53-54-55-57-56-44-48-47-45-58-43-59-60-61-63-33-11-10-9-8-7-6-5-4-3-2-1-0-62,275.652,6.54556,6.90338e-310
dense_64_13,4,0,6560133,240.907,67518869,100000000,49-47-55-48-41-50-39-38-42-40-45-46-53-51-54-37-44-52-56-35-43-57-34-36-58-59-60-61-62-63-33-32-31-26-30-27-28-24-23-22-21-20-19-18-17-16-15-14-10-11-9-13-8-12-7-6-5-4-29-3-2-1-25-0,234.753,6.15354,6.95093e-310
dense_64_14,2,0,1730938,230.825,60313837,100000000,42-57-52-43-47-54-56-45-58-49-53-55-48-44-41-50-51-46-59-38-40-60-31-30-29-28-27-26-24-23-22-21-20-19-25-18-34-36-32-39-33-17-16-15-14-13-12-11-9-8-7-6-10-5-4-3-2-1-61-37-35-0-62-63,225.466,5.35924,6.92471e-310
dense_64_13,4,1,6560112,263.783,67322871,100000000,49-47-55-48-41-50-39-38-42-40-45-46-53-51-54-37-44-52-56-35-43-57-34-36-58-59-60-61-62-63-33-32-31-26-30-27-28-24-23-22-21-20-19-18-17-16-15-14-10-11-9-13-8-12-7-6-5-4-29-3-2-1-25-0,257.605,6.17733,0.00320955
dense_64_14,2,1,1767665,235.099,59335580,100000000,42-57-52-43-47-54-56-45-58-49-53-48-55-44-41-50-51-46-59-38-40-60-31-30-29-28-27-26-24-23-22-21-20-19-25-18-34-36-39-32-33-17-16-15-14-13-12-11-9-8-7-6-10-5-4-3-2-1-35-61-37-0-62-63,229.82,5.27881,0.0023379
dense_64_15,1,1,1507253,254.57,94905792,100000000,19-18-20-23-22-21-16-17-24-25-26-27-15-14-13-28-12-11-10-9-8-7-6-5-4-3-2-1-0-29-30-31-32-37-36-35-34-33-38-39-40-42-52-49-50-46-41-51-44-48-45-47-53-54-55-57-56-43-58-59-60-61-63-62,248.989,5.58045,0.00224184
dense_64_12,3,0,61934706,282.364,73668015,100000000,11-19-6-18-12-7-8-10-15-16-13-5-14-24-9-17-20-23-22-21-4-25-1-26-27-28-30-31-32-33-34-39-42-45-46-48-49-50-51-57-55-52-56-58-60-61-59-62-63-47-43-44-53-54-36-37-38-35-40-41-0-2-3-29,272.407,9.95656,6.91494e-310
dense_64_15,1,0,1507364,256.892,97135949,100000000,19-18-20-23-22-16-17-21-24-25-26-27-15-13-14-12-11-10-9-8-7-6-5-4-3-2-1-0-28-29-30-31-32-37-36-35-34-33-38-39-40-42-52-49-50-46-41-51-44-48-45-47-53-54-55-57-56-43-58-59-60-61-63-62,251.304,5.58789,6.9185e-310
dense_64_12,3,1,61934249,291.539,72953052,100000000,11-19-6-18-12-7-8-10-15-16-13-5-14-24-9-17-20-23-22-21-4-25-1-26-27-28-30-31-32-33-34-39-42-45-46-48-49-50-51-57-55-52-56-58-60-61-59-62-63-47-43-44-53-54-36-37-38-35-40-41-0-2-3-29,281.235,10.3041,0.00155995
dense_64_14,4,0,2981337,315.799,68705992,100000000,42-43-57-52-47-45-54-56-58-53-49-41-44-48-55-50-46-51-38-31-30-29-28-27-26-24-23-22-21-20-25-19-34-18-36-40-60-32-33-17-16-15-14-13-12-11-9-8-7-6-10-5-4-3-2-1-59-0-37-39-35-61-62-63,309.816,5.9835,6.91438e-310
dense_64_15,2,0,13647367,297.543,79742508,100000000,19-18-20-23-22-21-16-17-24-25-26-27-14-15-13-28-29-30-31-32-37-36-35-34-38-39-40-42-52-49-50-46-51-41-44-48-53-54-55-57-56-47-45-43-58-59-60-61-63-33-12-11-10-9-8-7-6-5-4-3-2-1-0-62,291.055,6.4877,6.934e-310
dense_64_16,5,0,304222393,388.279,66176924,100000000,53-54-52-51-55-50-58-49-48-17-26-28-36-37-29-30-32-24-15-47-38-14-16-18-13-22-21-23-34-35-31-42-40-33-44-39-46-25-27-45-20-43-12-10-8-7-9-6-5-4-3-2-1-0-56-19-41-59-60-61-62-63-57-11,326.102,62.1769,6.92509e-310
dense_64_15,2,1,13647330,287.576,79373047,100000000,19-18-20-23-22-21-16-17-24-25-26-27-14-15-13-28-29-30-31-32-37-36-35-34-38-39-40-42-52-49-50-46-51-41-44-48-53-54-55-57-56-47-45-43-58-59-60-61-63-33-12-11-10-9-8-7-6-5-4-3-2-1-0-62,280.682,6.89395,0.00223321
dense_64_14,4,1,2012537,321.483,66973382,100000000,42-43-57-52-47-45-54-56-58-53-49-41-44-48-55-50-46-51-38-31-30-29-28-27-26-24-23-22-21-20-25-19-34-36-18-40-59-33-32-60-17-16-15-14-13-12-11-9-8-7-6-10-5-4-3-2-1-39-35-37-0-61-62-63,314.764,6.71905,0.00305543
dense_64_13,3,0,2548878,256.33,72521088,100000000,47-49-41-48-55-38-37-39-50-54-42-40-45-53-46-51-52-35-56-44-34-57-43-58-59-60-61-62-63-33-32-31-26-30-27-28-24-23-22-21-20-19-18-17-16-15-14-10-11-9-13-8-12-7-6-5-4-29-3-2-1-36-25-0,251.138,5.19211,6.92847e-310
dense_64_16,1,1,331865392,326.509,70379890,100000000,54-53-52-51-55-50-58-56-57-49-48-17-26-28-36-37-29-30-32-34-35-24-38-47-15-14-13-22-21-23-16-18-31-42-40-44-39-46-45-43-20-12-33-41-25-27-10-8-7-9-6-5-4-3-2-1-0-19-59-60-61-62-63-11,224.868,101.641,0.00169602
dense_64_16,1,0,451338558,299.02,78247300,100000000,62-63-61-60-59-58-55-54-53-52-51-50-49-48-17-26-28-36-37-29-30-32-34-35-24-38-15-47-13-22-21-23-14-16-18-31-42-40-39-44-46-20-33-45-12-43-10-8-7-9-6-5-4-3-2-1-0-19-25-27-41-56-57-11,234.104,64.9161,6.91206e-310
dense_64_13,3,1,2548788,271.456,72032342,100000000,47-49-48-41-55-38-37-39-50-54-42-40-45-53-46-51-52-44-35-56-34-57-43-58-59-60-61-62-63-33-32-31-26-30-27-28-24-23-22-21-20-19-18-17-16-15-14-10-11-9-13-8-12-7-6-5-4-29-3-2-1-36-25-0,266.239,5.21639,0.00343948
dense_64_15,4,0,13757381,372.174,84150322,100000000,19-18-20-23-22-21-16-17-24-25-26-27-14-15-13-28-12-29-30-31-32-37-36-35-34-38-39-40-42-52-49-50-46-41-51-53-54-55-57-56-44-48-45-47-58-43-59-60-61-63-33-11-10-9-8-7-6-5-4-3-2-1-0-62,365.723,6.45103,6.91551e-310
dense_64_14,3,0,2900446,294.081,70888288,100000000,42-43-57-52-45-54-56-49-53-47-41-48-55-50-58-44-46-38-51-31-30-29-28-27-26-24-23-22-21-20-19-25-18-34-36-32-17-16-15-14-13-12-11-9-8-7-6-10-5-33-40-60-4-3-2-1-59-0-35-37-39-61-62-63,288.624,5.45636,6.92634e-310
dense_64_12,0,0,4013200,314.446,140953222,100000000,11-18-19-12-6-7-8-16-13-14-10-15-9-5-24-17-20-23-22-4-1-21-25-26-27-28-30-31-32-33-34-36-39-42-37-38-35-45-46-48-49-55-57-50-51-52-59-56-58-60-61-0-2-3-29-40-41-43-44-47-53-54-62-63,309.036,5.40974,6.93687e-310
dense_64_16,2,0,808187777,403.017,51896233,100000000,36-26-28-17-37-32-30-29-34-35-33-15-24-38-47-48-14-31-16-23-22-18-21-13-27-42-40-25-44-39-46-20-45-43-12-49-50-51-52-53-54-55-10-8-7-9-6-5-4-3-2-1-0-19-58-41-56-57-59-60-61-62-63-11,280.756,122.26,6.93275e-310
dense_64_16,2,1,700365834,372.686,49568641,100000000,36-26-28-17-37-32-30-29-34-35-33-15-24-38-47-48-14-16-31-23-22-21-18-13-27-42-40-44-39-25-46-20-45-43-12-49-50-51-52-53-54-55-41-19-10-8-7-9-6-5-4-3-2-1-0-58-56-57-59-60-61-62-63-11,262.652,110.034,0.00215378
dense_64_15,4,1,13757269,365.526,82868066,100000000,19-18-20-23-22-21-16-17-24-25-26-27-14-15-13-28-12-29-30-31-32-37-36-35-34-38-39-40-42-52-49-50-46-41-51-53-54-55-57-56-44-48-45-47-43-58-59-60-61-63-33-11-10-9-8-7-6-5-4-3-2-1-0-62,359.059,6.46662,0.00158402
dense_64_14,3,1,2942696,265.147,68785409,100000000,42-43-57-52-45-54-56-49-53-47-41-48-55-50-58-44-46-38-51-31-30-29-28-27-26-24-23-22-21-20-19-25-18-34-36-59-32-33-40-60-17-16-15-14-13-12-11-9-8-7-6-10-5-4-3-2-1-35-39-37-0-61-62-63,259.375,5.77227,0.00194666
dense_64_13,0,0,3618703,320.602,133825142,100000000,41-49-47-48-55-39-50-54-42-52-38-37-40-45-53-44-46-51-35-34-33-32-31-26-30-24-27-28-23-22-21-20-19-18-17-16-15-14-10-11-9-8-7-6-5-4-3-2-1-13-56-57-58-59-60-61-62-0-12-25-29-36-43-63,315.539,5.06369,6.92135e-310
dense_64_15,3,0,13645674,356.056,86087842,100000000,19-18-20-21-22-16-17-23-24-25-26-27-14-15-13-12-28-11-29-30-31-32-37-36-35-34-38-39-40-42-52-49-41-50-46-51-53-54-55-57-56-44-48-45-47-43-58-59-60-61-63-33-10-9-8-7-6-5-4-3-2-1-0-62,349.428,6.62825,6.92411e-310
dense_64_15,3,1,13645199,360.15,84766406,100000000,19-18-20-21-22-16-17-23-24-25-26-27-14-15-13-12-28-11-29-30-31-32-37-36-35-34-38-39-40-42-52-49-41-46-50-51-53-54-55-57-56-44-48-45-47-43-58-59-60-61-63-33-10-9-8-7-6-5-4-3-2-1-0-62,353.678,6.47187,0.00218866
dense_64_18,5,0,18529504,238.729,61118070,100000000,17-12-13-14-15-16-9-11-18-19-10-7-1-8-22-23-24-30-25-31-29-26-20-32-2-4-21-3-5-6-0-28-27-34-33-35-36-38-39-40-37-41-43-44-45-42-46-47-48-49-52-54-55-56-62-60-51-53-57-59-61-58-50-63,230.415,8.31324,6.91431e-310
dense_64_18,1,1,15007583,203.039,78998759,100000000,14-12-17-13-15-16-9-18-19-11-8-7-1-10-2-4-3-5-6-20-23-24-30-25-31-29-26-22-32-28-0-34-38-36-35-21-39-40-27-37-41-43-44-45-33-42-46-47-48-49-52-54-55-56-62-60-51-53-57-59-61-58-50-63,195.755,7.28484,0.0014983
dense_64_18,1,0,17944194,217.312,84347308,100000000,14-12-17-13-15-16-9-18-19-11-8-7-1-2-4-10-3-5-6-20-23-24-30-25-31-29-26-32-22-28-0-34-21-35-36-38-39-27-33-37-41-43-44-45-40-42-46-47-48-49-52-54-55-56-62-60-51-53-57-59-61-58-50-63,209.111,8.20087,6.89846e-310
dense_64_14,0,0,5542517,365.868,134441926,100000000,42-43-57-52-47-45-41-48-54-56-49-55-58-38-31-34-36-44-51-53-32-33-40-60-30-29-28-27-26-24-23-22-21-20-18-19-17-16-15-14-13-12-11-9-8-7-6-5-4-3-2-1-35-37-39-50-59-61-62-0-10-25-46-63,360.605,5.26287,6.92544e-310
dense_64_18,2,1,26942166,221.447,54860795,100000000,14-17-12-13-15-16-9-11-18-19-10-7-1-22-23-24-30-25-31-29-26-20-8-32-4-2-21-5-6-3-28-0-27-34-33-38-35-36-39-40-37-41-43-44-45-42-46-47-48-49-52-54-55-56-62-60-51-53-61-59-57-58-50-63,213.216,8.23046,0.001629
dense_64_18,2,0,30839565,233.371,56639274,100000000,14-17-12-13-15-16-9-11-18-19-10-7-1-22-23-24-30-25-31-29-26-20-8-32-21-4-2-5-6-3-28-0-27-34-33-38-35-36-39-40-37-41-43-44-45-42-46-47-48-49-52-54-55-56-62-60-51-53-61-59-57-58-50-63,224.559,8.81201,6.91408e-310
dense_64_19,2,1,3319342,179.458,53820414,100000000,41-45-46-34-40-42-39-38-36-35-47-33-37-44-43-48-55-54-62-53-27-29-30-31-23-22-21-20-19-18-24-63-61-59-32-50-60-58-56-17-51-26-49-28-25-52-57-16-15-14-13-12-11-10-9-8-7-6-5-4-1-3-0-2,173.835,5.62248,0.00222094
dense_64_19,2,0,3325326,181.042,55069753,100000000,41-45-46-34-40-42-39-38-36-35-47-33-37-44-43-48-55-54-62-27-29-53-30-31-23-22-21-20-19-18-24-63-61-59-32-50-60-58-56-17-51-49-26-28-25-52-57-16-15-14-13-12-11-10-9-8-7-6-5-4-1-3-0-2,175.213,5.82964,6.90627e-310
dense_64_20,5,0,4580400,274.059,78566161,100000000,15-14-17-16-13-18-12-19-11-20-21-27-22-28-36-46-49-47-50-48-31-42-53-37-35-54-26-52-33-38-30-45-51-32-29-44-43-23-55-56-58-59-60-61-62-63-34-10-57-25-39-9-40-8-7-6-5-4-3-2-1-0-24-41,268.646,5.41301,6.9005e-310
dense_64_20,1,1,17456012,231.937,94801537,100000000,14-15-17-16-13-18-12-11-10-9-8-7-6-5-4-3-2-1-0-19-20-21-27-22-28-36-46-49-47-50-48-31-42-53-37-54-35-52-26-33-38-30-32-45-51-43-29-44-34-23-39-55-56-58-59-60-61-62-63-25-40-24-57-41,224.793,7.14367,0.00224296
dense_64_20,2,1,9766695,272.271,74598971,100000000,17-16-14-15-13-18-12-19-20-21-27-22-28-36-46-49-47-50-48-31-37-42-53-35-54-52-26-38-30-33-32-45-51-29-44-43-34-55-56-58-59-60-61-62-63-23-11-57-39-25-40-10-9-8-7-6-5-4-3-2-1-0-24-41,266.787,5.48343,0.00257921
dense_64_20,2,0,9760984,275.776,76182466,100000000,17-16-14-15-13-18-12-19-20-21-27-22-28-36-46-49-47-50-48-31-42-53-37-54-35-52-26-38-30-33-51-45-32-29-44-43-34-55-56-58-59-60-61-62-63-23-11-57-39-25-40-10-9-8-7-6-5-4-3-2-1-0-24-41,270.197,5.5792,6.91783e-310
dense_64_20,1,0,9919038,239.315,100694935,100000000,14-15-17-16-13-18-12-11-10-9-8-7-6-5-4-3-2-1-0-19-20-21-27-22-28-36-46-49-47-50-48-42-53-31-37-54-35-26-52-33-38-30-32-43-45-51-23-34-44-25-29-39-40-55-56-58-59-60-61-62-63-24-41-57,232.494,6.82162,6.89985e-310
dense_64_18,4,0,36108980,312.749,63476618,100000000,14-12-17-13-15-9-16-11-18-19-8-7-1-10-20-23-24-30-25-31-29-26-22-2-32-4-3-5-6-21-0-28-27-34-33-35-36-38-39-40-37-41-43-44-45-46-42-47-48-49-52-54-55-56-62-60-51-53-57-59-61-58-50-63,303.799,8.95037,6.92056e-310
dense_64_18,4,1,36085956,318.238,60172654,100000000,14-12-17-13-15-9-16-11-18-19-8-7-1-10-20-23-24-30-25-31-29-26-22-2-32-3-5-6-4-21-0-28-27-34-33-35-36-38-39-40-37-41-43-44-45-46-42-47-48-49-52-54-55-56-62-60-51-53-57-59-61-58-50-63,309.419,8.81889,0.00146106
dense_64_21,5,0,3092593,238.366,64823579,100000000,23-29-20-24-25-18-30-19-21-27-31-28-22-32-26-17-33-16-34-35-36-38-37-39-40-41-42-43-44-45-46-47-48-50-49-51-15-14-11-13-10-9-6-5-4-3-2-0-1-7-52-8-53-54-55-57-58-59-60-62-63-61-56-12,233.136,5.23016,6.93045e-310
dense_64_21,1,1,9067040,226.984,89070159,100000000,20-29-24-23-18-25-19-21-30-31-27-22-32-28-26-17-33-16-15-14-11-10-9-6-13-7-8-5-4-3-2-0-1-34-35-36-38-37-39-40-41-42-43-44-45-46-47-48-50-49-51-52-53-54-55-57-58-59-60-62-61-63-12-56,221.193,5.79098,0.00148529
dense_64_21,1,0,9068260,226.958,91344327,100000000,20-29-24-23-18-25-19-21-30-27-31-22-32-28-26-17-16-15-14-11-10-9-6-7-13-5-4-3-2-0-1-8-33-34-35-36-38-37-39-40-41-42-43-44-45-46-47-48-50-49-51-52-53-54-55-57-58-59-60-62-61-63-12-56,221.202,5.75594,6.93578e-310
dense_64_21,2,1,6377458,247.157,65112676,100000000,29-20-24-23-25-18-30-21-19-27-31-32-22-28-26-33-17-34-35-36-38-37-39-40-41-42-43-44-45-46-47-48-50-49-51-16-52-15-14-11-10-9-6-5-4-3-2-1-0-13-7-8-53-54-55-57-58-59-60-62-63-61-56-12,241.621,5.53646,0.00152549
dense_64_21,2,0,8403876,243.381,65810653,100000000,29-20-24-23-25-18-30-21-19-27-31-32-22-28-26-33-17-34-35-36-38-37-39-40-41-42-43-44-45-46-47-48-50-49-51-16-52-53-54-55-57-58-59-60-62-63-61-15-14-11-10-9-6-5-4-3-2-1-0-13-7-8-56-12,237.672,5.70891,6.90109e-310
dense_64_22,1,1,5213748,182.608,91309546,100000000,16-17-26-24-29-18-25-22-28-23-14-13-12-30-15-19-33-34-35-27-37-50-51-52-53-54-55-38-40-41-45-42-46-48-44-43-11-10-4-5-2-1-3-9-8-7-0-47-39-49-58-59-60-63-62-6-20-21-31-32-56-57-61-36,177.321,5.28727,0.00159312
dense_64_22,5,0,4534525,197.584,63113092,100000000,16-29-17-26-24-18-25-22-28-23-14-13-30-12-15-27-19-33-34-31-32-35-11-10-4-21-20-5-9-8-2-1-3-7-0-37-50-51-52-53-54-55-49-38-40-41-45-42-46-48-6-47-44-39-43-36-58-59-60-63-62-61-56-57,192.412,5.17225,6.93217e-310
dense_64_18,3,0,16403733,319.538,69028290,100000000,12-17-13-14-9-15-16-18-19-8-7-1-20-23-24-30-31-25-29-26-32-2-11-22-4-0-28-10-3-5-6-21-34-27-33-35-36-38-39-40-37-41-43-44-45-46-47-48-49-52-54-55-56-62-60-53-51-57-59-61-58-50-63-42,312.742,6.79557,6.90896e-310
dense_64_22,1,0,4183375,174.503,92759119,100000000,16-17-26-24-29-18-25-22-28-23-14-13-12-30-19-15-33-34-35-27-37-50-51-52-53-54-55-38-40-41-45-42-46-48-11-10-4-5-2-1-3-9-8-7-0-6-20-21-39-43-44-47-49-58-59-60-63-62-31-32-36-56-57-61,169.134,5.36916,6.90154e-310
dense_64_22,2,0,23461233,188.692,59946182,100000000,16-26-29-24-17-18-25-23-28-22-14-13-12-27-30-19-15-33-34-31-32-21-20-35-11-10-4-5-2-1-3-9-8-7-0-37-50-51-52-53-54-55-49-38-40-41-45-42-46-48-6-36-47-43-44-39-58-59-60-63-62-61-56-57,181.582,7.10993,6.93048e-310
dense_64_22,2,1,23461033,189.615,59560866,100000000,16-26-29-17-24-18-25-23-28-22-14-13-12-27-30-19-15-33-34-31-32-21-20-35-11-10-4-5-2-1-3-9-8-7-0-37-50-51-52-53-54-55-49-38-40-41-45-42-46-48-6-36-43-44-47-39-58-59-60-63-62-61-56-57,182.396,7.21922,0.00162822
dense_64_16,0,0,412076730,521.737,125259650,100000000,17-24-38-37-42-15-26-28-36-40-39-44-47-46-13-22-14-20-21-23-33-45-48-12-29-30-32-43-10-8-7-9-16-34-35-6-5-4-3-2-1-18-19-25-27-41-49-50-51-52-53-54-55-58-56-57-59-60-61-62-63-0-11-31,418.194,103.543,6.92694e-310
dense_64_18,3,1,17116764,308.886,65366290,100000000,12-17-13-14-9-15-16-18-19-8-7-1-20-23-24-30-31-25-29-26-32-2-11-4-22-0-10-3-5-6-28-21-34-27-33-35-36-38-39-40-37-41-43-44-45-46-47-48-49-52-54-55-62-60-56-53-51-57-59-61-58-50-63-42,301.98,6.9064,0.00160139
dense_64_23,1,1,140530172,210.574,99256162,100000000,35-34-36-31-30-19-20-18-22-26-28-23-25-21-17-16-15-12-37-24-27-29-11-10-9-7-8-6-5-4-3-2-1-0-38-39-40-41-44-45-42-43-46-49-50-51-52-53-55-54-57-58-59-60-61-63-62-13-14-32-33-47-48-56,194.139,16.4352,0.00136842
dense_64_23,1,0,140510192,211.099,103026085,100000000,35-34-36-31-30-19-26-28-18-20-22-23-25-21-17-16-15-12-37-24-27-29-11-10-9-7-8-6-5-4-3-2-1-0-38-39-40-41-44-45-42-43-46-49-50-51-52-53-55-54-57-58-59-60-61-63-62-13-14-32-33-47-48-56,194.941,16.1579,6.91823e-310
dense_64_23,5,0,11275172,252.469,82748626,100000000,35-34-36-31-30-26-18-22-20-17-16-15-28-19-23-25-21-37-12-24-27-32-33-29-38-11-10-9-7-8-39-40-41-44-45-42-43-46-13-14-47-6-49-5-4-3-2-1-0-50-51-52-53-55-57-58-59-60-61-63-62-54-48-56,246.389,6.08048,6.9201e-310
dense_64_23,2,0,3821663,226.313,73778888,100000000,20-28-22-18-30-26-19-23-25-21-31-34-35-36-27-24-29-17-16-15-37-12-32-33-38-11-10-9-7-8-39-40-41-44-45-42-43-46-47-13-14-6-49-5-4-3-2-1-0-50-51-54-53-55-52-57-58-59-60-61-63-62-48-56,220.889,5.42396,6.92529e-310
dense_64_23,2,1,3821615,225.601,73153405,100000000,20-28-22-18-30-26-19-23-25-21-31-34-35-36-27-24-29-17-16-15-37-12-32-33-38-11-10-9-7-8-39-40-41-44-45-42-43-46-47-13-14-6-49-5-4-3-2-1-0-50-51-54-53-55-52-57-58-59-60-61-63-62-48-56,220.201,5.40048,0.00147434
dense_64_24,1,1,2138830,212.905,85216438,100000000,19-23-30-28-24-31-25-27-29-32-35-17-16-15-14-13-18-20-36-12-34-26-33-37-21-11-10-9-8-3-1-0-7-4-6-38-39-40-41-42-43-44-45-47-46-48-49-50-51-52-53-54-55-56-57-58-59-60-61-62-63-2-5-22,207.448,5.45691,0.00257325
dense_64_20,4,0,15164470,346.965,80930648,100000000,14-17-16-15-13-12-18-11-19-20-21-27-22-28-36-46-49-47-50-48-31-42-53-37-35-54-52-26-33-38-30-45-51-32-29-44-43-10-55-56-58-59-60-61-62-63-23-34-25-39-9-40-8-7-6-5-4-3-2-1-0-57-24-41,340.944,6.02038,6.93305e-310
dense_64_24,2,0,3149883,240.433,64319994,100000000,30-35-31-28-19-24-32-29-27-25-23-36-20-18-34-33-26-17-16-15-14-13-37-21-12-38-39-40-41-22-11-42-43-44-45-47-46-48-49-50-51-52-53-54-55-56-57-58-59-60-61-62-63-10-9-8-7-1-0-3-4-6-2-5,234.793,5.64023,6.94968e-310
dense_64_24,2,1,3149866,238.557,63550151,100000000,30-35-31-28-19-24-32-29-27-25-23-36-20-18-34-33-26-17-16-15-14-13-37-21-12-38-39-40-41-22-11-42-43-44-45-47-46-48-49-50-51-52-53-54-55-56-57-58-59-60-61-62-63-10-9-8-7-1-0-3-4-6-2-5,232.947,5.60981,0.00264084
dense_64_24,5,0,3126067,279.786,76212722,100000000,19-23-24-30-28-31-25-27-29-32-35-17-16-15-14-13-18-20-36-12-34-26-33-21-37-11-38-39-40-41-42-43-44-45-47-46-48-49-10-50-51-52-53-54-55-56-57-58-59-60-61-62-63-9-8-3-1-0-7-4-6-2-22-5,274.516,5.27066,6.93281e-310
dense_64_19,3,1,2292212626,523.961,68822679,100000000,41-45-34-46-42-33-47-39-38-40-35-32-31-23-22-30-29-27-54-55-62-53-21-20-19-18-24-59-61-63-36-37-17-48-43-44-26-58-60-56-50-25-28-57-52-49-51-16-15-14-13-12-11-10-9-8-7-6-5-4-1-3-0-2,302.849,221.111,0.00257099
dense_64_20,4,1,19005351,341.948,78135990,100000000,14-17-16-15-13-12-18-11-19-20-21-27-22-28-36-46-49-47-50-48-31-37-42-53-35-54-52-26-33-38-30-32-45-51-29-43-44-34-10-55-56-58-59-60-61-62-63-23-25-39-9-40-8-7-6-5-4-3-2-1-0-57-24-41,335.224,6.72363,0.00244153
dense_64_25,1,1,4418180,189.207,81428047,100000000,36-44-35-43-37-47-48-42-46-41-39-40-45-38-34-49-50-51-52-53-55-54-56-33-32-31-30-29-28-27-26-25-24-22-23-21-20-19-18-17-16-15-8-9-13-10-11-12-14-7-6-3-2-0-1-5-4-57-58-59-60-61-62-63,181.033,8.17444,0.00184669
dense_64_25,2,0,4259654,215.23,59017587,100000000,36-44-37-43-35-47-48-46-41-42-40-45-39-38-34-49-50-33-32-31-30-29-28-27-26-25-24-51-52-53-55-54-56-22-57-21-20-19-18-17-16-15-13-9-14-10-11-12-8-7-6-5-2-1-0-3-4-23-58-59-60-61-62-63,207.016,8.21328,6.93415e-310
dense_64_25,2,1,4280818,216.344,58582680,100000000,36-44-37-43-35-47-48-46-41-42-40-39-45-38-34-49-50-33-32-31-30-29-28-27-26-25-24-51-52-53-55-54-56-22-57-21-20-19-18-17-16-15-13-9-14-10-11-12-8-7-6-5-2-1-0-3-4-23-58-59-60-61-62-63,208.56,7.78426,0.00131319
dense_64_25,5,0,4289565,208.018,61263855,100000000,36-44-35-37-43-47-48-46-42-45-41-39-38-40-34-49-33-32-31-30-29-28-27-26-25-24-50-51-52-53-55-54-56-22-57-21-20-19-18-17-16-15-9-13-8-10-11-12-14-7-6-5-2-1-0-3-4-23-58-59-60-61-62-63,200.309,7.70875,6.9394e-310
dense_64_21,4,0,5364466,318.636,70145978,100000000,24-20-29-23-18-19-25-30-21-32-31-28-27-22-26-33-17-34-35-36-38-39-37-40-41-42-43-44-45-46-47-48-50-49-51-16-52-15-14-11-10-9-6-5-4-3-2-0-1-13-7-8-53-54-55-57-58-59-60-62-63-61-12-56,313.243,5.39366,6.94508e-310
dense_64_26,1,1,3356176,208.759,76444155,100000000,15-9-12-20-23-18-22-17-21-16-13-14-10-8-7-11-5-4-6-25-24-19-26-30-28-31-27-32-29-33-34-38-39-35-36-37-40-43-42-41-44-48-45-47-46-3-49-50-51-52-54-57-59-58-56-60-55-53-2-1-0-61-62-63,202.901,5.85798,0.00163407
dense_64_20,3,1,42245815,344.402,81082217,100000000,14-15-16-13-17-12-18-11-19-20-21-27-22-28-36-46-49-47-50-48-31-42-53-37-35-54-26-52-33-38-30-32-45-51-29-44-43-55-56-58-59-60-61-62-63-23-34-10-39-9-25-40-8-7-6-5-4-3-2-1-0-57-24-41,335.763,8.63899,0.00234526
dense_64_21,4,1,5364464,333.707,69176185,100000000,24-20-29-23-18-19-25-30-21-32-31-28-27-22-26-33-17-34-35-36-38-39-37-40-41-42-43-44-45-46-47-48-50-49-51-16-52-15-14-11-10-9-6-5-4-3-2-0-1-13-7-8-53-54-55-57-58-59-60-62-63-61-12-56,328.302,5.40481,0.00147323
dense_64_20,3,0,393290576,441.418,84796598,100000000,14-15-16-13-17-12-18-11-19-20-21-27-22-28-36-46-49-47-50-48-31-42-53-35-37-54-26-52-33-38-30-51-45-44-55-56-58-59-60-61-62-63-32-29-23-43-10-34-39-9-25-40-8-7-6-5-4-3-2-1-0-57-24-41,341.502,99.9158,6.95077e-310
dense_64_18,0,0,14597955,429.839,130818797,100000000,7-1-2-4-8-9-14-12-17-13-10-15-16-18-19-3-5-6-11-20-23-24-25-29-30-31-21-22-26-32-34-35-36-38-39-27-28-33-37-41-43-44-40-42-45-46-47-48-49-52-54-55-56-57-59-61-62-58-60-50-51-0-53-63,423.757,6.0818,6.94877e-310
dense_64_26,2,0,5211871,248.279,60106930,100000000,15-12-9-20-22-23-18-21-16-17-13-14-10-11-8-7-25-24-19-5-6-4-26-30-28-31-32-33-34-38-35-37-36-39-29-27-40-43-42-41-44-48-47-45-3-2-1-0-46-49-50-51-52-54-57-59-58-60-56-55-53-61-62-63,241.914,6.36494,6.92291e-310
dense_64_26,2,1,5207599,244.185,58370137,100000000,15-12-9-20-22-23-18-21-16-17-13-14-10-11-8-7-25-24-19-5-6-4-26-30-28-31-32-33-34-38-35-37-36-39-29-27-40-43-42-41-44-48-47-45-3-46-2-1-0-49-50-51-52-54-57-59-58-60-56-55-53-61-62-63,237.921,6.26451,0.00125225
dense_64_25,1,0,3707785,201.927,84114491,100000000,36-44-35-43-37-47-42-48-46-39-41-40-38-45-34-49-33-32-31-30-29-28-27-26-25-24-22-21-20-19-18-17-16-15-9-13-8-10-11-12-14-7-6-3-2-0-1-5-4-23-50-51-52-53-55-54-56-57-58-59-60-61-62-63,193.821,8.10642,6.90424e-310
dense_64_26,5,0,10644415,250.629,62992243,100000000,15-9-12-16-20-23-18-22-21-17-13-14-10-8-7-11-25-19-24-5-4-6-26-30-28-31-32-33-34-38-37-36-35-39-29-27-40-43-42-41-44-48-3-45-47-2-1-0-49-50-51-52-54-57-59-58-56-60-55-53-61-62-46-63,243.541,7.08787,6.93184e-310
dense_64_22,4,0,23462404,237.404,65059488,100000000,16-17-24-26-18-29-25-23-22-28-12-13-14-19-27-15-30-33-34-11-10-4-20-21-35-5-3-2-1-9-8-7-0-31-32-37-50-51-52-53-54-55-38-40-41-45-42-46-48-6-47-44-43-49-39-36-58-59-60-63-62-61-56-57,230.255,7.14967,6.91611e-310
dense_64_27,1,1,1626045,251.331,88072164,100000000,44-48-51-47-54-55-60-61-62-63-46-42-43-49-50-52-45-53-56-58-59-57-41-40-39-38-37-29-32-28-34-35-36-26-30-27-31-33-24-25-23-22-21-20-19-18-16-15-17-14-13-12-9-8-7-6-2-4-5-1-0-10-11-3,246.128,5.20302,0.00114496
dense_64_22,4,1,66882400,267.212,64429085,100000000,16-17-24-26-18-29-25-23-22-28-12-13-14-19-27-15-30-33-34-11-10-4-20-21-5-35-3-2-1-9-8-7-0-31-32-37-50-51-52-53-54-55-38-40-41-45-42-46-48-44-43-6-47-49-39-36-58-59-60-63-62-61-56-57,256.511,10.701,0.00168022
dense_64_26,1,0,4146769,218.444,79723118,100000000,15-9-12-20-23-18-22-17-21-16-13-14-8-7-10-11-4-5-6-25-24-19-26-30-28-31-32-27-29-33-34-38-35-36-37-39-40-43-42-41-44-48-45-47-3-2-1-0-46-49-50-51-52-54-57-59-58-56-60-55-53-61-62-63,211.934,6.50996,6.94688e-310
dense_64_21,3,1,3724234,339.879,73459877,100000000,20-24-29-23-18-30-25-19-21-17-31-22-27-32-28-26-16-33-34-35-36-38-39-37-40-41-42-43-44-45-46-47-48-50-49-51-15-14-11-10-9-6-5-4-3-2-0-1-13-7-8-52-53-54-55-57-58-59-60-62-63-61-12-56,334.685,5.1943,0.00160722
dense_64_27,2,0,46079688,294.505,65152598,100000000,48-44-47-51-54-55-60-61-62-63-46-49-50-52-43-42-45-53-56-59-58-57-41-40-39-38-37-29-32-28-34-35-36-26-30-31-27-33-24-25-23-22-21-20-19-18-16-17-15-14-13-12-9-8-7-6-2-4-5-1-0-3-10-11,284.278,10.2271,6.93233e-310
dense_64_27,2,1,46079687,292.824,63659129,100000000,48-44-47-51-54-55-60-61-62-63-46-49-50-52-43-42-45-53-56-59-58-57-41-40-39-38-37-29-32-28-34-35-36-26-30-31-27-33-24-25-23-22-21-20-19-18-16-17-15-14-13-12-9-8-7-6-2-4-5-1-0-3-10-11,282.602,10.2225,0.00176623
dense_64_21,3,0,3729892,330.266,74826017,100000000,20-24-29-23-18-30-25-19-21-17-27-31-32-22-28-26-16-33-34-35-36-38-39-37-40-41-42-43-44-45-46-47-48-50-49-51-15-14-11-10-9-6-5-4-3-2-0-1-7-13-52-53-54-55-57-58-59-60-62-63-61-8-12-56,325.036,5.22969,6.90823e-310
dense_64_27,5,0,133148767,302.249,67477553,100000000,48-44-51-47-54-55-46-49-50-60-61-62-63-43-42-52-45-53-56-59-41-58-57-40-39-38-37-29-32-28-34-35-36-26-30-27-31-33-24-25-23-22-21-20-19-18-14-15-16-17-13-12-9-8-7-6-2-4-5-1-0-3-10-11,282.699,19.5495,6.9239e-310
dense_64_23,4,0,11273461,293.489,80889565,100000000,35-34-36-31-30-19-20-18-22-26-28-23-25-21-17-16-15-37-12-24-27-29-38-11-10-9-7-8-39-40-41-44-45-42-43-46-13-14-47-32-33-6-49-5-4-3-2-1-0-50-51-52-53-55-57-58-59-60-61-63-62-54-48-56,287.328,6.16075,6.91e-310
dense_64_28,1,1,38741862,208.91,75773592,100000000,41-48-47-37-39-29-30-34-44-45-42-46-50-40-38-31-43-51-36-49-33-35-28-27-26-25-52-32-53-56-55-54-24-23-20-21-22-19-18-15-16-17-14-57-58-59-60-61-62-63-13-12-11-10-9-7-8-6-5-3-2-1-0-4,199.34,9.56952,0.00334418
dense_64_27,1,0,2054143,259.434,91420454,100000000,44-48-51-54-47-55-60-61-62-63-46-42-43-52-49-50-56-45-53-58-41-40-39-38-37-29-32-28-34-35-36-26-30-27-31-24-23-22-21-20-19-18-14-15-16-17-13-12-9-8-7-6-2-4-5-1-0-10-11-25-33-57-59-3,254.072,5.36236,6.94259e-310
dense_64_23,4,1,9045504,316.619,79481186,100000000,35-34-36-31-30-19-20-18-22-26-28-23-25-21-17-16-15-37-12-24-27-29-38-11-10-9-7-8-39-40-41-44-45-42-43-46-13-14-47-32-33-6-49-5-4-3-2-1-0-50-51-52-53-55-54-57-58-59-60-61-63-62-48-56,310.773,5.84591,0.00144391
dense_64_28,2,1,38726442,223.885,52160853,100000000,41-48-47-37-39-29-30-44-45-42-34-50-46-40-51-38-43-49-31-36-35-33-52-28-32-55-53-27-26-25-56-54-57-58-59-60-61-62-63-24-23-20-21-22-19-18-15-16-17-14-13-12-11-10-9-7-8-6-5-3-2-1-0-4,214.437,9.44787,0.00329559
dense_64_28,2,0,122967760,230.067,52792297,100000000,41-48-47-37-39-29-30-44-45-42-34-50-46-40-51-38-43-49-31-36-35-33-52-28-32-55-53-27-26-25-56-54-57-58-59-60-61-62-63-24-23-20-21-22-19-18-16-15-14-13-12-11-10-9-7-8-6-5-3-2-1-0-4-17,212.924,17.1427,6.92457e-310
dense_64_22,3,1,4536665,269.474,73831431,100000000,16-17-18-26-29-24-22-25-12-13-23-28-14-19-30-27-15-33-34-35-11-10-4-3-2-1-5-9-8-7-0-37-50-51-52-53-54-55-20-21-31-32-38-40-41-45-42-46-44-43-48-6-49-58-59-60-63-62-36-47-39-61-56-57,264.192,5.28236,0.00154534
dense_64_22,3,0,4539252,256.752,74895199,100000000,16-17-18-26-24-29-22-25-12-13-23-28-14-19-30-27-15-33-34-35-11-10-4-3-2-1-5-9-8-7-0-37-50-51-52-53-54-55-20-21-31-32-38-40-41-45-42-46-44-48-6-43-49-58-59-60-63-62-36-39-47-61-56-57,251.472,5.28017,6.91887e-310
dense_64_28,5,0,141844604,242.035,58364874,100000000,47-37-41-48-39-29-30-44-45-34-42-46-50-40-38-31-36-43-35-51-33-49-28-32-27-26-52-25-53-55-56-24-23-20-21-22-54-57-58-59-60-61-62-63-19-18-15-16-14-13-12-11-10-9-7-8-6-5-3-2-1-0-4-17,221.909,20.1267,6.92124e-310
dense_64_24,4,0,3126011,320.537,74936913,100000000,19-27-28-30-31-24-23-25-29-32-35-17-16-15-14-13-18-20-36-12-34-26-33-21-37-11-38-39-40-41-42-43-44-45-47-46-48-49-10-50-51-52-53-54-55-56-57-58-59-60-61-62-63-9-8-3-1-0-7-4-6-2-22-5,315.194,5.34335,6.94548e-310
dense_64_28,1,0,5839013,213.663,79710309,100000000,41-37-47-48-39-29-34-30-44-45-42-46-50-40-38-31-43-51-36-33-35-49-28-27-26-25-52-32-53-55-56-24-23-20-21-22-19-18-15-16-14-13-12-11-10-9-7-8-6-5-3-2-1-0-4-17-54-57-58-59-60-61-62-63,207.134,6.52852,6.90253e-310
dense_64_23,3,1,16458089,287.563,80417334,100000000,35-34-36-31-30-19-20-18-22-26-28-23-25-21-17-16-15-37-12-24-27-29-38-32-33-11-10-9-7-8-39-40-41-44-45-42-43-46-47-6-49-5-4-3-2-1-0-50-51-52-53-55-54-57-58-59-60-61-63-62-13-14-48-56,281.097,6.46575,0.00138449
dense_64_24,4,1,3125748,314.678,72689503,100000000,19-27-30-28-31-24-23-25-29-32-35-17-16-15-14-13-18-20-36-12-34-26-33-21-37-11-38-39-40-41-42-43-44-45-47-46-48-49-10-50-51-52-53-54-55-56-57-58-59-60-61-62-63-9-8-3-1-0-7-4-6-2-22-5,309.367,5.31081,0.0026649
dense_64_23,3,0,17044961,272.925,82083781,100000000,35-34-36-31-30-19-20-18-22-26-28-23-25-21-17-16-15-37-12-24-27-29-38-32-33-11-10-9-7-8-39-40-41-44-45-42-43-46-47-6-49-5-4-3-2-1-0-50-51-52-53-55-57-58-59-60-61-63-62-54-13-14-48-56,266.445,6.47988,6.91106e-310
dense_64_20,0,0,5844323,368.616,134486897,100000000,36-28-27-46-49-47-31-33-42-53-37-38-50-30-21-22-32-35-43-45-51-54-23-34-44-48-20-19-18-17-14-13-15-16-12-11-10-9-8-7-6-5-4-3-2-1-0-25-26-29-39-40-52-55-56-58-59-60-61-62-24-41-57-63,363.229,5.38642,6.92052e-310
dense_64_25,4,0,3744034,233.264,63552635,100000000,36-44-35-37-43-47-46-48-39-40-41-38-34-42-45-49-33-32-31-30-29-28-27-26-25-24-22-21-20-19-18-17-16-15-9-13-8-10-11-12-14-7-6-3-2-0-1-5-4-23-50-51-52-53-55-54-56-57-58-59-60-61-62-63,225.683,7.58042,6.94572e-310
dense_64_30,1,1,4830867,164.801,81698118,100000000,58-59-48-56-54-55-61-62-53-44-52-60-47-51-49-46-43-42-39-41-50-57-40-63-45-38-37-36-35-34-33-32-31-29-30-28-27-26-25-24-23-22-21-20-19-18-17-16-15-14-13-12-11-10-9-8-7-6-5-4-3-2-1-0,156.961,7.84033,0.00299954
dense_64_24,3,1,17715149,308.342,75063161,100000000,30-23-28-31-24-19-25-27-29-32-35-17-16-15-14-13-18-36-20-12-34-26-33-37-11-21-38-39-40-41-42-43-44-45-47-46-48-49-10-50-51-52-53-54-55-56-57-58-59-60-61-62-63-9-8-3-1-0-7-4-6-2-22-5,301.148,7.19393,0.00235553
dense_64_26,4,0,10645733,280.695,64807474,100000000,15-9-12-20-23-18-22-21-16-17-13-14-10-8-7-11-25-24-19-5-4-6-26-30-28-31-32-33-34-38-36-37-35-39-29-27-40-43-42-41-44-48-3-45-47-2-1-0-49-50-51-52-54-57-59-58-56-60-55-53-61-62-46-63,273.648,7.04678,6.91848e-310
dense_64_21,0,0,4317401,311.063,140366346,100000000,20-29-24-23-18-19-21-25-27-31-22-32-28-17-16-15-14-11-10-9-6-7-13-5-4-3-2-0-1-8-26-30-33-34-35-36-38-37-39-40-41-42-43-44-45-46-47-48-50-51-52-53-54-55-57-58-59-60-62-12-49-56-61-63,305.777,5.28554,6.92889e-310
dense_64_24,3,0,544663541,393.524,77831031,100000000,14-13-15-16-17-19-23-28-30-31-24-25-27-29-32-35-18-36-12-20-34-26-33-11-37-21-38-39-40-41-42-43-44-45-47-46-48-49-10-50-51-52-53-54-55-56-57-58-59-60-61-62-63-9-8-3-1-0-7-4-6-2-22-5,298.648,94.8758,6.9489e-310
dense_64_30,2,1,3636505,190.158,64883299,100000000,59-58-48-56-54-55-60-52-51-53-49-50-61-62-44-47-46-43-42-57-39-41-63-45-40-38-37-36-35-34-33-32-31-30-29-28-27-26-25-24-23-22-21-20-19-18-17-16-15-14-13-12-11-10-9-8-7-6-5-4-3-2-1-0,182.491,7.66715,0.00165968
dense_64_30,2,0,3636505,189.469,64979162,100000000,59-58-48-56-54-55-60-52-51-53-49-50-61-62-44-47-46-43-42-57-39-41-63-45-40-38-37-36-35-34-33-32-31-30-29-28-27-26-25-24-23-22-21-20-19-18-17-16-15-14-13-12-11-10-9-8-7-6-5-4-3-2-1-0,181.903,7.56594,6.92414e-310
dense_64_25,3,1,13419756,256.849,66965186,100000000,36-44-35-43-37-47-45-34-48-40-41-39-46-42-38-33-49-32-31-30-29-28-27-26-25-24-22-50-51-52-53-54-56-55-57-21-20-19-18-17-16-15-8-9-13-10-11-12-14-7-6-3-2-0-1-5-4-58-23-59-60-61-62-63,247.542,9.30748,0.000947091
dense_64_30,1,0,2165725,153.957,83256613,100000000,58-59-48-56-54-55-61-62-53-44-39-41-42-46-52-43-47-51-60-49-50-57-40-63-38-37-36-35-34-33-32-31-29-30-28-27-26-25-24-23-22-21-20-19-18-17-16-15-14-13-12-11-10-9-8-7-6-5-4-3-2-1-45-0,148.627,5.32982,6.92196e-310
dense_64_25,3,0,14578141,246.419,68657292,100000000,36-44-35-43-37-47-45-34-48-40-39-41-46-42-38-33-49-32-31-30-29-28-27-26-25-24-22-50-51-52-53-54-56-55-57-21-20-19-18-17-16-15-9-8-7-6-3-2-0-1-5-13-10-11-12-14-4-58-23-59-60-61-62-63,237.056,9.36287,6.90825e-310
dense_64_27,4,0,15087963,297.916,69148544,100000000,44-51-48-47-54-55-46-60-61-62-63-49-52-42-43-50-53-56-45-59-41-58-57-40-39-38-37-29-32-28-34-35-36-26-30-27-31-33-24-25-23-22-21-20-19-18-14-15-16-17-13-12-9-8-7-6-2-4-5-1-0-3-10-11,291.203,6.71293,6.94805e-310
dense_64_22,0,0,4183771,305.025,139879103,100000000,16-17-26-24-29-18-25-22-28-14-13-23-12-30-19-11-10-4-5-2-1-3-6-7-8-9-15-20-21-33-34-35-37-38-40-41-45-42-48-50-51-52-53-39-43-44-46-47-49-54-55-58-59-60-63-62-0-27-31-32-36-56-57-61,299.646,5.37889,6.92716e-310
dense_64_26,4,1,5473650,270.317,62557310,100000000,15-9-12-20-23-22-18-21-16-17-13-14-10-8-7-11-25-24-19-5-4-6-26-30-28-31-32-33-34-38-36-37-39-35-29-27-40-43-42-41-44-48-45-47-3-46-2-1-0-49-50-51-52-54-57-59-58-56-60-53-55-61-62-63,263.929,6.38792,0.00139265
dense_64_26,3,1,9228504,276.787,66744398,100000000,15-9-12-20-21-23-22-18-17-16-8-7-10-13-14-25-5-19-24-11-4-6-26-30-28-31-32-33-34-38-35-39-36-37-29-27-40-43-42-41-44-48-45-47-3-46-2-1-0-49-50-51-52-54-57-59-58-60-56-55-61-53-62-63,270.038,6.7493,0.00131339
dense_64_26,3,0,7327133,268.305,69385688,100000000,15-9-12-20-21-23-18-22-17-16-8-7-10-13-14-5-25-19-24-11-4-6-26-30-28-31-32-33-34-38-35-39-36-37-29-27-40-43-42-41-48-44-3-45-47-2-1-0-49-50-51-52-54-57-59-58-60-56-61-55-53-62-46-63,262.34,5.96517,6.92137e-310
dense_64_28,4,0,138747847,252.353,59944095,100000000,41-37-47-48-39-29-30-34-42-44-45-38-40-46-31-50-36-35-33-43-51-49-28-32-27-26-25-52-53-55-24-23-20-21-22-56-57-58-59-60-61-62-63-19-18-15-16-54-14-13-12-11-10-9-7-8-6-5-3-2-1-0-4-17,233.812,18.5414,6.9198e-310
dense_64_23,0,0,18470799,302.578,140534608,100000000,18-19-20-22-30-23-25-26-28-21-24-27-29-31-34-35-36-17-16-15-12-11-10-9-7-6-5-4-3-2-1-0-8-37-38-39-40-41-44-45-46-49-50-51-52-53-55-54-57-58-59-60-61-63-13-14-32-33-42-43-47-48-56-62,296.356,6.22212,6.94915e-310
dense_64_27,4,1,99184536,305.325,66772496,100000000,44-51-47-48-54-55-46-60-61-62-63-49-52-42-43-50-53-56-45-59-41-58-57-40-39-38-37-29-32-28-36-35-34-26-30-27-31-33-24-25-23-22-21-20-19-18-16-15-17-14-13-12-9-8-7-6-2-4-5-1-0-3-10-11,291.357,13.9684,0.00124398
dense_64_27,3,1,15236223,304.606,72485754,100000000,44-51-54-47-48-55-60-61-62-63-42-52-49-50-46-45-43-56-53-41-59-40-57-58-39-38-37-29-28-34-35-32-36-26-30-27-31-33-24-23-25-22-21-20-19-18-16-17-15-14-13-12-9-8-7-6-2-4-1-0-5-10-3-11,297.627,6.97848,0.00117473
dense_64_27,3,0,15242923,296.223,74848998,100000000,44-51-54-47-48-55-60-61-62-63-42-52-49-50-46-45-56-43-53-41-59-40-57-58-39-38-29-37-28-34-35-32-36-26-30-27-31-33-24-23-22-25-21-20-19-18-14-17-15-16-13-12-9-8-7-6-2-4-1-0-5-10-3-11,289.401,6.82208,6.91548e-310
dense_64_24,0,0,4366441,280.411,128180770,100000000,19-23-28-30-31-24-25-27-29-32-35-18-20-36-34-26-33-17-16-15-14-13-12-11-10-9-8-3-1-0-4-7-6-21-37-38-39-40-41-42-43-44-45-47-46-48-49-50-51-52-53-54-55-56-57-58-59-60-61-62-63-2-5-22,274.974,5.43748,6.903e-310
dense_64_28,4,1,38746268,243.709,58529716,100000000,41-37-47-48-39-29-30-34-42-44-45-38-40-46-31-50-36-35-33-43-51-49-28-32-27-26-52-25-53-55-56-24-23-20-21-22-54-57-58-59-60-61-62-63-19-18-15-16-17-14-13-12-11-10-9-7-8-6-5-3-2-1-0-4,234.366,9.34343,0.00262519
dense_64_29,4,0,2437579452,451.677,28467774,100000000,17-32-16-18-37-14-22-33-28-34-24-15-13-26-29-39-27-19-43-45-49-46-23-50-1-40-20-21-36-41-25-31-35-38-30-47-12-11-10-9-7-5-8-6-48-3-2-0-51-44-42-4-52-54-55-56-53-57-58-59-60-61-62-63,121.64,330.037,6.93934e-310
dense_64_28,3,1,38780556,265.042,66480814,100000000,41-48-37-47-29-39-30-44-45-34-46-50-42-51-49-28-31-40-38-36-33-35-27-26-43-25-32-52-53-56-55-24-23-20-21-22-54-19-18-15-16-57-58-59-60-61-62-63-17-14-13-12-11-10-9-7-8-6-5-3-2-1-0-4,255.56,9.48198,0.00260574
dense_64_28,3,0,105466506,282.279,68777105,100000000,41-37-48-47-29-39-44-45-30-34-46-50-42-51-49-28-31-40-38-36-33-35-27-26-43-25-32-52-53-55-24-23-20-21-22-56-19-18-15-16-57-58-59-60-61-62-63-14-13-12-11-10-9-7-8-6-5-3-2-1-0-4-54-17,267.882,14.3973,6.91913e-310
dense_64_30,4,0,31018106,237.371,68572856,100000000,58-59-48-56-55-54-46-52-60-44-47-51-49-53-61-62-43-42-50-39-41-57-63-40-45-38-37-36-35-34-33-32-31-29-30-28-27-26-25-24-23-22-21-20-19-18-17-16-15-14-13-12-11-10-9-8-7-6-5-4-3-2-1-0,223.117,14.2542,6.91461e-310
dense_64_25,0,0,3371004,314.1,135099538,100000000,15-16-9-13-8-10-11-12-14-7-6-3-2-0-1-5-4-17-18-19-20-21-22-24-23-25-26-27-28-29-30-31-32-33-34-35-36-44-43-37-42-48-46-47-39-41-40-38-45-49-50-51-52-53-55-54-56-57-58-59-60-61-62-63,306.973,7.12754,6.90608e-310
dense_64_29,4,1,2436178976,453.583,27937721,100000000,17-32-16-37-18-14-22-33-28-34-24-13-15-26-29-39-27-19-43-45-49-46-23-50-1-40-20-21-36-25-31-35-38-41-30-47-12-11-10-9-7-5-8-6-48-3-2-0-44-51-42-4-52-54-55-56-53-57-58-59-60-61-62-63,126.048,327.535,0.00425422
dense_64_26,0,0,7801593,166.85,135230840,100000000,15-9-12-16-20-23-18-22-21-11-17-13-14-8-7-4-5-6-10-3-2-1-0-25-26-30-28-31-27-29-32-33-34-38-35-36-37-39-40-43-42-41-44-48-45-47-46-49-50-51-52-54-57-59-55-53-56-58-60-61-62-19-24-63,161.446,5.40487,6.93902e-310
dense_64_30,4,1,31018101,223.666,68097014,100000000,58-59-48-56-55-54-52-46-60-44-51-47-49-53-61-62-43-42-50-39-41-57-63-40-45-38-37-36-35-34-33-32-31-29-30-28-27-26-25-24-23-22-21-20-19-18-17-16-15-14-13-12-11-10-9-8-7-6-5-4-3-2-1-0,209.177,14.4888,0.00251628
dense_64_27,0,0,48936121,257.538,133818627,100000000,44-48-51-54-47-55-46-42-60-61-62-63-43-52-49-50-56-58-41-40-39-38-37-29-27-31-32-26-28-34-35-24-36-23-22-21-20-19-18-14-15-16-17-13-12-9-8-10-7-6-2-4-1-0-5-11-25-30-33-45-53-57-59-3,244.454,13.0841,6.94053e-310
dense_64_30,3,1,3758844,228.188,71281622,100000000,58-59-48-44-53-54-61-62-56-55-60-49-39-42-41-52-46-51-47-43-50-57-63-40-38-45-37-36-35-34-33-32-31-29-30-28-27-26-25-24-23-22-21-20-19-18-17-16-15-14-13-12-11-10-9-8-7-6-5-4-3-2-1-0,221.825,6.36284,0.00236469
dense_64_30,3,0,3758868,218.184,72073602,100000000,58-59-48-44-53-54-61-62-56-55-60-49-39-42-41-46-52-47-51-43-50-57-63-40-38-45-37-36-35-34-33-32-31-29-30-28-27-26-25-24-23-22-21-20-19-18-17-16-15-14-13-12-11-10-9-8-7-6-5-4-3-2-1-0,212.168,6.01571,6.91266e-310
dense_64_28,0,0,12441559,199.423,128194292,100000000,41-37-47-48-39-34-30-42-29-46-45-40-43-44-50-51-28-36-31-33-38-52-32-35-49-53-55-56-27-26-25-24-23-20-21-19-18-15-16-14-13-12-11-10-9-7-8-6-5-3-2-1-0-4-17-22-54-57-58-59-60-61-62-63,192.984,6.43885,6.91237e-310
dense_64_30,0,0,7094846,133.174,139302968,100000000,59-58-48-50-53-54-44-56-39-41-42-46-52-55-43-47-51-60-49-61-62-38-37-36-35-34-33-32-31-29-30-28-27-26-25-24-23-22-21-20-19-18-17-16-15-14-13-12-11-10-9-8-7-6-5-4-3-2-1-40-45-57-0-63,128.165,5.00912,6.94272e-310
dense_64_1,5,1,214191947,205.168,66685164,100000000,48-38-37-49-47-51-34-41-46-50-45-44-52-53-33-31-39-42-43-40-36-35-30-32-54-28-27-26-25-24-23-22-21-19-20-29-55-18-17-15-9-12-13-14-10-11-8-7-16-56-6-5-3-0-1-2-4-57-58-59-60-61-62-63,165.501,39.6672,0.00176022
dense_64_1,0,1,3048899,291.631,127384995,100000000,48-49-38-47-51-37-34-41-46-45-44-50-42-40-43-39-33-31-30-28-29-32-35-36-52-53-27-26-25-24-23-22-21-19-20-18-17-15-9-12-13-10-14-11-8-7-6-5-3-0-1-2-4-54-55-56-57-58-59-60-61-16-62-63,285.85,5.78164,0.00168436
dense_64_2,5,1,6757557,222.736,67481485,100000000,14-15-18-22-21-19-20-16-17-13-23-6-9-10-8-2-3-0-4-7-11-12-24-25-26-1-27-28-29-30-31-32-5-33-35-36-37-41-40-43-42-39-44-38-45-46-47-48-49-50-51-52-53-55-59-60-61-62-63-54-56-57-34-58,216.143,6.59322,0.000680836
dense_64_2,0,1,119159165,328.075,122960015,100000000,52-51-50-60-53-55-59-54-56-49-48-47-57-61-62-46-45-44-43-37-41-40-42-36-35-33-34-38-32-31-30-29-28-27-24-23-22-21-18-14-15-19-17-6-9-10-7-11-8-13-16-12-2-3-1-0-4-5-20-39-25-26-58-63,285.021,43.0541,0.000695331
dense_64_3,5,1,12115927,213.727,74517740,100000000,42-39-38-44-46-40-45-37-36-41-47-48-49-50-43-51-35-52-32-34-53-55-56-60-59-57-58-33-31-30-61-29-28-27-26-25-21-23-18-4-8-11-17-15-16-7-6-12-10-24-19-22-5-9-13-3-14-20-2-1-62-54-0-63,204.043,9.68395,0.000748749
dense_64_4,5,1,176186687,156.099,30100252,100000000,22-38-9-23-37-46-58-60-47-57-33-40-35-24-25-36-39-59-14-28-29-10-61-27-34-21-32-19-8-48-12-13-26-44-45-11-49-54-50-41-56-15-30-63-62-55-20-16-18-6-31-5-4-2-43-42-51-52-53-17-7-1-3-0,95.5812,60.5175,0.00130918
dense_64_3,0,1,18297863,317.677,129376226,100000000,42-44-39-38-46-40-37-36-41-45-43-47-48-49-50-35-32-34-33-31-51-52-53-55-56-60-59-57-58-61-30-29-28-27-26-25-21-18-4-11-8-17-15-16-7-6-12-9-10-23-24-5-19-13-3-2-1-62-14-22-20-54-0-63,311.379,6.29829,0.000741738
dense_64_4,0,1,15604328,192.821,113045502,100000000,38-22-46-37-9-23-58-47-59-36-39-57-33-40-35-60-32-34-28-29-12-13-27-48-25-10-24-14-11-61-19-16-49-54-50-21-15-44-45-18-20-17-8-6-26-31-56-62-63-51-5-4-2-41-43-30-42-55-1-52-53-3-7-0,186.049,6.77167,0.00134533
dense_64_6,5,1,9972795,128.744,53232574,100000000,63-50-54-51-43-52-60-62-42-56-40-38-61-44-53-55-47-39-57-58-59-41-45-37-46-48-36-34-31-30-29-32-27-26-24-49-35-33-23-21-20-18-19-7-6-9-5-4-1-0-3-10-11-14-16-15-8-17-2-12-28-25-22-13,122.866,5.87804,0.00127561
dense_64_7,5,1,10893361,141.07,63915633,100000000,13-14-15-16-12-11-17-10-18-19-24-27-26-20-30-28-23-25-29-22-21-33-31-34-35-36-37-38-39-40-41-42-43-44-45-46-9-47-48-50-51-52-55-56-59-58-54-57-60-49-53-61-8-7-6-2-4-1-0-3-5-62-32-63,135.132,5.93856,0.000820518
dense_64_8,5,1,12321809,170.49,79258522,100000000,25-21-28-29-26-30-24-20-32-23-27-22-31-33-34-19-35-18-36-37-38-39-42-17-16-15-14-13-12-11-8-7-9-5-6-10-4-3-2-1-0-40-41-44-45-46-47-48-49-50-51-52-56-57-55-59-63-61-54-58-53-60-62-43,164.281,6.20882,0.000832014
dense_64_6,0,1,3500650,243.577,121864292,100000000,54-50-51-63-52-43-60-40-61-62-42-56-38-39-53-41-55-45-44-47-46-48-57-58-59-49-37-36-34-31-30-33-32-35-29-27-26-24-23-21-20-18-19-7-6-9-4-1-10-8-5-11-14-0-3-2-16-17-12-15-22-25-28-13,238.212,5.36537,0.00129924
dense_64_9,5,1,5261458,167.89,54728090,100000000,31-27-28-26-29-25-21-18-17-32-30-9-11-14-4-6-8-33-35-39-43-40-36-19-24-22-1-2-34-37-38-41-44-42-12-20-13-16-15-10-3-23-5-7-45-0-46-47-48-49-50-51-52-53-54-55-56-57-58-59-60-61-62-63,160.546,7.34424,0.000627034
dense_64_7,0,1,2871150,242.997,128361206,100000000,24-29-19-27-26-20-30-28-23-25-22-18-21-33-31-17-16-15-14-13-12-11-10-9-8-7-6-2-4-3-34-35-36-37-38-39-40-41-42-43-44-45-46-47-48-50-51-52-55-56-59-54-58-57-53-49-60-61-1-0-62-5-32-63,237.696,5.30081,0.000848514
dense_64_10,5,1,7055738,199.871,72297170,100000000,14-23-11-22-26-25-12-21-24-10-27-19-20-13-15-28-29-18-8-30-31-34-35-33-16-7-9-32-5-4-3-2-1-0-36-17-37-38-39-43-45-46-44-47-49-50-48-51-52-53-55-56-57-58-59-60-61-62-42-40-41-54-63-6,193.108,6.76294,0.00100892
dense_64_8,0,1,11471694,273.319,133830026,100000000,21-25-28-26-29-30-23-31-32-20-24-34-27-22-19-33-35-18-17-16-15-14-13-12-11-8-7-5-6-4-3-2-1-0-36-37-38-39-42-44-45-46-47-48-49-50-51-52-56-57-59-63-61-54-55-60-62-9-40-41-53-58-43-10,267.513,5.80669,0.000741042
dense_64_9,0,1,5019037,163.993,121716792,100000000,11-14-4-6-9-17-18-21-8-12-16-3-2-13-10-19-25-26-27-31-28-15-22-24-20-23-29-30-1-32-33-35-39-43-40-36-37-38-41-44-42-34-45-46-47-48-49-50-51-52-53-54-55-56-57-58-59-60-61-62-5-7-0-63,158.739,5.25473,0.0019519
dense_64_10,0,1,5503604,222.086,124543555,100000000,14-11-23-22-26-25-12-19-24-10-27-15-21-28-29-18-8-20-13-7-5-30-31-34-35-32-33-16-4-3-36-2-37-38-39-43-42-44-45-46-47-49-50-48-40-41-51-52-53-55-56-57-58-59-61-60-62-1-0-9-54-6-17-63,216.874,5.21233,0.00196793
dense_64_12,5,1,28058979,154.818,71050748,100000000,19-11-18-12-6-7-8-15-16-13-14-10-17-9-5-24-20-23-22-21-25-4-1-26-27-28-30-31-32-33-34-39-42-45-46-48-49-50-51-57-55-52-56-60-61-59-58-62-63-43-44-47-53-54-36-38-37-35-40-41-0-2-3-29,147.564,7.25361,0.00170484
dense_64_13,5,1,3000129,154.144,61245978,100000000,47-48-49-55-41-50-54-38-37-39-53-51-45-42-40-46-44-52-56-35-43-57-34-36-58-59-60-61-62-33-63-32-31-26-30-27-28-24-23-22-21-20-19-18-17-16-15-14-10-11-9-13-8-12-7-6-5-4-29-3-2-1-25-0,148.722,5.42225,0.00262748
dense_64_14,5,1,1884925,135.759,59805072,100000000,42-57-52-43-47-54-56-45-58-49-53-55-48-44-41-50-51-46-38-40-59-31-30-29-28-27-26-24-23-22-21-20-19-25-18-34-60-39-36-37-32-33-17-16-15-14-13-12-11-9-8-7-6-10-5-4-3-2-1-35-61-0-62-63,130.49,5.26935,0.00220571
dense_64_15,5,1,13757375,163.659,81418637,100000000,19-18-20-21-22-23-16-17-24-25-26-27-14-15-13-28-12-29-30-31-32-37-36-35-34-38-39-40-42-52-49-50-46-51-41-53-54-55-57-56-44-48-47-45-43-58-59-60-61-63-33-11-10-9-8-7-6-5-4-3-2-1-0-62,157.425,6.23424,0.00161675
dense_64_12,0,1,1613709,226.521,133919852,100000000,19-11-18-12-6-7-8-16-14-15-13-10-9-17-20-23-22-24-5-21-4-1-25-26-27-28-30-31-32-33-34-36-39-42-37-38-35-45-46-48-49-57-55-50-51-59-52-56-58-60-61-53-54-0-2-3-40-41-43-44-29-47-62-63,221.54,4.98076,0.00150702
dense_64_16,5,1,211576043,274.774,60953301,100000000,53-54-52-51-55-50-58-49-48-17-26-28-36-37-29-30-32-24-15-47-14-38-16-13-22-21-23-34-35-18-31-42-40-44-33-39-46-45-20-43-25-27-12-41-10-8-7-9-6-5-4-3-2-1-0-56-19-57-59-60-61-62-63-11,228.078,46.6965,0.00234558
dense_64_13,0,1,3745747,166.461,127235906,100000000,41-49-47-48-55-39-50-54-42-52-40-45-53-38-37-46-51-44-35-56-34-33-32-31-26-30-24-27-28-23-22-21-20-19-18-17-16-15-14-10-11-9-13-8-7-6-5-4-3-2-57-58-59-60-61-62-1-43-12-25-29-36-0-63,161.404,5.05711,0.00349378
dense_64_14,0,1,5818527,151.702,125499368,100000000,42-43-57-52-47-45-48-54-56-41-55-58-49-53-44-51-38-31-34-36-50-33-40-32-60-59-35-39-37-30-29-28-61-27-26-24-23-22-21-20-19-18-17-16-15-14-13-12-11-9-8-7-6-5-4-3-2-1-62-46-10-25-0-63,146.49,5.21209,0.00224068
dense_64_15,0,1,9643329,257.168,128347320,100000000,52-50-49-46-40-44-42-41-51-48-45-47-43-53-54-55-57-56-39-58-38-37-36-35-32-31-33-34-30-29-28-15-14-13-16-18-19-20-17-23-22-21-24-25-26-27-12-11-10-9-8-7-6-5-4-3-2-59-60-61-63-1-0-62,251.402,5.7661,0.00151122
dense_64_18,5,1,18527000,168.815,57947415,100000000,17-12-13-14-15-16-9-11-18-19-10-7-1-8-22-23-24-30-25-31-29-26-20-2-4-32-3-5-6-21-0-28-27-34-33-35-36-38-39-40-37-41-43-44-45-42-46-47-48-49-52-54-55-56-62-60-51-53-57-59-61-58-50-63,160.604,8.21083,0.00129221
dense_64_16,0,1,7541526,233.591,111709268,100000000,17-24-38-37-42-47-15-40-26-28-36-44-39-46-45-14-43-48-13-22-20-12-21-23-29-30-32-33-34-35-16-41-25-27-10-8-7-9-18-19-49-6-5-4-3-2-1-50-51-52-53-54-55-58-56-57-59-60-61-62-63-11-31-0,228.153,5.43744,0.00182515
dense_64_19,5,1,1182444033,269.519,57681730,100000000,41-45-34-46-40-42-39-38-35-36-33-47-37-44-43-32-31-30-29-27-54-55-62-53-23-22-21-20-19-18-24-59-61-63-50-48-17-49-51-56-26-58-60-28-25-52-57-16-15-14-13-12-11-10-9-8-7-6-5-4-1-3-0-2,152.302,117.216,0.00184245
dense_64_20,5,1,4581163,187.482,75602057,100000000,15-14-17-16-13-18-12-19-11-20-21-27-22-28-36-46-49-47-50-48-31-37-42-53-35-54-26-52-33-38-30-32-45-29-51-44-43-34-23-55-56-58-59-60-61-62-63-10-57-25-39-9-40-8-7-6-5-4-3-2-1-0-24-41,182.167,5.31458,0.00190102
dense_64_21,5,1,3211488,132.053,63924206,100000000,23-29-20-24-25-18-30-19-21-31-27-22-28-32-26-17-33-16-34-35-36-38-37-39-40-41-42-43-44-45-46-47-48-50-49-51-15-14-11-10-9-6-5-4-3-2-0-1-13-7-8-52-53-54-55-57-58-59-60-62-63-61-56-12,126.823,5.22914,0.0016033
dense_64_22,5,1,23462680,124.565,62223393,100000000,16-29-26-17-24-18-25-22-28-23-14-13-12-15-30-27-19-33-34-31-32-11-10-4-35-21-20-5-3-9-8-2-1-7-0-37-50-51-52-53-54-55-49-38-40-41-45-42-46-48-44-6-43-47-39-36-58-59-60-63-62-61-56-57,117.573,6.99222,0.00153845
dense_64_18,0,1,2039949,275.335,118388564,100000000,7-1-8-10-9-14-12-17-13-2-4-3-5-6-15-16-18-19-11-20-23-24-25-29-30-31-22-26-21-32-34-38-36-35-39-40-27-28-37-41-43-44-33-42-45-46-47-48-49-52-54-55-57-59-61-56-62-60-58-51-50-63-0-53,270.085,5.2507,0.00129232
dense_64_23,5,1,9046749,206.144,79664226,100000000,35-34-36-31-30-26-18-22-20-17-16-15-28-19-23-25-21-37-12-24-27-29-32-33-38-11-10-9-7-8-39-40-41-44-45-42-43-46-13-14-47-6-49-5-4-3-2-1-0-50-51-52-53-55-54-57-58-59-60-61-63-62-48-56,200.301,5.8429,0.00150553
dense_64_24,5,1,3169232,192.081,73124097,100000000,19-23-24-30-28-31-25-27-29-32-35-17-16-15-14-13-18-20-36-12-34-26-33-21-37-11-38-39-40-41-42-43-44-45-47-46-48-49-10-50-51-52-53-54-55-56-57-58-59-60-61-62-63-9-8-3-1-0-7-4-6-22-2-5,186.881,5.20008,0.00178092
dense_64_25,5,1,4303955,121.627,60118549,100000000,36-44-35-37-43-47-48-46-42-45-41-39-40-38-34-49-33-32-31-30-29-28-27-26-25-24-50-51-52-53-55-54-56-22-57-21-20-19-18-17-16-15-8-9-13-10-11-12-14-7-6-5-2-1-0-3-4-23-58-59-60-61-62-63,115.6,6.02736,0.00167197
dense_64_19,0,1,948022815,401.924,124149184,100000000,54-55-62-53-24-27-29-56-58-60-26-59-61-63-30-31-25-28-23-22-48-35-34-41-45-46-50-36-39-38-42-40-37-49-51-52-33-47-32-43-44-21-20-19-18-17-16-15-14-13-12-11-10-9-8-7-6-5-4-1-3-0-57-2,211.606,190.317,0.00178511
dense_64_26,5,1,5495233,179.282,60643777,100000000,15-9-12-16-20-23-22-18-21-17-13-14-10-8-7-11-25-19-24-5-4-6-26-30-28-31-32-33-34-38-37-36-35-39-29-27-40-43-42-41-44-48-3-45-47-2-1-0-46-49-50-51-52-54-57-59-58-56-60-55-53-61-62-63,173.023,6.25928,0.00137712
dense_64_20,0,1,6463844,249.527,126699617,100000000,36-28-27-46-49-47-31-33-42-53-37-50-38-30-32-45-51-43-29-54-35-44-34-21-22-48-23-52-39-55-56-58-59-20-25-26-19-18-17-14-15-16-13-12-11-10-9-8-7-6-5-4-3-2-60-61-62-1-0-40-24-57-41-63,244.015,5.51185,0.00199561
dense_64_27,5,1,96643182,176.895,65151310,100000000,48-44-51-47-54-55-46-49-50-60-61-62-63-43-42-52-45-53-56-59-41-58-57-40-39-38-37-29-32-28-36-35-34-26-30-27-31-33-24-25-23-22-21-20-19-18-16-15-17-14-13-12-9-8-7-6-2-4-5-1-0-3-10-11,161.941,14.9536,0.00123007
dense_64_21,0,1,5142839,205.861,133581652,100000000,20-29-24-23-18-19-21-25-31-27-22-32-28-30-26-17-33-16-15-14-11-10-9-6-13-7-8-5-4-3-2-34-35-36-38-37-39-40-41-42-43-44-45-46-47-48-50-51-52-53-54-55-57-58-59-60-62-0-1-12-49-56-61-63,200.659,5.20188,0.0015702
dense_64_28,5,1,41844415,156.55,57172694,100000000,47-37-41-48-39-29-30-44-45-34-42-46-50-40-38-31-36-43-51-35-33-49-28-32-52-27-26-25-53-55-56-54-24-23-20-21-22-19-18-15-16-57-58-59-60-61-62-63-17-14-13-12-11-10-9-7-8-6-5-3-2-1-0-4,147,9.5495,0.00264935
dense_64_22,0,1,2209091,195.724,134518451,100000000,16-17-26-24-29-18-25-22-28-14-13-23-12-30-15-19-11-10-4-5-2-1-3-33-34-35-37-38-40-41-45-42-48-50-51-52-53-46-44-43-47-39-49-54-55-58-59-60-63-6-9-8-62-7-20-21-27-31-32-56-57-61-36-0,190.849,4.87469,0.00138345
dense_64_23,0,1,3550813,141.065,134323602,100000000,20-19-18-22-30-26-28-23-25-21-24-27-29-31-34-35-36-17-16-15-12-11-10-9-7-8-6-5-4-3-2-1-0-37-38-39-40-41-44-45-46-49-50-51-52-53-55-54-57-58-59-60-61-63-42-43-13-14-32-33-47-48-56-62,135.793,5.27184,0.00133497
dense_64_24,0,1,4365926,161.058,121178273,100000000,19-23-30-28-24-31-25-27-29-32-35-18-20-36-34-26-33-17-16-37-21-15-14-13-12-11-10-9-8-3-7-4-1-0-6-38-39-40-41-42-43-44-45-47-46-48-49-50-51-52-53-54-55-56-57-58-59-60-61-62-63-2-5-22,155.747,5.31121,0.00265344
dense_64_25,0,1,4095259,213.444,125356468,100000000,36-35-44-43-37-48-42-46-47-41-39-40-45-49-38-34-50-51-52-53-55-54-56-33-32-31-30-29-28-27-26-25-24-22-23-21-20-19-18-17-16-15-8-9-13-10-11-12-14-7-6-3-2-0-1-5-4-57-58-59-60-61-62-63,207.924,5.5199,0.0015619
dense_64_26,0,1,5191776,146.248,127346102,100000000,15-9-12-16-20-23-18-22-21-11-13-14-17-10-8-7-4-5-6-25-26-30-28-31-27-29-3-2-32-33-34-38-39-35-40-43-42-44-48-41-45-47-36-37-46-49-50-51-52-54-57-59-55-53-56-60-58-61-1-0-62-24-19-63,140.889,5.35934,0.00129373
dense_64_27,0,1,2712763,196.676,122717594,100000000,44-48-51-47-54-55-46-42-43-49-50-45-60-61-62-63-52-53-56-58-59-57-41-40-39-38-37-29-32-27-28-31-34-35-26-36-30-33-24-25-23-22-21-20-19-18-16-15-17-14-13-12-9-8-10-11-7-6-2-4-5-1-0-3,191.37,5.30537,0.0012167
dense_64_28,0,1,16957304,169.014,118738726,100000000,41-48-47-37-39-34-30-42-46-45-43-44-50-51-29-40-36-49-28-52-38-31-33-32-35-53-56-55-54-27-26-57-25-24-23-20-21-22-19-18-15-16-17-14-13-12-11-10-9-7-8-6-5-3-2-4-58-59-60-61-62-1-0-63,162.606,6.40871,0.00258959
dense_64_30,0,1,3332639,138.367,129059084,100000000,59-58-48-53-54-50-44-52-56-55-60-47-51-49-46-43-42-39-41-61-62-57-45-38-40-37-36-35-34-33-32-31-29-30-28-27-26-25-24-23-22-21-20-19-18-17-16-15-14-13-12-11-10-9-8-7-6-5-4-3-2-1-0-63,132.961,5.40594,0.00251092
