sparse_32_1,5,0,43607,10.0445,817499,100000,29-8-15-13-5-10-14-26-28-4-20-17-19-16-18-7-6-9-27-12-11-3-1-0-2-25-21-23-30-22-24-31,10.0347,0.00986968
sparse_32_2,5,0,174702,8.36028,482386,100000,12-17-11-16-14-25-26-13-8-27-28-6-29-30-18-15-7-4-0-3-2-5-1-9-10-23-24-21-20-19-22-31,8.3357,0.0245837
sparse_32_3,5,0,23697,10.8465,708195,100000,18-23-24-26-1-2-22-0-29-15-6-14-17-19-12-11-20-7-9-21-25-28-30-16-10-8-27-3-4-13-31-5,10.8371,0.00932104
sparse_32_4,5,0,11571,9.11274,855793,100000,2-27-4-5-3-6-1-28-22-15-11-10-9-0-12-25-23-18-7-16-17-20-21-8-13-14-19-24-30-26-29-31,9.1054,0.00734088
sparse_32_5,5,0,47178,6.77672,219857,100000,10-6-1-31-5-2-3-17-7-8-14-0-12-15-13-27-23-21-20-18-11-16-19-24-30-28-29-25-9-26-22-4,6.76663,0.0100895
sparse_32_6,5,0,110474,11.2006,486997,100000,30-19-14-21-17-13-22-2-1-16-3-31-0-15-4-18-20-7-6-5-29-27-24-25-23-11-12-28-26-10-9-8,11.1858,0.0148455
sparse_32_7,5,0,54452,7.60161,375322,100000,20-12-18-21-22-8-26-7-1-0-4-9-31-27-11-10-3-23-19-29-28-2-14-13-24-16-17-25-15-30-6-5,7.59046,0.0111517
sparse_32_8,5,0,2142,7.35521,357111,100000,15-1-25-30-21-3-10-7-11-2-22-24-26-31-8-9-5-0-4-6-23-27-17-16-18-29-14-12-13-19-20-28,7.34839,0.00682065
sparse_32_9,5,0,4235,8.10507,551288,100000,2-21-19-23-28-24-27-9-5-30-18-16-14-25-29-4-17-15-12-10-22-8-7-0-20-13-11-1-3-31-6-26,8.09801,0.00705346
sparse_32_10,5,0,34672,7.85815,569330,100000,12-9-3-4-15-14-1-11-0-6-2-18-20-21-5-7-22-23-13-24-30-31-16-10-19-17-28-27-29-8-26-25,7.84865,0.00949717
sparse_32_11,5,0,28045,13.4196,1252455,100000,17-23-16-14-18-13-22-21-6-15-24-12-20-4-19-11-10-9-2-3-7-5-0-1-8-27-26-28-25-31-30-29,13.4101,0.00946866
sparse_32_12,5,0,29780,13.968,797312,100000,16-30-14-29-8-18-15-12-9-17-19-10-13-11-28-22-20-21-6-23-5-7-2-0-1-3-4-27-25-24-26-31,13.9571,0.0109229
sparse_32_1,4,0,176260,12.8085,1005431,100000,15-29-5-10-8-13-14-4-17-6-26-16-20-28-9-7-19-18-27-12-11-3-1-0-2-25-21-23-30-31-22-24,12.7896,0.0188836
sparse_32_13,5,0,17487,15.0275,1831806,100000,6-21-7-4-16-5-30-24-25-27-23-22-17-3-12-28-26-10-9-15-8-29-31-11-13-14-1-0-2-20-19-18,15.0178,0.00969393
sparse_32_14,5,0,11794,9.44182,624131,100000,17-20-8-29-19-21-30-18-22-23-16-28-7-6-31-27-26-14-12-13-10-9-11-24-25-15-3-1-0-4-2-5,9.43405,0.00776845
sparse_32_2,4,0,284313,11.6099,574037,100000,16-11-12-14-8-17-25-26-27-13-28-6-29-30-18-15-7-4-0-3-5-2-1-9-10-23-24-22-19-20-21-31,11.5673,0.0426209
sparse_32_15,5,0,1928,13.2989,1383241,100000,10-11-7-9-6-5-23-15-14-8-16-17-26-24-25-2-0-1-4-3-22-20-21-19-18-13-12-30-29-28-27-31,13.2922,0.00666991
sparse_32_3,4,0,73368,12.3749,1312794,100000,12-7-11-20-19-25-21-30-28-10-8-2-26-24-23-18-22-29-15-1-0-14-9-17-16-6-27-13-31-3-4-5,12.3603,0.014535
sparse_32_1,5,1,43607,13.0537,817479,100000,29-8-15-13-5-10-14-26-28-4-20-17-19-16-18-7-6-9-27-12-11-3-1-0-2-25-21-23-30-22-24-31,13.044,0.00968392
sparse_32_16,5,0,9227,7.35097,1187740,100000,16-5-7-12-4-3-0-1-2-15-8-6-14-17-18-13-10-9-11-31-30-29-22-25-19-23-28-24-20-21-26-27,7.34288,0.00808702
sparse_32_4,4,0,5112,10.1504,1203971,100000,4-27-2-5-6-22-1-3-28-15-11-10-9-0-12-7-25-23-18-8-13-14-19-24-30-16-17-20-21-26-29-31,10.1432,0.00719036
sparse_32_2,5,1,174702,11.4504,480564,100000,12-17-11-16-14-25-26-13-8-27-28-6-29-30-18-15-7-4-0-3-2-5-1-9-10-23-24-21-20-19-22-31,11.4267,0.0237469
sparse_32_17,5,0,9803,8.80738,1560840,100000,17-21-29-24-15-19-4-28-18-16-30-2-3-27-26-5-22-23-0-31-7-20-13-10-8-12-9-1-14-11-6-25,8.79997,0.00741688
sparse_32_5,4,0,22578,11.6251,1564674,100000,8-17-3-2-5-1-6-10-12-31-0-15-13-14-7-27-16-18-20-11-30-28-29-25-21-23-9-19-24-22-4-26,11.617,0.00811598
sparse_32_3,5,1,23697,14.1199,707676,100000,18-23-24-26-1-2-22-0-29-15-6-14-17-19-12-11-20-7-9-21-25-28-30-16-10-8-27-3-4-13-31-5,14.1108,0.00915073
sparse_32_18,5,0,4001,9.07952,1612928,100000,1-13-10-3-4-0-14-17-16-8-19-18-15-22-9-23-12-2-24-25-26-7-11-5-6-20-21-27-31-29-28-30,9.07076,0.00875446
sparse_32_6,4,0,9649,10.482,815666,100000,30-19-21-17-2-13-14-1-16-3-0-4-22-15-18-20-6-5-31-27-24-25-23-11-12-10-9-8-28-26-7-29,10.4743,0.00775423
sparse_32_19,5,0,41102,11.2859,1565841,100000,16-19-15-17-13-10-18-11-23-29-22-31-20-27-21-12-14-24-28-30-26-25-7-6-4-2-3-5-8-9-1-0,11.2745,0.0113597
sparse_32_4,5,1,11571,12.2993,855776,100000,2-27-4-5-3-6-1-28-22-15-11-10-9-0-12-25-23-18-7-16-17-20-21-8-13-14-19-24-30-26-29-31,12.2921,0.0071631
sparse_32_7,4,0,71841,12.8316,876214,100000,12-20-18-26-21-22-8-7-1-0-4-9-31-27-10-3-19-23-11-28-2-14-13-24-16-17-29-25-15-30-6-5,12.8201,0.0115537
sparse_32_20,5,0,13046,7.54418,348002,100000,31-9-30-7-8-16-2-0-1-18-5-10-14-12-26-28-3-23-24-29-22-25-4-11-15-17-21-19-20-6-27-13,7.53586,0.00832166
sparse_32_5,5,1,47178,10.1978,219842,100000,10-6-1-31-5-2-3-17-7-8-14-0-12-15-13-27-23-21-20-18-11-16-19-24-30-28-29-25-9-26-22-4,10.188,0.0098199
sparse_32_8,4,0,5273,11.0979,641817,100000,3-21-10-11-30-25-1-15-7-2-24-22-8-26-31-0-6-4-5-23-9-27-17-16-18-29-14-12-13-19-20-28,11.0904,0.00749699
sparse_32_21,5,0,18798,7.30547,428672,100000,23-21-19-18-22-17-16-15-3-0-1-13-14-31-25-24-9-4-12-5-2-8-26-28-29-7-6-30-27-20-10-11,7.29153,0.0139431
sparse_32_6,5,1,110474,12.9224,486918,100000,30-19-14-21-17-13-22-2-1-16-3-31-15-0-4-18-20-7-6-5-29-27-24-25-23-11-12-28-26-10-9-8,12.9082,0.0141823
sparse_32_9,4,0,4347,6.91391,844465,100000,19-21-2-27-9-23-5-28-24-14-16-18-30-12-4-15-17-29-10-25-22-0-8-7-20-13-11-1-3-31-6-26,6.90683,0.00708527
sparse_32_22,5,0,124045,7.08317,605216,100000,17-18-8-15-6-2-28-16-24-25-19-1-22-11-20-9-12-3-23-0-21-27-31-14-10-4-5-13-29-26-7-30,7.06803,0.0151429
sparse_32_7,5,1,54452,10.573,374893,100000,20-12-18-21-22-8-26-7-1-0-4-9-31-27-10-11-3-23-19-29-28-2-14-13-24-16-17-25-15-30-6-5,10.5623,0.0106965
sparse_32_10,4,0,22012209,12.283,921902,100000,3-9-4-15-12-14-11-1-0-2-20-6-21-22-7-5-16-24-23-18-13-30-19-31-10-28-27-29-8-17-26-25,10.1154,2.16754
sparse_32_23,5,0,22596,8.56837,351807,100000,7-10-4-8-20-31-22-2-1-13-25-11-19-6-27-21-23-0-28-12-3-18-9-5-24-15-26-17-14-29-16-30,8.56017,0.00819164
sparse_32_8,5,1,2142,9.67066,355598,100000,15-1-25-30-21-3-10-7-11-2-22-24-26-31-8-9-5-0-4-6-23-27-17-16-18-29-14-12-13-19-20-28,9.66394,0.00671983
sparse_32_11,4,0,28562,16.4115,2427119,100000,17-22-14-18-16-13-23-6-15-11-12-24-21-19-20-4-10-9-2-3-7-0-1-8-27-26-28-5-25-31-30-29,16.4013,0.0101917
sparse_32_24,5,0,3446,9.43351,1680985,100000,9-5-10-4-12-19-15-8-17-14-16-22-3-30-31-6-11-13-7-29-28-24-23-18-25-21-20-1-0-2-26-27,9.42641,0.00710001
sparse_32_9,5,1,4235,10.7068,551086,100000,2-21-19-23-28-24-27-9-5-30-18-16-14-25-29-4-17-15-12-10-22-8-7-0-20-13-11-1-3-31-6-26,10.7,0.00679543
sparse_32_12,4,0,41955,14.33,1080304,100000,30-14-29-18-8-16-9-17-10-15-19-12-13-11-28-22-20-21-23-6-5-7-2-0-1-3-4-27-25-24-26-31,14.3174,0.0126811
sparse_32_25,5,0,46824,14.8676,475817,100000,21-29-16-14-6-0-17-11-19-15-12-4-8-18-5-24-22-23-30-31-28-3-9-20-1-13-10-2-7-27-25-26,14.8578,0.00973598
sparse_32_10,5,1,34672,10.3548,568341,100000,12-9-3-4-15-14-1-11-0-6-2-18-20-21-5-7-22-23-13-24-30-31-16-10-19-17-28-27-29-8-26-25,10.3455,0.00935418
sparse_32_26,5,0,63646,6.40981,290494,100000,26-15-24-18-13-5-31-6-11-14-4-12-23-25-16-30-17-21-20-22-10-2-0-1-3-19-8-7-9-29-27-28,6.39717,0.012642
sparse_32_13,4,0,40165,18.9999,2800707,100000,4-6-21-5-16-7-24-3-30-22-12-17-9-25-10-28-27-23-8-26-29-15-11-31-13-14-1-0-2-20-19-18,18.9881,0.0118512
sparse_32_11,5,1,28045,16.4996,1249842,100000,17-23-16-14-18-13-22-21-6-15-24-12-20-4-19-11-10-9-2-3-7-5-0-1-8-27-26-28-25-31-30-29,16.4904,0.00914317
sparse_32_27,5,0,49788,9.34342,644759,100000,24-6-20-4-25-30-18-27-3-31-10-5-8-19-9-7-26-29-28-23-21-13-17-15-16-14-1-11-12-22-2-0,9.33281,0.0106096
sparse_32_14,4,0,2253,13.8661,1033347,100000,8-20-19-21-17-29-18-30-22-23-16-7-6-28-31-27-26-14-12-13-10-9-11-24-25-15-3-1-0-2-4-5,13.8596,0.00649224
sparse_32_12,5,1,29780,16.7834,795580,100000,16-30-14-29-8-18-15-12-9-17-19-10-13-11-28-22-20-21-6-23-5-7-2-0-1-3-4-27-25-24-26-31,16.7723,0.0110604
sparse_32_28,5,0,47376,8.27206,1252482,100000,17-18-9-4-29-25-7-6-24-26-28-21-8-20-30-27-23-5-1-0-31-22-19-2-3-15-13-14-16-12-10-11,8.26147,0.0105854
sparse_32_15,4,0,4163,17.8206,2738330,100000,7-11-10-5-9-6-23-15-16-17-24-26-8-14-25-2-0-1-4-3-22-20-21-19-18-13-12-30-29-28-27-31,17.8137,0.00691909
sparse_32_1,1,0,18622,14.2926,5972279,100000,15-8-5-29-13-10-26-20-19-14-17-4-28-16-18-6-9-7-12-11-3-1-0-2-25-21-23-30-24-22-31-27,14.2837,0.00895657
sparse_32_13,5,1,17486,17.5552,1831605,100000,6-21-7-4-16-5-30-24-25-27-23-22-17-3-12-28-26-10-9-15-8-29-31-11-13-14-1-0-2-20-19-18,17.5454,0.0097891
sparse_32_29,5,0,164138,5.36998,525730,100000,2-7-9-5-29-23-25-6-12-0-13-3-30-1-16-14-15-28-20-24-31-4-22-11-10-8-19-18-17-21-26-27,5.34856,0.021419
sparse_32_16,4,0,344866,10.4378,1780139,100000,12-5-7-16-3-0-4-1-2-15-14-8-17-18-6-10-9-11-31-30-29-22-25-19-23-24-20-28-21-13-26-27,10.3855,0.0523466
sparse_32_2,1,0,123066,13.0377,3689272,100000,16-12-11-8-17-14-25-26-27-28-29-6-13-30-15-18-7-4-0-3-5-2-1-10-23-24-21-20-19-22-31-9,13.0141,0.0235992
sparse_32_1,2,0,182904,14.9717,1464686,100000,15-29-8-5-13-10-26-28-14-20-17-4-6-16-9-7-19-27-18-12-11-3-1-0-2-25-21-23-30-22-24-31,14.9528,0.0188419
sparse_32_14,5,1,11794,12.2856,623504,100000,17-20-8-29-19-21-30-18-22-23-16-28-7-6-31-27-26-14-12-13-10-9-11-24-25-15-3-1-0-4-2-5,12.2781,0.00755343
sparse_32_30,5,0,42875,13.3536,3159587,100000,5-10-6-9-21-25-15-14-7-23-13-20-4-19-8-29-24-12-2-0-22-11-28-1-31-3-18-16-17-30-27-26,13.3413,0.0122766
sparse_32_17,4,0,4222,13.3917,2662863,100000,17-19-24-29-28-18-4-15-16-30-21-27-2-3-23-22-26-5-1-14-0-31-7-20-13-10-8-9-12-11-6-25,13.3847,0.00700489
sparse_32_3,1,0,7293,12.9903,5983147,100000,12-7-11-25-19-20-21-30-9-28-10-17-26-24-23-18-2-29-22-15-1-0-14-6-16-8-27-3-4-5-31-13,12.9836,0.00677577
sparse_32_2,2,0,356637,15.0904,455857,100000,16-12-17-11-13-8-14-25-26-27-28-29-30-15-6-18-7-4-0-3-2-5-1-9-10-23-24-22-21-20-19-31,15.0432,0.0471875
sparse_32_15,5,1,1928,16.7658,1381729,100000,10-11-7-9-6-5-23-15-14-8-16-17-26-24-25-2-0-1-4-3-22-20-21-19-18-13-12-30-29-28-27-31,16.7593,0.00653251
sparse_32_31,5,0,9616,6.70546,1105409,100000,18-17-6-27-16-4-12-9-8-5-7-25-22-10-31-21-15-26-19-28-29-11-20-23-13-14-24-30-3-0-1-2,6.69768,0.0077836
sparse_32_18,4,0,2191,14.867,3400616,100000,10-1-0-8-13-16-4-14-17-18-19-22-3-23-15-2-12-9-24-25-26-7-5-6-20-21-27-31-29-28-30-11,14.8601,0.00686357
sparse_32_3,2,0,27141,15.8503,1612282,100000,19-12-25-11-20-7-21-9-28-30-10-17-26-24-2-1-23-18-29-22-0-15-6-8-27-14-16-31-3-4-13-5,15.8406,0.00969313
sparse_32_4,1,0,6770,14.1253,6085055,100000,2-27-4-5-6-22-1-28-3-15-11-10-9-0-12-25-23-18-16-17-20-21-26-29-7-8-13-14-19-24-30-31,14.1165,0.0088031
sparse_32_16,5,1,9227,10.982,1187471,100000,16-5-7-12-4-3-0-1-2-15-8-6-14-17-18-13-10-9-11-31-30-29-22-25-19-23-28-24-20-21-26-27,10.9738,0.00816364
sparse_32_32,5,0,35006,11.6465,952047,100000,9-5-8-29-23-7-4-26-10-3-6-11-31-22-30-21-18-24-13-16-12-19-17-28-27-2-0-1-14-20-25-15,11.6357,0.0108332
sparse_32_19,4,0,32619,12.6768,1754592,100000,15-13-10-11-19-16-18-17-29-31-23-27-12-22-21-20-14-24-28-30-26-25-7-6-4-2-3-8-5-9-1-0,12.6669,0.00995454
sparse_32_33,5,0,43454,7.99486,525932,100000,12-11-7-9-10-20-17-8-16-30-19-25-29-18-15-26-5-4-6-13-14-1-0-2-22-3-23-21-24-27-28-31,7.98447,0.0103923
sparse_32_17,5,1,9803,11.7067,1560704,100000,17-21-29-24-15-19-4-28-18-16-30-2-3-27-26-5-22-23-0-31-7-20-13-10-8-12-9-1-14-11-6-25,11.6993,0.00737837
sparse_32_4,2,0,9288,14.6855,1787059,100000,5-27-6-22-2-4-3-1-28-15-12-0-11-25-23-10-9-18-16-17-20-21-26-29-7-8-13-14-19-24-30-31,14.678,0.00748792
sparse_32_5,1,0,3778,13.3978,6298950,100000,2-0-5-1-6-8-10-17-31-3-12-7-14-15-13-27-16-18-19-20-24-21-11-30-28-25-29-23-22-4-9-26,13.3905,0.00727728
sparse_32_34,5,0,2557,8.18236,283125,100000,4-0-1-17-24-2-20-23-7-21-27-19-9-14-26-15-18-10-31-25-12-11-16-6-13-3-5-8-22-29-30-28,8.17554,0.00682034
sparse_32_20,4,0,27074,14.1744,1823137,100000,9-31-2-0-1-5-7-8-30-18-3-26-24-16-10-14-4-12-28-29-25-23-22-15-11-6-20-19-17-21-27-13,14.165,0.00938943
sparse_32_18,5,1,4001,10.1276,1612825,100000,1-13-10-3-4-0-14-17-16-8-19-18-15-22-9-23-12-2-24-25-26-7-11-5-6-20-21-27-31-29-28-30,10.119,0.00857654
sparse_32_6,1,0,8239,13.954,5246904,100000,2-19-17-14-30-21-22-13-1-3-15-16-0-4-31-18-6-5-20-7-27-24-25-23-11-12-10-9-8-28-26-29,13.9462,0.0077968
sparse_32_5,2,0,165555,13.5023,273999,100000,8-10-6-17-31-3-2-12-5-1-7-15-0-14-13-27-21-20-18-23-11-30-28-29-25-16-19-24-9-22-4-26,13.4822,0.0201093
sparse_32_35,5,0,62963,11.0149,685453,100000,16-6-1-7-9-8-11-0-10-2-23-12-28-21-13-5-3-4-26-27-31-15-14-30-29-22-18-19-17-20-24-25,11.0033,0.0116499
sparse_32_21,4,0,29072,11.0935,656321,100000,21-19-23-18-17-22-16-15-3-0-1-13-14-31-25-24-9-4-12-5-2-8-26-28-29-7-30-6-27-20-11-10,11.0842,0.00934552
sparse_32_19,5,1,41099,13.5418,1564531,100000,16-19-15-17-13-10-18-11-23-29-22-31-20-27-21-12-14-24-28-30-26-25-7-6-4-2-3-5-8-9-1-0,13.5306,0.0112
sparse_32_6,2,0,35797,15.7676,818585,100000,19-17-30-21-2-14-13-22-16-31-1-15-3-4-18-20-0-6-29-27-24-5-7-25-23-11-12-28-26-10-9-8,15.7585,0.0091673
sparse_32_7,1,0,27661,13.0744,4769459,100000,20-12-21-22-26-8-18-7-1-0-4-9-10-3-27-31-11-23-19-29-2-14-13-24-28-15-25-30-6-5-16-17,13.0636,0.0107897
sparse_32_36,5,0,50716,10.3101,1517741,100000,29-4-28-5-8-22-27-31-26-25-10-2-24-23-18-15-16-20-19-9-7-30-6-3-1-0-21-14-17-13-11-12,10.2993,0.0108063
sparse_32_22,4,0,4180,10.3384,1413867,100000,8-18-24-6-16-17-15-28-19-2-22-1-9-3-12-23-0-25-21-11-20-27-10-14-4-31-13-5-26-7-29-30,10.3316,0.00683889
sparse_32_20,5,1,13046,10.2639,347546,100000,31-9-30-7-8-16-2-0-1-18-5-10-14-12-26-28-3-23-24-29-22-25-4-11-15-17-21-19-20-6-27-13,10.2555,0.00841039
sparse_32_7,2,0,18556,14.2369,496017,100000,20-21-22-26-18-31-12-27-8-7-1-0-4-9-10-11-3-19-29-23-28-2-14-24-13-16-25-15-30-6-5-17,14.2281,0.00871171
sparse_32_8,1,0,2104,13.687,7667590,100000,21-10-1-15-25-30-11-7-3-2-24-26-22-31-8-9-0-5-23-27-17-16-18-29-14-12-13-19-20-4-28-6,13.6804,0.0066622
sparse_32_37,5,0,50093,13.6672,911158,100000,1-2-30-0-18-16-17-22-3-11-12-29-28-4-10-9-21-19-24-23-6-31-7-5-15-13-14-8-27-26-25-20,13.6541,0.0131778
sparse_32_23,4,0,3881,9.97359,747109,100000,7-2-4-10-27-20-31-13-8-25-22-0-11-28-1-3-19-12-6-23-21-5-18-9-15-26-24-14-16-29-30-17,9.96669,0.00689728
sparse_32_21,5,1,2892,9.48764,427402,100000,12-4-9-24-25-31-14-13-1-0-5-3-2-15-8-26-28-29-7-6-30-16-17-18-21-23-19-22-27-20-10-11,9.48011,0.00752816
sparse_32_8,2,0,4521,13.755,470816,100000,21-1-25-30-15-10-3-11-7-24-22-26-31-2-8-9-5-6-4-0-23-27-17-16-18-29-14-12-13-19-20-28,13.7477,0.00723816
sparse_32_9,1,0,4350,15.1923,7797534,100000,19-21-5-9-2-27-23-18-16-14-12-28-24-30-15-25-4-17-29-10-22-8-7-13-11-20-0-1-3-31-6-26,15.1849,0.007372
sparse_32_38,5,0,6023,11.9368,1171613,100000,15-12-7-8-5-28-18-3-11-17-25-6-1-9-10-30-13-26-27-31-29-22-23-20-21-24-14-19-0-2-4-16,11.9297,0.00716626
sparse_32_24,4,0,3608,11.0525,1974700,100000,4-10-5-8-9-16-14-30-3-17-22-6-19-31-12-15-11-7-29-13-28-24-23-18-25-21-20-1-0-2-26-27,11.0441,0.00841355
sparse_32_22,5,1,124045,9.86386,603721,100000,17-18-8-15-6-2-28-16-24-25-19-1-22-11-20-9-12-3-23-0-21-27-31-14-10-4-5-13-29-26-7-30,9.84877,0.0150869
sparse_32_9,2,0,4983,16.2603,1679979,100000,19-21-27-28-24-2-23-9-30-5-18-25-29-16-14-22-12-4-17-15-8-20-10-0-7-31-6-1-3-13-11-26,16.2533,0.00700407
sparse_32_10,1,0,9759,13.1332,5069549,100000,4-3-9-15-14-12-1-0-2-20-21-22-11-6-5-23-7-18-13-24-30-31-16-10-19-28-27-29-26-25-17-8,13.1254,0.0078547
sparse_32_1,3,0,205505,15.477,1597088,100000,15-13-14-17-8-10-5-26-16-28-4-6-29-20-19-18-12-11-9-7-27-3-1-0-2-25-21-23-30-31-22-24,15.4559,0.0211007
sparse_32_39,5,0,26659,9.39706,904511,100000,27-28-26-23-30-24-6-8-31-25-29-1-0-7-2-9-12-10-11-19-18-15-16-17-13-4-22-5-20-3-21-14,9.38868,0.00837317
sparse_32_23,5,1,22596,11.4431,351581,100000,7-10-4-8-20-31-22-2-1-13-25-11-19-6-27-21-23-0-28-12-3-18-9-5-24-15-26-17-14-29-16-30,11.435,0.00806728
sparse_32_25,4,0,5279,17.5724,792868,100000,29-21-14-6-16-0-17-11-12-19-4-3-28-15-8-18-5-24-22-23-30-31-20-2-10-1-13-9-27-25-26-7,17.5655,0.00698477
sparse_32_10,2,0,28148,14.2266,804958,100000,15-4-12-9-3-14-11-18-6-1-5-7-0-2-20-21-22-13-24-30-31-16-23-10-19-17-28-27-29-8-26-25,14.2172,0.00940368
sparse_32_11,1,0,22869,14.1312,6110254,100000,22-17-23-18-16-24-13-14-6-21-15-12-4-20-11-19-10-9-2-3-7-0-1-8-27-26-28-5-25-31-30-29,14.1219,0.00937651
sparse_32_40,5,0,82533,7.86561,405875,100000,22-15-5-4-29-17-16-25-3-13-21-26-30-20-9-18-11-10-8-12-28-6-19-23-24-27-31-14-7-1-0-2,7.85264,0.0129729
sparse_32_2,3,0,122597,16.0775,1399021,100000,16-11-14-25-8-26-27-12-28-29-6-17-13-30-15-7-4-0-5-1-3-2-18-10-23-24-21-20-19-22-31-9,16.0541,0.0234358
sparse_32_24,5,1,3446,12.3832,1680955,100000,9-5-10-4-12-19-15-8-17-14-16-22-3-30-31-6-11-13-7-29-28-24-23-18-25-21-20-1-0-2-26-27,12.3763,0.00698504
sparse_32_26,4,0,62064,8.60049,376309,100000,15-13-24-26-5-18-14-31-6-23-11-16-12-25-4-30-21-20-22-10-2-0-1-3-27-28-17-19-8-7-9-29,8.58945,0.0110389
sparse_32_12,1,0,23433,13.0774,4697832,100000,14-29-30-16-8-18-15-12-9-17-19-10-11-13-28-22-20-21-23-6-5-7-2-0-1-3-4-27-25-24-26-31,13.0686,0.00876248
sparse_32_11,2,0,74972,15.949,2041068,100000,23-17-22-18-16-24-14-13-21-6-15-12-19-20-11-4-10-9-2-3-7-0-5-1-8-27-26-28-25-31-30-29,15.9376,0.0114891
sparse_32_41,5,0,5270,11.0473,1274343,100000,11-20-29-10-9-22-23-12-27-24-8-19-13-18-21-1-0-2-5-3-4-6-17-7-15-25-26-14-28-30-31-16,11.0404,0.00689516
sparse_32_3,3,0,10864,15.1206,2032764,100000,12-7-19-28-11-10-20-25-21-9-30-17-24-23-18-22-15-26-1-14-2-0-29-6-8-16-27-13-3-4-31-5,15.1125,0.00806492
sparse_32_25,5,1,46824,17.5264,475437,100000,21-29-16-14-6-0-17-11-19-15-12-4-8-18-5-24-22-23-30-31-28-3-9-20-1-13-10-2-7-27-25-26,17.5168,0.00951559
sparse_32_27,4,0,30849,9.62784,723099,100000,4-6-24-20-31-5-30-25-3-10-27-8-7-18-19-9-26-28-29-23-21-13-17-15-16-14-1-2-0-11-12-22,9.61901,0.00882279
sparse_32_12,2,0,23242,14.9131,1001223,100000,14-30-29-18-16-15-17-8-12-19-9-10-13-11-28-22-20-21-23-6-5-7-2-0-1-3-4-27-25-24-26-31,14.9043,0.00876317
sparse_32_42,5,0,21017,10.0404,842627,100000,1-4-0-6-2-29-31-26-28-30-5-11-12-14-3-7-27-13-15-22-23-24-21-18-19-16-17-20-25-9-8-10,10.0323,0.0081186
sparse_32_13,1,0,9665,16.1766,7600719,100000,7-4-6-5-21-30-12-24-23-25-16-28-10-3-27-22-26-17-9-15-8-29-31-13-14-1-0-2-20-19-18-11,16.1688,0.00774354
sparse_32_4,3,0,72576,12.6698,1451687,100000,2-27-3-22-28-4-15-11-1-10-5-6-9-0-12-25-23-18-16-17-20-21-7-8-13-14-19-24-30-26-29-31,12.6574,0.0123963
sparse_32_26,5,1,63646,9.03277,290271,100000,26-15-24-18-13-5-31-6-11-14-4-12-23-25-16-30-17-21-20-22-10-2-0-1-3-19-8-7-9-29-27-28,9.01981,0.0129627
sparse_32_28,4,0,38278,18.9939,2689359,100000,17-8-30-9-25-5-6-29-4-7-23-18-24-26-28-21-20-27-31-22-1-0-19-2-3-15-13-14-16-12-10-11,18.9812,0.0127171
sparse_32_43,5,0,37621,7.7573,1036421,100000,1-11-26-27-4-0-9-7-3-6-2-10-14-8-30-23-20-16-15-19-18-21-22-17-24-5-25-31-29-28-13-12,7.74635,0.0109454
sparse_32_14,1,0,2482,13.6794,6063215,100000,8-20-17-29-19-21-30-22-18-23-16-7-28-6-31-27-26-14-12-13-10-9-11-24-25-15-3-0-1-4-2-5,13.6729,0.00654542
sparse_32_13,2,0,63705,16.7454,2270662,100000,6-21-7-5-16-4-24-30-22-25-27-23-17-28-3-26-12-9-15-8-29-31-10-13-14-1-0-2-11-20-19-18,16.7283,0.0170589
sparse_32_5,3,0,75156,9.88625,1441287,100000,0-1-6-8-2-5-10-12-31-13-15-7-14-3-17-27-30-28-29-25-16-19-18-24-20-21-11-9-23-26-22-4,9.87487,0.0113745
sparse_32_27,5,1,49788,11.0059,644670,100000,24-6-20-4-25-30-18-27-3-31-10-5-8-19-9-7-26-29-28-23-21-13-17-15-16-14-1-11-12-22-2-0,10.9953,0.0105566
sparse_32_29,4,0,24274,9.20219,996070,100000,7-2-12-23-29-5-9-0-6-13-30-3-16-1-14-25-15-28-24-20-8-19-18-17-21-31-4-22-11-26-27-10,9.19341,0.00877392
sparse_32_44,5,0,34338,11.8753,521327,100000,26-8-27-14-10-9-13-11-6-7-18-12-1-0-2-19-29-28-30-31-15-16-17-21-22-20-23-24-25-4-3-5,11.8667,0.00862589
sparse_32_15,1,0,12119,13.3113,5168169,100000,7-11-5-6-10-9-23-15-14-8-16-17-26-24-25-2-0-1-4-3-30-29-22-20-21-19-18-13-12-28-27-31,13.3037,0.00758159
sparse_32_14,2,0,3496,14.7707,1031304,100000,20-29-19-21-8-17-30-18-22-23-16-28-7-31-6-27-26-14-12-13-10-9-11-24-25-15-3-1-0-4-2-5,14.7635,0.00727306
sparse_32_6,3,0,39158,11.1607,1224540,100000,2-13-19-1-30-22-0-21-14-17-31-16-3-4-15-18-20-7-6-5-27-24-29-25-23-11-12-10-9-8-28-26,11.1519,0.00884714
sparse_32_28,5,1,47376,11.4421,1252022,100000,17-18-9-4-29-25-7-6-24-26-28-21-8-20-30-27-23-5-1-0-31-22-19-2-3-15-13-14-16-12-10-11,11.4313,0.0107879
sparse_32_30,4,0,82437,15.3947,3341096,100000,9-10-5-15-7-14-6-13-21-25-19-29-4-24-2-20-23-12-0-8-22-11-1-28-31-3-18-16-17-30-27-26,15.3817,0.0130162
sparse_32_45,5,0,51775,7.03872,251463,100000,13-23-12-28-25-17-9-14-11-20-19-16-24-30-21-27-7-15-26-6-18-29-22-8-4-10-31-2-0-1-3-5,7.02932,0.00940045
sparse_32_16,1,0,11190,14.5223,8195366,100000,29-22-19-30-31-11-25-24-23-28-9-20-21-10-18-17-14-12-5-4-16-7-2-0-3-15-1-8-6-26-13-27,14.5149,0.00743699
sparse_32_15,2,0,3086,15.7992,1659151,100000,11-7-10-6-23-9-5-14-15-16-17-26-24-8-25-2-0-28-27-1-4-3-22-20-21-19-18-13-12-30-29-31,15.7922,0.00696531
sparse_32_29,5,1,164138,8.82256,525663,100000,2-7-9-5-29-23-25-6-12-0-13-3-30-1-16-14-15-28-20-24-31-4-22-11-10-8-19-18-17-21-26-27,8.80103,0.0215372
sparse_32_7,3,0,18044,14.8535,1580362,100000,12-8-7-1-0-4-9-10-20-3-23-11-19-22-26-21-18-31-27-2-14-24-13-29-16-28-25-15-30-6-5-17,14.8447,0.00873583
sparse_32_46,5,0,32567,8.26579,398098,100000,26-25-6-17-4-7-19-20-3-27-16-18-31-5-15-1-0-21-22-30-2-24-12-14-11-29-28-10-8-13-23-9,8.25568,0.0101092
sparse_32_31,4,0,9551,13.8939,1886613,100000,4-6-16-18-27-17-9-5-12-8-25-31-19-26-28-7-11-29-21-22-15-10-20-23-13-14-24-30-3-0-1-2,13.886,0.00784531
sparse_32_16,2,0,10745,14.3162,1894281,100000,12-5-16-4-7-2-3-15-1-0-14-17-18-8-6-13-10-9-11-31-30-29-22-25-19-23-28-24-20-21-26-27,14.3084,0.00773372
sparse_32_17,1,0,6672,15.8366,10254641,100000,24-19-17-29-4-15-21-28-16-18-30-2-27-3-26-5-22-23-1-14-31-7-20-13-10-8-9-12-11-0-6-25,15.8293,0.0072941
sparse_32_30,5,1,42875,17.0858,3159231,100000,5-10-6-9-21-25-15-14-7-23-13-20-4-19-8-29-24-12-2-0-22-11-28-1-31-3-18-16-17-30-27-26,17.0737,0.0121219
sparse_32_8,3,0,1009,12.5728,1647644,100000,3-21-7-15-1-10-25-30-24-22-2-8-26-31-11-0-5-6-9-23-27-17-16-18-29-14-12-13-19-20-28-4,12.5661,0.00670066
sparse_32_47,5,0,9342,7.76978,222250,100000,12-14-4-0-26-1-24-2-30-13-21-22-8-15-31-28-18-20-25-23-6-29-17-7-19-3-16-5-11-9-10-27,7.76291,0.00686773
sparse_32_32,4,0,20361,18.3513,2356758,100000,5-9-8-7-23-4-29-10-3-26-11-31-22-18-30-21-24-13-16-12-19-17-6-28-27-2-0-1-14-20-25-15,18.3414,0.00988567
sparse_32_18,1,0,3452,14.2787,9065329,100000,1-0-3-4-8-13-10-16-14-17-18-22-19-23-15-9-12-2-24-25-7-26-5-6-20-21-27-31-29-28-30-11,14.2716,0.00711224
sparse_32_17,2,0,5187,16.1917,3247268,100000,24-28-19-29-17-21-18-15-30-16-4-27-22-23-2-3-26-5-20-13-10-8-12-9-0-31-7-1-14-11-6-25,16.1849,0.00676527
sparse_32_31,5,1,9616,10.6997,1105323,100000,18-17-6-27-16-4-12-9-8-5-7-25-22-10-31-21-15-26-19-28-29-11-20-23-13-14-24-30-3-0-1-2,10.6921,0.00760137
sparse_32_48,5,0,20187,6.79241,493815,100000,20-31-17-14-16-18-10-26-19-25-23-9-28-6-22-12-5-15-13-4-24-2-7-21-27-11-8-29-3-1-0-30,6.78458,0.0078361
sparse_32_9,3,0,6746,15.959,3140379,100000,2-21-19-9-5-27-14-12-18-16-28-24-4-30-10-23-15-17-29-25-22-0-8-7-20-13-11-31-6-1-3-26,15.9519,0.00708077
sparse_32_33,4,0,43841,11.1493,802905,100000,7-10-9-17-12-11-20-16-19-25-30-29-8-18-26-5-4-6-13-14-1-0-2-22-3-23-21-15-24-27-28-31,11.1393,0.0100576
sparse_32_19,1,0,8215,14.3814,7148306,100000,15-13-17-19-16-11-18-10-29-22-23-12-21-31-20-27-24-28-26-25-7-6-4-2-3-8-5-14-9-1-0-30,14.374,0.00743637
sparse_32_18,2,0,3997,15.4196,1951592,100000,1-10-3-13-8-16-14-17-18-4-19-0-22-9-15-23-12-2-24-25-26-7-11-5-6-20-21-27-31-29-28-30,15.4108,0.00879638
sparse_32_32,5,1,34996,15.1879,950360,100000,9-5-8-29-23-7-4-26-10-3-6-11-31-22-30-21-18-24-13-16-12-19-17-28-27-2-0-1-14-20-25-15,15.177,0.010919
sparse_32_49,5,0,865656,12.2488,422059,100000,24-14-25-15-16-13-23-8-6-5-3-20-7-31-21-0-2-12-29-26-18-27-19-30-17-28-1-4-9-10-22-11,12.1477,0.1011
sparse_32_10,3,0,16971327,11.7596,1157402,100000,3-1-0-9-4-15-11-6-12-2-20-21-22-18-7-23-14-5-16-24-30-31-13-10-19-28-27-29-17-8-26-25,10.0226,1.73708
sparse_32_34,4,0,4642,9.31763,766497,100000,4-0-1-17-24-7-2-21-20-27-23-10-31-19-9-26-25-14-13-15-18-16-12-6-8-11-22-29-30-3-5-28,9.31048,0.00715595
sparse_32_20,1,0,2703,14.5772,7870529,100000,31-2-30-9-26-24-0-1-5-3-18-7-8-16-10-14-23-12-22-4-28-29-25-11-15-21-6-20-17-19-27-13,14.57,0.00712246
sparse_32_19,2,0,51008,14.799,1431235,100000,13-15-19-17-16-29-18-11-22-23-10-20-31-27-12-21-14-24-28-30-26-25-7-6-4-2-3-8-5-9-1-0,14.7872,0.0117973
sparse_32_50,5,0,50954,6.39564,800111,100000,8-4-3-27-5-18-14-13-2-15-6-20-0-21-12-16-10-9-11-1-7-26-30-31-25-19-17-28-29-24-23-22,6.38356,0.0120785
sparse_32_33,5,1,43454,10.5968,525391,100000,12-11-7-9-10-20-17-8-16-30-19-25-29-18-15-26-5-4-6-13-14-1-0-2-22-3-23-21-24-27-28-31,10.5863,0.0104612
sparse_32_11,3,0,24901,17.8206,2718186,100000,13-22-17-23-6-16-21-18-20-19-24-11-14-12-4-15-10-9-2-7-3-0-1-8-27-26-28-5-25-31-30-29,17.8112,0.00936604
sparse_32_35,4,0,174351,10.2422,635586,100000,6-1-16-8-7-9-23-0-11-2-10-21-13-12-28-5-3-15-14-4-26-27-31-30-29-22-18-17-19-20-24-25,10.2192,0.0229871
sparse_32_51,5,0,8533,9.76962,1681526,100000,18-16-29-23-21-13-12-15-19-17-14-11-2-0-1-10-27-9-7-20-26-24-6-8-25-28-31-30-5-3-4-22,9.76182,0.00779788
sparse_32_21,1,0,116306,15.017,5235674,100000,4-12-9-5-24-25-31-14-13-1-0-3-15-2-8-26-28-29-7-6-16-17-18-21-19-23-22-30-27-20-11-10,14.981,0.0360209
sparse_32_20,2,0,7118,15.9448,570121,100000,31-30-9-2-26-29-7-8-16-10-14-12-23-28-0-1-5-18-3-22-4-24-11-25-15-17-21-6-20-19-27-13,15.937,0.00775677
sparse_32_34,5,1,2557,10.8983,283095,100000,4-0-1-17-24-2-20-23-7-21-27-19-9-14-26-15-18-10-31-25-12-11-16-6-13-3-5-8-22-29-30-28,10.8914,0.00693049
sparse_32_12,3,0,32586,13.2265,1271281,100000,29-14-18-16-30-15-12-10-8-9-19-17-28-13-11-22-20-21-6-23-5-7-2-0-1-3-4-27-25-24-26-31,13.2156,0.0109438
sparse_32_36,4,0,30498,13.7573,2046641,100000,28-29-4-22-31-8-27-26-10-2-25-24-23-18-15-5-16-9-20-19-7-30-6-21-14-17-3-1-0-13-11-12,13.7484,0.00886913
sparse_32_52,5,0,67828,6.88149,356838,100000,22-15-17-18-13-9-6-7-4-16-14-27-23-29-30-31-28-5-19-20-21-8-25-24-12-11-10-2-3-0-1-26,6.87025,0.0112418
sparse_32_21,2,0,23129,15.8681,430205,100000,4-9-12-24-25-31-5-14-13-1-0-3-2-8-26-28-29-15-7-6-11-10-30-16-17-18-21-23-19-22-27-20,15.8597,0.00839994
sparse_32_22,1,0,20381,15.0922,9119824,100000,19-8-18-6-24-28-17-16-25-2-1-11-15-9-3-22-12-20-0-21-23-27-10-4-5-14-13-31-26-7-29-30,15.0837,0.00841757
sparse_32_35,5,1,62963,14.2827,684078,100000,16-6-1-7-9-8-11-0-10-2-23-12-28-21-13-5-3-4-26-27-31-15-14-30-29-22-18-19-17-20-24-25,14.2713,0.0113903
sparse_32_37,4,0,16987,11.7103,1118803,100000,6-31-7-5-13-15-8-27-26-14-23-25-24-22-17-16-18-30-1-0-2-3-11-12-29-28-10-9-4-21-19-20,11.7023,0.00793441
sparse_32_13,3,0,41613,19.4379,3260540,100000,4-6-7-30-5-12-3-22-16-25-17-10-9-21-23-24-26-28-27-8-15-11-29-31-13-14-1-0-2-20-19-18,19.426,0.0119283
sparse_32_53,5,0,30797,13.206,1210865,100000,29-11-7-12-26-23-8-9-31-14-15-28-13-27-10-22-19-18-17-21-4-3-1-2-20-24-25-30-16-0-6-5,13.1975,0.00845457
sparse_32_36,5,1,50716,13.9099,1515932,100000,29-4-28-5-8-22-27-31-26-25-10-2-24-23-18-15-16-20-19-9-7-30-6-3-1-0-21-14-17-13-11-12,13.8992,0.0106756
sparse_32_23,1,0,3087,12.8758,6175854,100000,7-2-20-4-10-8-31-13-0-1-22-25-11-6-3-19-12-27-28-23-21-18-9-5-24-26-15-16-30-17-14-29,12.8687,0.00705601
sparse_32_22,2,0,52394,14.0276,316246,100000,19-8-18-24-28-6-16-17-15-25-20-21-22-9-12-3-23-11-2-27-31-10-14-1-13-26-4-29-0-5-7-30,14.0172,0.0104826
sparse_32_38,4,0,2503,17.5755,1815351,100000,12-15-7-18-8-5-28-3-11-10-17-25-9-6-14-30-13-26-27-31-29-22-23-20-21-24-1-19-0-2-4-16,17.5687,0.00677088
sparse_32_14,3,0,2720,12.9702,1187032,100000,8-22-19-20-18-17-29-21-23-30-16-7-31-28-6-27-26-14-12-13-10-9-11-24-25-15-3-0-1-4-2-5,12.9633,0.00686953
sparse_32_54,5,0,1788,11.143,2146249,100000,20-4-5-1-3-18-0-19-2-31-25-28-24-30-23-29-27-22-26-21-15-11-16-17-12-14-9-6-13-8-7-10,11.1363,0.00673639
sparse_32_37,5,1,50093,16.603,908402,100000,1-2-30-0-18-16-17-22-3-11-12-29-28-4-10-9-21-19-24-23-6-31-7-5-15-13-14-8-27-26-25-20,16.5899,0.0131257
sparse_32_23,2,0,2807,13.6047,286913,100000,7-31-4-20-10-25-2-22-8-27-13-23-21-1-6-19-28-11-0-3-18-9-12-26-5-24-15-17-16-30-29-14,13.5979,0.00685213
sparse_32_24,1,0,6267,13.8972,7408272,100000,4-8-5-9-10-17-22-30-14-12-19-16-31-3-6-15-11-7-29-13-28-24-23-25-21-20-1-0-2-26-27-18,13.8899,0.00730099
sparse_32_39,4,0,26490,11.5362,922225,100000,27-8-23-26-6-24-30-28-25-29-1-7-31-0-2-9-12-10-11-19-18-15-16-13-17-4-22-5-20-3-21-14,11.5278,0.00842468
sparse_32_15,3,0,3408,18.3038,2631022,100000,5-7-11-6-10-14-9-8-23-15-16-17-26-24-25-2-0-1-4-3-22-20-21-19-18-13-12-30-29-28-27-31,18.297,0.00673508
sparse_32_55,5,0,7029,7.21678,482897,100000,13-26-5-22-2-0-8-23-24-1-27-28-9-3-7-31-16-11-30-4-17-18-12-25-19-21-29-14-15-20-10-6,7.20967,0.00711044
sparse_32_38,5,1,6023,14.8306,1165710,100000,15-12-7-8-5-28-18-3-11-17-25-6-1-9-10-30-13-26-27-31-29-22-23-20-21-24-14-19-0-2-4-16,14.8233,0.00732143
sparse_32_24,2,0,4944,15.0939,2382746,100000,4-10-17-8-22-5-30-31-9-14-19-12-16-15-11-6-3-13-18-28-24-7-29-23-25-21-20-1-0-2-26-27,15.0865,0.00746903
sparse_32_25,1,0,7013,13.2862,5086093,100000,29-16-21-6-0-14-17-19-11-4-15-12-8-18-5-24-22-23-30-31-28-3-9-1-13-20-10-27-25-26-2-7,13.2788,0.00743363
sparse_32_40,4,0,49782,9.85956,791837,100000,15-5-17-22-4-29-3-13-16-21-25-20-9-11-10-30-26-6-28-18-19-8-12-23-24-27-31-14-7-1-0-2,9.84859,0.0109692
sparse_32_56,5,0,3699,14.8429,1394263,100000,12-14-5-13-6-16-2-15-1-3-0-4-18-17-20-9-7-8-10-11-29-26-28-27-19-22-21-24-23-25-31-30,14.8364,0.00652502
sparse_32_16,3,0,10699,12.4382,2048144,100000,29-22-30-31-19-11-25-23-20-9-24-28-10-18-17-14-7-5-4-12-16-3-2-15-0-1-8-21-6-26-13-27,12.4307,0.00749033
sparse_32_39,5,1,26659,12.9481,904329,100000,27-28-26-23-30-24-6-8-31-25-29-1-0-7-2-9-12-10-11-19-18-15-16-17-13-4-22-5-20-3-21-14,12.9396,0.00850185
sparse_32_25,2,0,168988,16.16,627251,100000,29-21-16-14-6-19-0-11-17-15-4-12-8-18-5-24-22-23-30-28-31-20-3-9-1-13-10-2-7-27-25-26,16.1397,0.0202239
sparse_32_26,1,0,5161,12.7203,4069317,100000,15-24-13-5-26-18-31-6-11-12-14-4-16-23-25-19-8-7-9-29-30-21-20-22-10-2-0-1-3-27-28-17,12.7129,0.00740508
sparse_32_41,4,0,1667,12.1133,1403314,100000,10-20-29-11-9-12-23-22-27-19-24-8-18-1-0-2-21-13-5-3-4-6-17-7-15-25-26-14-28-30-31-16,12.1067,0.00652435
sparse_32_57,5,0,49479,9.50273,636941,100000,21-18-22-13-28-12-4-2-29-5-3-10-11-19-14-8-9-27-25-26-7-6-1-0-20-30-31-23-16-15-17-24,9.49197,0.0107669
sparse_32_17,3,0,24128,18.0732,3447395,100000,4-19-24-17-16-29-15-21-27-18-30-22-28-2-3-26-23-0-5-31-7-20-13-10-8-9-12-11-1-14-6-25,18.0648,0.00830667
sparse_32_40,5,1,82533,10.2246,405772,100000,22-15-5-4-29-17-16-25-3-13-21-26-30-20-9-18-11-10-8-12-28-6-19-23-24-27-31-14-7-1-0-2,10.2114,0.0131848
sparse_32_26,2,0,216537,14.1226,251506,100000,24-26-15-18-13-5-31-6-14-11-12-16-25-23-30-4-17-19-8-7-9-27-28-21-20-22-10-2-0-1-3-29,14.1018,0.0207883
sparse_32_27,1,0,31162,15.1906,5602870,100000,4-6-24-20-5-30-25-27-10-8-3-31-18-9-19-7-26-28-29-23-21-13-17-15-16-14-1-2-0-11-12-22,15.1817,0.00893706
sparse_32_42,4,0,111092,13.2919,1064987,100000,0-2-4-1-29-31-6-26-28-7-11-30-5-12-3-14-27-13-15-22-23-24-21-18-19-16-17-20-25-9-8-10,13.2773,0.0146582
sparse_32_58,5,0,1083333,12.9801,696331,100000,20-19-21-25-16-17-12-13-22-18-28-9-8-5-7-10-11-26-1-3-27-2-0-15-6-4-14-29-24-23-30-31,12.8793,0.100816
sparse_32_18,3,0,1192,13.9871,2920302,100000,0-1-13-14-17-18-22-8-10-19-3-23-16-9-4-15-24-25-7-26-12-2-5-6-20-21-27-31-29-28-30-11,13.9807,0.0064092
sparse_32_41,5,1,5270,13.3842,1273925,100000,11-20-29-10-9-22-23-12-27-24-8-19-13-18-21-1-0-2-5-3-4-6-17-7-15-25-26-14-28-30-31-16,13.3774,0.00682273
sparse_32_27,2,0,34737,15.1146,757398,100000,6-20-24-4-5-25-30-31-18-27-10-3-19-7-29-28-26-8-23-9-21-13-17-15-16-14-1-11-12-22-2-0,15.1054,0.00925406
sparse_32_28,1,0,2888,14.6195,8419516,100000,17-5-6-9-25-30-8-4-29-7-23-18-1-24-26-28-21-20-27-0-22-31-15-13-14-16-12-3-10-11-19-2,14.6128,0.00669978
sparse_32_59,5,0,248936,8.01961,701144,100000,15-29-11-14-7-3-1-4-12-0-6-13-17-16-9-8-26-5-30-2-10-24-31-28-20-18-21-27-19-22-23-25,7.99795,0.0216642
sparse_32_43,4,0,47804,12.7044,1378633,100000,3-27-6-1-7-26-9-11-4-0-2-10-14-30-23-20-16-15-19-18-21-22-17-24-8-5-25-31-29-28-13-12,12.693,0.0114257
sparse_32_42,5,1,21017,12.4266,841502,100000,1-4-0-6-2-29-31-26-28-30-5-11-12-14-3-7-27-13-15-22-23-24-21-18-19-16-17-20-25-9-8-10,12.4184,0.00822429
sparse_32_19,3,0,49416,16.7149,1963441,100000,15-13-22-10-16-18-17-11-29-19-23-27-20-31-12-21-24-28-14-26-25-7-6-4-2-3-8-5-9-30-1-0,16.7044,0.0104831
sparse_32_29,1,0,8539,12.2426,5609057,100000,7-2-12-25-23-0-9-29-13-6-30-5-16-14-15-28-20-3-1-24-19-18-17-21-26-27-4-22-11-31-8-10,12.2347,0.00792477
sparse_32_28,2,0,47141,17.3802,2490871,100000,17-6-9-18-25-5-29-8-30-7-4-24-26-28-21-20-27-23-31-1-0-22-19-2-3-15-13-14-16-12-10-11,17.3691,0.0110543
sparse_32_60,5,0,17097,13.5369,666044,100000,0-2-25-1-6-19-24-28-3-31-5-13-18-11-21-26-29-10-30-17-7-16-8-15-22-4-14-12-27-20-23-9,13.5277,0.00913999
sparse_32_43,5,1,37621,11.6547,1036356,100000,1-11-26-27-4-0-9-7-3-6-2-10-14-8-30-23-20-16-15-19-18-21-22-17-24-5-25-31-29-28-13-12,11.6438,0.0109432
sparse_32_20,3,0,2378415,11.7731,1925536,100000,31-2-0-9-7-30-8-16-26-1-12-5-24-14-3-10-23-25-18-4-28-29-22-15-21-6-20-19-11-17-27-13,11.4525,0.320631
sparse_32_29,2,0,98830,14.1826,772350,100000,7-2-25-9-29-23-12-5-13-6-0-30-3-1-16-24-31-14-15-28-20-4-22-11-10-8-19-18-17-21-26-27,14.166,0.016588
sparse_32_61,5,0,142243,7.00469,369038,100000,11-23-10-9-7-19-8-21-22-31-13-16-4-14-12-6-20-17-1-0-15-2-26-27-24-28-30-29-25-3-5-18,6.98944,0.0152489
sparse_32_30,1,0,83669,20.3672,11110549,100000,9-7-15-5-14-10-6-13-19-21-4-25-23-29-2-20-0-24-8-12-22-11-1-31-3-28-18-16-17-30-27-26,20.3541,0.0131353
sparse_32_44,5,1,34338,14.9744,521296,100000,26-8-27-14-10-9-13-11-6-7-18-12-1-0-2-19-29-28-30-31-15-16-17-21-22-20-23-24-25-4-3-5,14.9657,0.00874706
sparse_32_21,3,0,99289,10.0616,1159105,100000,4-9-24-25-31-14-13-1-0-12-5-3-15-2-8-26-28-29-6-16-17-18-21-19-23-22-7-11-27-20-30-10,10.0339,0.0276723
sparse_32_62,5,0,201078,8.44572,477170,100000,27-10-25-21-23-24-26-8-18-5-11-31-4-22-7-28-17-19-3-2-0-30-29-9-1-12-6-15-16-20-14-13,8.42596,0.0197635
sparse_32_30,2,0,28199,21.7843,6259480,100000,9-14-10-15-7-5-21-25-23-20-6-13-19-4-29-24-8-12-22-2-11-28-0-1-31-3-18-16-17-30-27-26,21.7745,0.0098319
sparse_32_31,1,0,11066,13.8241,6081666,100000,18-6-16-4-17-12-8-9-7-27-22-25-31-26-21-5-15-10-19-28-29-11-20-23-13-14-24-30-3-0-1-2,13.816,0.00810684
sparse_32_45,5,1,51775,10.8802,251458,100000,13-23-12-28-25-17-9-14-11-20-19-16-24-30-21-27-7-15-26-6-18-29-22-8-4-10-31-2-0-1-3-5,10.8705,0.00971154
sparse_32_22,3,0,4250,7.61367,1060081,100000,8-19-18-17-2-6-1-9-28-24-12-25-3-16-11-0-21-20-22-15-27-23-10-5-4-13-14-31-26-7-29-30,7.60663,0.00703793
sparse_32_63,5,0,2553,5.79016,465212,100000,12-25-31-19-10-8-11-24-20-26-9-16-15-6-18-14-27-13-4-5-22-29-30-7-2-0-1-3-17-23-21-28,5.7834,0.00675925
sparse_32_31,2,0,9530,15.687,2032703,100000,18-16-17-6-27-4-12-9-5-25-7-8-31-22-21-19-28-29-10-26-20-11-15-23-13-14-24-30-3-0-1-2,15.6792,0.00780897
sparse_32_32,1,0,35805,14.0254,5406542,100000,9-5-7-8-29-4-23-10-26-3-6-11-31-22-18-30-21-24-13-16-12-19-17-28-27-2-0-1-14-20-25-15,14.014,0.0113855
sparse_32_45,4,0,25798,9.57142,790318,100000,12-23-17-13-28-25-11-20-27-9-14-30-21-24-16-26-19-18-7-6-29-15-22-31-10-2-0-1-8-4-3-5,9.56176,0.00966121
sparse_32_46,5,1,32567,10.4994,397923,100000,26-25-6-17-4-7-19-20-3-27-16-18-31-5-15-1-0-21-22-30-2-24-12-14-11-29-28-10-8-13-23-9,10.4894,0.0100331
sparse_32_64,5,0,5314,7.61796,804695,100000,23-21-19-17-22-18-4-16-20-1-5-3-0-2-9-6-8-12-10-11-13-15-14-7-26-30-24-25-31-29-27-28,7.61126,0.00670042
sparse_32_23,3,0,4445,13.6911,1910742,100000,7-20-2-10-8-25-4-1-0-23-21-13-19-27-18-12-31-22-28-6-11-3-5-15-9-17-24-14-26-16-30-29,13.6842,0.00689693
sparse_32_32,2,0,36591,15.1994,1331618,100000,9-5-8-29-23-7-4-26-10-11-31-22-18-30-21-24-13-16-19-17-3-6-12-28-27-2-0-1-14-20-25-15,15.1888,0.010595
sparse_32_33,1,0,7676,12.8254,4359077,100000,10-7-12-17-9-11-16-19-20-8-25-30-29-18-5-4-6-13-14-1-0-2-22-3-23-21-24-26-27-28-31-15,12.8179,0.00744747
sparse_32_47,5,1,9342,10.9336,222064,100000,12-14-4-0-26-1-24-2-30-13-21-22-8-15-31-28-18-20-25-23-6-29-17-7-19-3-16-5-11-9-10-27,10.9265,0.00713462
sparse_32_46,4,0,33289,12.2559,1111886,100000,17-6-4-25-7-26-20-27-18-31-3-5-19-15-1-0-21-16-22-30-2-24-12-14-11-29-28-10-8-13-23-9,12.2453,0.0105938
sparse_32_65,5,0,24361515,25.5495,852314,100000,21-3-23-20-7-2-9-0-12-14-6-1-4-11-24-8-13-10-5-25-30-31-29-28-27-22-19-18-16-15-17-26,11.1949,14.3546
sparse_32_24,3,0,8670,15.7855,2374667,100000,4-10-6-5-17-16-19-8-14-30-3-15-22-9-31-11-12-28-24-23-13-18-25-7-29-21-20-1-0-2-26-27,15.7771,0.00840421
sparse_32_33,2,0,4148034,15.3902,825465,100000,10-12-11-7-9-17-20-8-16-30-19-25-29-18-26-15-5-4-6-13-14-1-0-2-22-3-23-21-24-27-28-31,15.067,0.32321
sparse_32_34,1,0,5341,12.9154,4317167,100000,4-0-1-17-2-23-24-7-21-20-27-19-26-9-10-14-25-15-31-18-12-13-3-5-6-11-16-8-22-29-30-28,12.9079,0.00751751
sparse_32_48,5,1,20187,9.98587,493813,100000,20-31-17-14-16-18-10-26-19-25-23-9-28-6-22-12-5-15-13-4-24-2-7-21-27-11-8-29-3-1-0-30,9.97814,0.00773022
sparse_32_47,4,0,1404,11.9325,852368,100000,12-14-24-30-4-0-26-1-31-22-2-21-25-13-23-18-20-28-8-3-15-6-29-17-16-5-7-19-11-9-27-10,11.926,0.0065264
sparse_32_66,5,0,2722,9.4089,1010420,100000,16-15-14-12-17-11-19-2-10-0-1-25-26-31-13-18-30-28-6-3-5-9-23-4-20-7-8-24-22-21-27-29,9.40144,0.0074567
sparse_32_25,3,0,84317,23.7206,2154702,100000,29-16-21-14-6-0-17-15-12-8-18-5-24-22-23-30-31-19-4-11-3-1-9-28-27-25-26-13-10-2-7-20,23.6874,0.0332306
sparse_32_35,1,0,24084,15.2959,4546827,100000,1-6-16-23-7-9-11-0-8-2-10-21-12-28-13-15-14-5-3-26-27-31-30-29-22-18-19-17-20-24-25-4,15.2796,0.0162359
sparse_32_34,2,0,5715,16.9786,265416,100000,4-23-0-1-17-24-7-21-20-9-2-27-10-14-15-18-19-31-26-12-13-11-16-8-25-6-3-5-22-29-30-28,16.9674,0.0112932
                                                                                                                                                                                                                                                                                                           