dense_16_50,0,0,79226,0.624436,2590560,100000,0-1-4-3-2-5-14-13-12-11-10-8-6-7-9-15,0.609493,0.0149423
dense_16_50,1,0,79090,0.814315,1500620,100000,0-1-4-3-2-5-14-13-12-11-10-8-6-7-9-15,0.798948,0.0153665
dense_16_50,2,0,79011,1.198,975305,100000,0-1-4-3-2-5-14-13-12-11-10-8-6-7-9-15,1.17476,0.0232335
dense_16_50,5,0,79066,0.946752,1133143,100000,0-1-4-3-2-5-14-13-12-11-10-8-6-7-9-15,0.923804,0.0229474
dense_16_50,0,1,79175,0.953737,2284042,100000,0-1-4-3-2-5-14-13-12-11-10-8-6-7-9-15,0.930377,0.02336
dense_16_50,4,0,79068,1.98152,1139113,100000,0-1-4-3-2-5-14-13-12-11-10-8-6-7-9-15,1.95828,0.0232389
dense_16_50,3,0,79087,2.00995,1237711,100000,0-1-4-3-2-5-14-13-12-11-10-8-6-7-9-15,1.98714,0.0228144
dense_16_50,2,1,78989,2.53363,946097,100000,0-1-4-3-2-5-14-13-12-11-10-8-6-7-9-15,2.51054,0.0230864
dense_16_50,5,1,79049,1.38421,1066813,100000,0-1-4-3-2-5-14-13-12-11-10-8-6-7-9-15,1.36101,0.0231937
dense_16_50,1,1,79070,2.09276,1345102,100000,0-1-4-3-2-5-14-13-12-11-10-8-6-7-9-15,2.06958,0.0231865
dense_16_50,3,1,79067,3.61313,1149080,100000,0-1-4-3-2-5-14-13-12-11-10-8-6-7-9-15,3.58986,0.0232719
dense_16_50,4,1,79049,3.72955,1071246,100000,0-1-4-3-2-5-14-13-12-11-10-8-6-7-9-15,3.70549,0.024058
dense_16_51,1,0,45916,0.833366,1261225,100000,7-1-6-8-9-10-11-15-14-0-2-12-4-13-3-5,0.819245,0.0141202
dense_16_51,5,0,45916,0.680848,619095,100000,7-1-6-8-9-10-11-15-14-0-2-12-4-13-3-5,0.666454,0.0143943
dense_16_51,2,0,45915,1.12788,589634,100000,7-1-6-8-9-10-11-15-14-0-2-12-4-13-3-5,1.11375,0.0141293
dense_16_51,0,0,74966,0.65099,2349090,100000,7-1-6-8-9-10-11-15-14-0-2-12-4-13-3-5,0.633561,0.0174288
dense_16_51,5,1,45916,1.04791,604243,100000,7-1-6-8-9-10-11-15-14-0-2-12-4-13-3-5,1.03389,0.0140191
dense_16_51,4,0,45916,1.51491,635767,100000,7-1-6-8-9-10-11-15-14-0-2-12-4-13-3-5,1.50079,0.0141214
dense_16_51,3,0,45916,1.75337,928140,100000,7-1-6-8-9-10-11-15-14-0-2-12-4-13-3-5,1.73917,0.0141972
dense_16_51,0,1,74966,0.931042,2071124,100000,7-1-6-8-9-10-11-15-14-0-2-12-4-13-3-5,0.913494,0.0175481
dense_16_51,1,1,45916,1.94146,1192356,100000,7-1-6-8-9-10-11-15-14-0-2-12-4-13-3-5,1.92747,0.0139923
dense_16_51,2,1,45915,2.6577,579722,100000,7-1-6-8-9-10-11-15-14-0-2-12-4-13-3-5,2.64363,0.0140728
dense_16_51,4,1,45916,2.98901,619673,100000,7-1-6-8-9-10-11-15-14-0-2-12-4-13-3-5,2.97518,0.0138308
dense_16_51,3,1,45916,3.21707,879119,100000,7-1-6-8-9-10-11-15-14-0-2-12-4-13-3-5,3.20296,0.0141131
dense_16_52,1,0,4414,0.750318,1668927,100000,0-2-3-5-6-12-13-1-4-7-8-14-15-10-9-11,0.741185,0.00913258
dense_16_52,5,0,4413,0.74444,1277126,100000,0-2-3-5-6-12-13-1-4-7-8-14-15-10-9-11,0.73533,0.00911041
dense_16_52,2,0,4410,1.21146,1121419,100000,0-2-3-5-6-12-13-1-4-7-8-14-15-10-9-11,1.20224,0.00922224
dense_16_52,0,0,4454,0.585171,2510308,100000,0-2-3-5-6-12-13-1-4-7-8-14-15-10-9-11,0.576486,0.00868529
dense_16_52,5,1,4413,1.14324,1200855,100000,0-2-3-5-6-12-13-1-4-7-8-14-15-10-9-11,1.13415,0.00909345
dense_16_52,0,1,4454,0.878283,2191550,100000,0-2-3-5-6-12-13-1-4-7-8-14-15-10-9-11,0.869007,0.00927607
dense_16_52,4,0,4413,1.91689,1322605,100000,0-2-3-5-6-12-13-1-4-7-8-14-15-10-9-11,1.9077,0.00919034
dense_16_52,3,0,4414,1.97542,1468783,100000,0-2-3-5-6-12-13-1-4-7-8-14-15-10-9-11,1.96623,0.00919307
dense_16_52,1,1,4414,2.14947,1492796,100000,0-2-3-5-6-12-13-1-4-7-8-14-15-10-9-11,2.1404,0.00906629
dense_16_52,2,1,4407,2.37081,1102784,100000,0-2-3-5-6-12-13-1-4-7-8-14-15-10-9-11,2.36163,0.00917906
dense_16_53,1,0,6471,0.979444,1537504,100000,8-14-11-12-9-10-13-7-6-0-1-2-3-4-5-15,0.96896,0.0104839
dense_16_53,5,0,6424,1.26537,1015200,100000,8-14-11-12-9-10-13-7-6-0-1-2-3-4-5-15,1.25503,0.0103325
dense_16_53,0,0,7328,0.765497,2151974,100000,8-14-11-12-9-10-13-7-6-0-1-2-3-4-5-15,0.75641,0.00908722
dense_16_53,2,0,6258,1.61369,814120,100000,8-14-11-12-9-10-13-7-6-0-1-2-3-4-5-15,1.60312,0.0105746
dense_16_53,5,1,6408,1.38534,905072,100000,8-14-11-12-9-10-13-7-6-0-1-2-3-4-5-15,1.37507,0.01027
dense_16_52,4,1,4413,4.13807,1238172,100000,0-2-3-5-6-12-13-1-4-7-8-14-15-10-9-11,4.12827,0.00979714
dense_16_53,0,1,7309,0.952388,1852992,100000,8-14-11-12-9-10-13-7-6-0-1-2-3-4-5-15,0.941743,0.0106457
dense_16_52,3,1,4414,4.04918,1366578,100000,0-2-3-5-6-12-13-1-4-7-8-14-15-10-9-11,4.041,0.00817919
dense_16_53,4,0,6407,2.2627,1126218,100000,8-14-11-12-9-10-13-7-6-0-1-2-3-4-5-15,2.25217,0.010529
dense_16_53,3,0,6471,1.60395,1058612,100000,8-14-11-12-9-10-13-7-6-0-1-2-3-4-5-15,1.59709,0.00685484
dense_16_53,1,1,6455,1.78248,1376210,100000,8-14-11-12-9-10-13-7-6-0-1-2-3-4-5-15,1.77589,0.00659506
dense_16_54,2,0,19000,1.07189,1257013,100000,8-10-11-12-13-14-15-1-0-2-3-7-9-4-5-6,1.06067,0.0112282
dense_16_54,1,0,19047,0.757193,1696332,100000,8-10-11-12-13-14-15-1-0-2-3-7-9-4-5-6,0.745676,0.0115165
dense_16_54,5,1,19002,0.90923,1264357,100000,8-10-11-12-13-14-15-1-0-2-3-7-9-4-5-6,0.898027,0.011203
dense_16_53,2,1,6232,2.00241,805194,100000,8-14-11-12-9-10-13-7-6-0-1-2-3-4-5-15,1.99207,0.0103462
dense_16_54,5,0,19040,0.870264,1290961,100000,8-10-11-12-13-14-15-1-0-2-3-7-9-4-5-6,0.853419,0.0168458
dense_16_54,4,0,19040,1.95209,1321833,100000,8-10-11-12-13-14-15-1-0-2-3-7-9-4-5-6,1.93531,0.0167865
dense_16_53,4,1,6391,3.4542,1015427,100000,8-14-11-12-9-10-13-7-6-0-1-2-3-4-5-15,3.44374,0.0104522
dense_16_53,3,1,6455,3.31674,944320,100000,8-14-11-12-9-10-13-7-6-0-1-2-3-4-5-15,3.30642,0.0103168
dense_16_55,2,0,24512,1.25718,726155,100000,10-5-6-4-7-11-12-13-14-15-1-0-2-3-8-9,1.2416,0.0155864
dense_16_55,1,0,206233,0.964068,1146187,100000,10-5-6-4-7-11-12-13-14-15-1-0-2-3-8-9,0.917112,0.0469558
dense_16_55,5,1,242553,1.27093,899665,100000,10-5-6-4-7-11-12-13-14-15-1-0-2-3-8-9,1.21735,0.0535734
dense_16_54,3,0,19043,1.86858,1402774,100000,8-10-11-12-13-14-15-1-0-2-3-7-9-4-5-6,1.8515,0.0170842
dense_16_55,5,0,242850,1.03746,965360,100000,10-5-6-4-7-11-12-13-14-15-1-0-2-3-8-9,0.983872,0.0535894
dense_16_54,2,1,18995,2.48918,1244350,100000,8-10-11-12-13-14-15-1-0-2-3-7-9-4-5-6,2.47191,0.0172642
dense_16_54,1,1,19031,2.23269,1614266,100000,8-10-11-12-13-14-15-1-0-2-3-7-9-4-5-6,2.19918,0.0335171
dense_16_55,4,0,165048,2.25559,952392,100000,10-5-6-4-7-11-12-13-14-15-1-0-2-3-8-9,2.21521,0.0403865
dense_16_56,1,0,795826,1.13362,1356371,100000,2-0-1-4-5-6-7-8-9-10-11-12-3-14-13-15,0.935754,0.197863
dense_16_56,2,0,611344,1.25009,431617,100000,2-0-1-4-5-6-7-8-9-10-11-12-3-14-13-15,1.14381,0.106278
dense_16_56,5,1,627713,1.04293,583415,100000,2-0-1-4-5-6-7-8-9-10-11-12-3-14-13-15,0.919235,0.1237
dense_16_56,5,0,627963,0.74989,692877,100000,2-0-1-4-5-6-7-8-9-10-11-12-3-14-13-15,0.625258,0.124633
dense_16_55,3,0,206230,2.05542,1006346,100000,10-5-6-4-7-11-12-13-14-15-1-0-2-3-8-9,2.00858,0.0468421
dense_16_54,4,1,19002,3.5499,1292764,100000,8-10-11-12-13-14-15-1-0-2-3-7-9-4-5-6,3.5331,0.016805
dense_16_55,2,1,24512,2.28982,713415,100000,10-5-6-4-7-11-12-13-14-15-1-0-2-3-8-9,2.2729,0.0169235
dense_16_55,1,1,206135,1.85891,1043745,100000,10-5-6-4-7-11-12-13-14-15-1-0-2-3-8-9,1.81128,0.0476263
dense_16_54,3,1,19003,3.47724,1367146,100000,8-10-11-12-13-14-15-1-0-2-3-7-9-4-5-6,3.46086,0.016383
dense_16_56,4,0,627476,1.75353,769960,100000,2-0-1-4-5-6-7-8-9-10-11-12-3-14-13-15,1.62529,0.128233
dense_16_57,5,0,24776,0.457376,676075,100000,4-0-1-2-5-8-10-12-11-13-9-14-15-3-6-7,0.44639,0.0109858
dense_16_57,2,0,23700,0.785531,595943,100000,4-0-1-2-5-8-10-12-11-13-9-14-15-3-6-7,0.774689,0.0108427
dense_16_57,5,1,24776,0.61237,655657,100000,4-0-1-2-5-8-10-12-11-13-9-14-15-3-6-7,0.601417,0.0109531
dense_16_56,3,0,779764,1.79127,1021963,100000,2-0-1-4-5-6-7-8-9-10-11-12-3-14-13-15,1.62019,0.171088
dense_16_55,4,1,164941,3.54187,890773,100000,10-5-6-4-7-11-12-13-14-15-1-0-2-3-8-9,3.50129,0.0405837
dense_16_56,2,1,611285,2.3468,414568,100000,2-0-1-4-5-6-7-8-9-10-11-12-3-14-13-15,2.22539,0.121409
dense_16_58,5,0,4712,0.712096,1017561,100000,0-6-7-8-4-1-2-3-5-10-11-12-9-14-15-13,0.702169,0.00992659
dense_16_56,1,1,795456,1.998,879814,100000,2-0-1-4-5-6-7-8-9-10-11-12-3-14-13-15,1.8242,0.173803
dense_16_58,2,0,4350,1.04804,907979,100000,0-6-7-8-4-1-2-3-5-10-11-12-9-14-15-13,1.03832,0.00971594
dense_16_58,5,1,4712,0.98644,990964,100000,0-6-7-8-4-1-2-3-5-10-11-12-9-14-15-13,0.976567,0.00987291
dense_16_57,4,0,24063,1.56035,968720,100000,4-0-1-2-5-8-10-12-11-13-9-14-15-3-6-7,1.54333,0.0170129
dense_16_54,0,0,19068,0.667653,2349335,100000,8-10-11-12-13-14-15-1-0-2-3-7-9-4-5-6,0.65114,0.0165125
dense_16_55,3,1,206132,3.79248,933407,100000,10-5-6-4-7-11-12-13-14-15-1-0-2-3-8-9,3.74642,0.0460633
dense_16_59,5,0,200115,1.12929,972231,100000,7-3-9-11-12-10-8-13-0-2-6-4-14-15-1-5,1.09447,0.0348264
dense_16_57,1,0,24788,0.782047,1273469,100000,4-0-1-2-5-8-10-12-11-13-9-14-15-3-6-7,0.764901,0.0171463
dense_16_54,0,1,19052,0.985389,2159010,100000,8-10-11-12-13-14-15-1-0-2-3-7-9-4-5-6,0.968047,0.0173415
dense_16_59,2,0,200074,1.40566,712513,100000,7-3-9-11-12-10-8-13-0-2-6-4-14-15-1-5,1.36872,0.0369325
dense_16_59,5,1,200102,1.48133,882242,100000,7-3-9-11-12-10-8-13-0-2-6-4-14-15-1-5,1.44536,0.0359707
dense_16_55,0,0,5151610,1.47702,2215861,100000,10-5-6-4-7-11-12-13-14-15-1-0-2-3-8-9,0.634432,0.842593
dense_16_57,2,1,23700,2.38293,585845,100000,4-0-1-2-5-8-10-12-11-13-9-14-15-3-6-7,2.36583,0.0171023
dense_16_56,4,1,627258,3.08292,612114,100000,2-0-1-4-5-6-7-8-9-10-11-12-3-14-13-15,2.95939,0.123533
dense_16_58,4,0,4707,1.62928,1135116,100000,0-6-7-8-4-1-2-3-5-10-11-12-9-14-15-13,1.61949,0.0097883
dense_16_60,5,0,137172,1.07577,1045450,100000,3-1-4-7-5-6-15-2-12-13-0-14-8-9-10-11,1.04267,0.0331055
dense_16_58,1,0,8718,0.770101,1505688,100000,0-6-7-8-4-1-2-3-5-10-11-12-9-14-15-13,0.759529,0.0105718
dense_16_55,0,1,5061188,1.75288,2015121,100000,10-5-6-4-7-11-12-13-14-15-1-0-2-3-8-9,0.926355,0.826523
dense_16_60,2,0,127551,1.38262,881752,100000,3-1-4-7-5-6-15-2-12-13-0-14-8-9-10-11,1.34812,0.0345011
dense_16_60,5,1,129870,1.27729,963610,100000,3-1-4-7-5-6-15-2-12-13-0-14-8-9-10-11,1.24268,0.034612
dense_16_56,3,1,766973,3.42136,765959,100000,2-0-1-4-5-6-7-8-9-10-11-12-3-14-13-15,3.25511,0.166246
dense_16_57,3,0,24788,1.25269,1053236,100000,4-0-1-2-5-8-10-12-11-13-9-14-15-3-6-7,1.2415,0.0111927
dense_16_61,5,0,517521,0.350366,33693,100000,0-1-2-3-4-5-6-7-8-9-10-11-12-13-14-15,0.221358,0.129007
dense_16_59,4,0,200110,1.78478,991842,100000,7-3-9-11-12-10-8-13-0-2-6-4-14-15-1-5,1.76279,0.0219876
dense_16_58,2,1,4350,1.86575,903333,100000,0-6-7-8-4-1-2-3-5-10-11-12-9-14-15-13,1.85584,0.00990828
dense_16_59,1,0,201278,0.879272,1294610,100000,7-3-9-11-12-10-8-13-0-2-6-4-14-15-1-5,0.842527,0.0367443
dense_16_61,2,0,78839,0.838395,29246,100000,0-1-2-3-4-5-6-7-8-9-10-11-12-13-14-15,0.78725,0.0511444
dense_16_57,4,1,24063,3.00994,914404,100000,4-0-1-2-5-8-10-12-11-13-9-14-15-3-6-7,2.99329,0.0166486
dense_16_56,0,0,67354228,10.5692,1815899,100000,2-0-1-4-5-6-7-8-9-10-11-12-3-14-13-15,0.587493,9.98167
dense_16_61,5,1,517516,0.644743,33492,100000,0-1-2-3-4-5-6-7-8-9-10-11-12-13-14-15,0.423875,0.220868
dense_16_57,1,1,24788,1.90736,1165697,100000,4-0-1-2-5-8-10-12-11-13-9-14-15-3-6-7,1.89004,0.0173244
dense_16_62,5,0,161923,0.679138,170033,100000,0-1-2-3-4-5-6-7-8-9-10-15-11-12-13-14,0.615592,0.0635459
dense_16_58,3,0,8224,1.8545,1214070,100000,0-6-7-8-4-1-2-3-5-10-11-12-9-14-15-13,1.8434,0.0111007
dense_16_60,1,0,138005,0.827417,1406406,100000,3-1-4-7-5-6-15-2-12-13-0-14-8-9-10-11,0.791414,0.036004
dense_16_56,0,1,67352386,13.6674,1235202,100000,2-0-1-4-5-6-7-8-9-10-11-12-3-14-13-15,0.910346,12.7571
dense_16_60,4,0,137169,1.97071,1070987,100000,3-1-4-7-5-6-15-2-12-13-0-14-8-9-10-11,1.93515,0.0355612
dense_16_62,2,0,53864,0.98156,102056,100000,0-1-2-3-4-5-6-7-8-9-10-15-11-12-13-14,0.958181,0.0233785
dense_16_62,5,1,160465,0.755561,148326,100000,0-1-2-3-4-5-6-7-8-9-10-15-11-12-13-14,0.692269,0.0632918
dense_16_59,2,1,200072,2.77626,692923,100000,7-3-9-11-12-10-8-13-0-2-6-4-14-15-1-5,2.73934,0.0369166
dense_16_58,1,1,8718,1.83247,1433088,100000,0-6-7-8-4-1-2-3-5-10-11-12-9-14-15-13,1.82181,0.0106588
dense_16_58,4,1,4707,3.1432,1097089,100000,0-6-7-8-4-1-2-3-5-10-11-12-9-14-15-13,3.13339,0.00980877
dense_16_61,1,0,518484,0.789726,165119,100000,0-1-2-3-4-5-6-7-8-9-10-11-12-13-14-15,0.552819,0.236907
dense_16_59,3,0,201278,1.84815,1113170,100000,7-3-9-11-12-10-8-13-0-2-6-4-14-15-1-5,1.81075,0.0373933
dense_16_61,4,0,517381,0.963722,36523,100000,0-1-2-3-4-5-6-7-8-9-10-11-12-13-14-15,0.73809,0.225632
dense_16_62,1,0,201923,0.795437,393476,100000,0-1-2-3-4-5-6-7-8-9-10-15-11-12-13-14,0.72046,0.0749768
dense_16_60,2,1,126250,2.38731,846680,100000,3-1-4-7-5-6-15-2-12-13-0-14-8-9-10-11,2.3545,0.0328122
dense_16_59,1,1,201264,1.87275,1083794,100000,7-3-9-11-12-10-8-13-0-2-6-4-14-15-1-5,1.85059,0.0221635
dense_16_57,3,1,24788,2.38168,987060,100000,4-0-1-2-5-8-10-12-11-13-9-14-15-3-6-7,2.37058,0.0111016
dense_16_62,4,0,159473,1.01218,170900,100000,0-1-2-3-4-5-6-7-8-9-10-15-11-12-13-14,0.948164,0.0640171
dense_16_60,3,0,137693,1.70385,1225399,100000,3-1-4-7-5-6-15-2-12-13-0-14-8-9-10-11,1.66882,0.0350285
dense_16_59,4,1,200097,3.54722,902027,100000,7-3-9-11-12-10-8-13-0-2-6-4-14-15-1-5,3.51105,0.0361705
dense_16_61,2,1,78839,1.69038,29226,100000,0-1-2-3-4-5-6-7-8-9-10-11-12-13-14-15,1.63918,0.0512038
dense_16_60,1,1,133329,1.87361,1217354,100000,3-1-4-7-5-6-15-2-12-13-0-14-8-9-10-11,1.83873,0.0348749
dense_16_61,3,0,518484,1.27496,153177,100000,0-1-2-3-4-5-6-7-8-9-10-11-12-13-14-15,1.03679,0.238164
dense_16_58,3,1,8224,3.1922,1179617,100000,0-6-7-8-4-1-2-3-5-10-11-12-9-14-15-13,3.18175,0.0104501
dense_16_60,4,1,129867,3.40529,985744,100000,3-1-4-7-5-6-15-2-12-13-0-14-8-9-10-11,3.37113,0.0341595
dense_16_62,2,1,51340,1.84153,99368,100000,0-1-2-3-4-5-6-7-8-9-10-15-11-12-13-14,1.81921,0.0223185
dense_16_62,3,0,186462,1.38835,340641,100000,0-1-2-3-4-5-6-7-8-9-10-15-11-12-13-14,1.31628,0.0720706
dense_16_61,1,1,518471,1.68697,132829,100000,0-1-2-3-4-5-6-7-8-9-10-11-12-13-14-15,1.44727,0.239694
dense_16_59,3,1,201264,3.39719,984452,100000,7-3-9-11-12-10-8-13-0-2-6-4-14-15-1-5,3.35972,0.0374671
dense_16_61,4,1,517381,1.4096,36017,100000,0-1-2-3-4-5-6-7-8-9-10-11-12-13-14-15,1.27634,0.133265
dense_16_62,1,1,199385,1.30648,304639,100000,0-1-2-3-4-5-6-7-8-9-10-15-11-12-13-14,1.26113,0.0453481
dense_16_62,4,1,158001,2.07093,148046,100000,0-1-2-3-4-5-6-7-8-9-10-15-11-12-13-14,2.00752,0.0634093
dense_16_60,3,1,130576,3.34138,1096709,100000,3-1-4-7-5-6-15-2-12-13-0-14-8-9-10-11,3.30799,0.0333847
dense_16_61,3,1,518471,2.1477,125668,100000,0-1-2-3-4-5-6-7-8-9-10-11-12-13-14-15,1.9024,0.245308
dense_16_62,3,1,184047,2.27279,275076,100000,0-1-2-3-4-5-6-7-8-9-10-15-11-12-13-14,2.20218,0.0706115
dense_16_63,5,0,5537,0.621758,1055290,100000,4-5-6-7-8-3-1-0-2-10-11-12-13-14-9-15,0.612611,0.00914674
dense_16_63,2,0,5535,1.11093,980476,100000,4-5-6-7-8-3-1-0-2-10-11-12-13-14-9-15,1.10174,0.00919183
dense_16_63,5,1,5535,0.977657,1025582,100000,4-5-6-7-8-3-1-0-2-10-11-12-13-14-9-15,0.968485,0.00917218
dense_16_64,5,0,3712,0.632618,710466,100000,1-7-8-10-9-11-12-14-15-0-2-3-4-5-6-13,0.623547,0.00907148
dense_16_64,5,1,3712,0.633845,662921,100000,1-7-8-10-9-11-12-14-15-0-2-3-4-5-6-13,0.628209,0.00563688
dense_16_64,2,0,3654,0.959408,555561,100000,1-7-8-10-9-11-12-14-15-0-2-3-4-5-6-13,0.953778,0.00563065
dense_16_65,5,0,117847,0.550445,1151748,100000,6-11-12-5-15-0-1-7-8-9-10-13-2-3-4-14,0.534019,0.016426
dense_16_57,0,0,208233870,30.8933,2159816,100000,4-0-1-2-5-8-10-12-11-13-9-14-15-3-6-7,0.581924,30.3114
dense_16_63,1,0,5579,0.829594,1328706,100000,4-5-6-7-8-3-1-0-2-10-11-12-13-14-9-15,0.820487,0.00910768
dense_16_65,5,1,116339,1.34291,1077974,100000,6-11-12-5-15-0-1-7-8-9-10-13-2-3-4-14,1.3202,0.0227117
dense_16_66,5,0,19994,0.683494,1024024,100000,2-5-6-7-0-1-3-4-12-15-13-11-14-8-10-9,0.66616,0.0173343
dense_16_65,2,0,114860,1.20403,966723,100000,6-11-12-5-15-0-1-7-8-9-10-13-2-3-4-14,1.1777,0.0263274
dense_16_57,0,1,208233862,31.3077,1754047,100000,4-0-1-2-5-8-10-12-11-13-9-14-15-3-6-7,0.804249,30.5035
dense_16_58,0,0,29238,0.582481,2535995,100000,0-6-7-8-4-1-2-3-5-10-11-12-9-14-15-13,0.568062,0.0144191
dense_16_63,4,0,5537,1.87907,1058200,100000,4-5-6-7-8-3-1-0-2-10-11-12-13-14-9-15,1.86984,0.00923337
dense_16_64,1,0,4056,0.736661,1156934,100000,1-7-8-10-9-11-12-14-15-0-2-3-4-5-6-13,0.727441,0.00921997
dense_16_67,5,0,9695,0.54417,660342,100000,8-1-4-5-6-7-9-12-11-10-13-14-0-2-3-15,0.534602,0.00956732
dense_16_66,5,1,19994,1.04065,977515,100000,2-5-6-7-0-1-3-4-12-15-13-11-14-8-10-9,1.0233,0.0173471
dense_16_66,2,0,19994,1.23355,1053708,100000,2-5-6-7-0-1-3-4-12-15-13-11-14-8-10-9,1.21625,0.0173055
dense_16_58,0,1,29146,0.884889,2291154,100000,0-6-7-8-4-1-2-3-5-10-11-12-9-14-15-13,0.870271,0.0146179
dense_16_59,0,0,290088,0.678457,2276042,100000,7-3-9-11-12-10-8-13-0-2-6-4-14-15-1-5,0.630455,0.0480024
dense_16_64,4,0,3712,1.81063,807216,100000,1-7-8-10-9-11-12-14-15-0-2-3-4-5-6-13,1.80044,0.010198
dense_16_65,1,0,138512,0.810418,1939285,100000,6-11-12-5-15-0-1-7-8-9-10-13-2-3-4-14,0.780515,0.0299029
dense_16_67,5,1,9679,0.765366,630512,100000,8-1-4-5-6-7-9-12-11-10-13-14-0-2-3-15,0.755416,0.00994961
dense_16_67,2,0,9223,0.804296,551058,100000,8-1-4-5-6-7-9-12-11-10-13-14-0-2-3-15,0.794554,0.0097418
dense_16_59,0,1,290069,0.705523,1909085,100000,7-3-9-11-12-10-8-13-0-2-6-4-14-15-1-5,0.676661,0.0288622
dense_16_60,0,0,421282,0.568761,2311662,100000,3-1-4-7-5-6-15-2-12-13-0-14-8-9-10-11,0.507154,0.0616067
dense_16_66,1,0,19994,0.749956,1603499,100000,2-5-6-7-0-1-3-4-12-15-13-11-14-8-10-9,0.738429,0.0115269
dense_16_63,2,1,5535,2.01705,970688,100000,4-5-6-7-8-3-1-0-2-10-11-12-13-14-9-15,2.01129,0.00575887
dense_16_63,3,0,5579,1.70177,1114989,100000,4-5-6-7-8-3-1-0-2-10-11-12-13-14-9-15,1.69286,0.00891114
dense_16_65,4,0,117847,1.78883,1268133,100000,6-11-12-5-15-0-1-7-8-9-10-13-2-3-4-14,1.76178,0.0270522
dense_16_67,1,0,9900,0.671397,1271040,100000,8-1-4-5-6-7-9-12-11-10-13-14-0-2-3-15,0.661395,0.0100014
dense_16_61,0,0,569979,1.01763,367997,100000,0-1-2-3-4-5-6-7-8-9-10-11-12-13-14-15,0.750321,0.267305
dense_16_60,0,1,404010,0.944635,1894100,100000,3-1-4-7-5-6-15-2-12-13-0-14-8-9-10-11,0.849385,0.0952497
dense_16_64,3,0,3822,1.53171,827451,100000,1-7-8-10-9-11-12-14-15-0-2-3-4-5-6-13,1.52281,0.00890375
dense_16_64,2,1,3654,2.18018,551566,100000,1-7-8-10-9-11-12-14-15-0-2-3-4-5-6-13,2.17115,0.0090272
dense_16_63,1,1,5579,1.80065,1280001,100000,4-5-6-7-8-3-1-0-2-10-11-12-13-14-9-15,1.79143,0.00922054
dense_16_66,4,0,19994,1.81826,1075233,100000,2-5-6-7-0-1-3-4-12-15-13-11-14-8-10-9,1.80031,0.017946
dense_16_62,0,0,551895,0.926684,1028594,100000,0-1-2-3-4-5-6-7-8-9-10-15-11-12-13-14,0.783259,0.143426
dense_16_61,0,1,569921,0.906944,252818,100000,0-1-2-3-4-5-6-7-8-9-10-11-12-13-14-15,0.639202,0.267742
dense_16_65,3,0,134751,1.87193,1548096,100000,6-11-12-5-15-0-1-7-8-9-10-13-2-3-4-14,1.84257,0.0293653
dense_16_67,4,0,9598,1.1203,603968,100000,8-1-4-5-6-7-9-12-11-10-13-14-0-2-3-15,1.10937,0.0109294
dense_16_65,2,1,114860,2.32624,958568,100000,6-11-12-5-15-0-1-7-8-9-10-13-2-3-4-14,2.29976,0.0264769
dense_16_63,4,1,5535,3.57304,1029134,100000,4-5-6-7-8-3-1-0-2-10-11-12-13-14-9-15,3.56336,0.00968104
dense_16_64,1,1,4056,2.14537,958035,100000,1-7-8-10-9-11-12-14-15-0-2-3-4-5-6-13,2.13744,0.00793222
dense_16_62,0,1,541866,0.868094,654944,100000,0-1-2-3-4-5-6-7-8-9-10-15-11-12-13-14,0.726048,0.142047
dense_16_66,3,0,19994,1.64551,1192457,100000,2-5-6-7-0-1-3-4-12-15-13-11-14-8-10-9,1.62803,0.017478
dense_16_65,1,1,138508,1.9119,1679011,100000,6-11-12-5-15-0-1-7-8-9-10-13-2-3-4-14,1.88197,0.0299297
dense_16_66,2,1,19987,2.37077,1032005,100000,2-5-6-7-0-1-3-4-12-15-13-11-14-8-10-9,2.35212,0.0186435
dense_16_64,4,1,3712,2.88761,742454,100000,1-7-8-10-9-11-12-14-15-0-2-3-4-5-6-13,2.87857,0.00904528
dense_16_67,3,0,9723,1.3023,941584,100000,8-1-4-5-6-7-9-12-11-10-13-14-0-2-3-15,1.29236,0.00994743
dense_16_66,1,1,19994,1.97417,1501671,100000,2-5-6-7-0-1-3-4-12-15-13-11-14-8-10-9,1.95683,0.0173412
dense_16_67,2,1,9223,1.87871,546116,100000,8-1-4-5-6-7-9-12-11-10-13-14-0-2-3-15,1.86898,0.00972688
dense_16_63,3,1,5579,3.24509,1084145,100000,4-5-6-7-8-3-1-0-2-10-11-12-13-14-9-15,3.23589,0.00919794
dense_16_65,4,1,116339,3.67616,1165448,100000,6-11-12-5-15-0-1-7-8-9-10-13-2-3-4-14,3.64731,0.0288561
dense_16_67,1,1,9898,1.64977,1178153,100000,8-1-4-5-6-7-9-12-11-10-13-14-0-2-3-15,1.63971,0.0100656
dense_16_64,3,1,3822,2.74868,759776,100000,1-7-8-10-9-11-12-14-15-0-2-3-4-5-6-13,2.73955,0.00912846
dense_16_66,4,1,19994,2.98591,1026358,100000,2-5-6-7-0-1-3-4-12-15-13-11-14-8-10-9,2.96863,0.0172799
dense_16_65,3,1,134751,3.57259,1403401,100000,6-11-12-5-15-0-1-7-8-9-10-13-2-3-4-14,3.54147,0.0311158
dense_16_67,4,1,9598,2.08468,595464,100000,8-1-4-5-6-7-9-12-11-10-13-14-0-2-3-15,2.07474,0.00993317
dense_16_66,3,1,19994,2.34193,1134773,100000,2-5-6-7-0-1-3-4-12-15-13-11-14-8-10-9,2.32467,0.0172621
dense_16_67,3,1,9717,2.43778,917972,100000,8-1-4-5-6-7-9-12-11-10-13-14-0-2-3-15,2.4279,0.00988226
dense_16_68,5,0,363147,0.590669,436275,100000,1-3-0-2-4-5-6-7-8-9-10-11-12-13-14-15,0.494846,0.0958223
dense_16_69,5,0,2216,0.344024,768134,100000,1-9-12-13-2-0-3-4-10-7-8-14-11-6-5-15,0.338551,0.00547314
dense_16_68,5,1,363125,0.811343,411488,100000,1-3-0-2-4-5-6-7-8-9-10-11-12-13-14-15,0.717862,0.0934818
dense_16_68,2,0,358910,1.09319,355602,100000,1-3-0-2-4-5-6-7-8-9-10-11-12-13-14-15,1.00317,0.090019
dense_16_70,5,0,17830,0.619334,633586,100000,2-5-6-7-10-11-12-13-8-9-14-15-0-1-3-4,0.605664,0.0136707
dense_16_69,5,1,2216,0.79979,748598,100000,1-9-12-13-2-0-3-4-10-7-8-14-11-6-5-15,0.791122,0.0086679
dense_16_69,2,0,2211,0.865245,635868,100000,1-9-12-13-2-0-3-4-10-7-8-14-11-6-5-15,0.856612,0.00863296
dense_16_68,1,0,363786,0.805015,831290,100000,1-3-0-2-4-5-6-7-8-9-10-11-12-13-14-15,0.708038,0.0969768
dense_16_70,5,1,17732,0.804847,594360,100000,2-5-6-7-10-11-12-13-8-9-14-15-0-1-3-4,0.790996,0.013851
dense_16_70,2,0,17317,1.04509,528026,100000,2-5-6-7-10-11-12-13-8-9-14-15-0-1-3-4,1.03164,0.0134419
dense_16_69,1,0,2211,0.657497,1374389,100000,1-9-12-13-2-0-3-4-10-7-8-14-11-6-5-15,0.648764,0.00873356
dense_16_63,0,0,5710,0.542813,2602016,100000,4-5-6-7-8-3-1-0-2-10-11-12-13-14-9-15,0.533515,0.00929781
dense_16_70,1,0,17509,0.669987,1046701,100000,2-5-6-7-10-11-12-13-8-9-14-15-0-1-3-4,0.656366,0.0136214
dense_16_68,4,0,363122,1.26444,475572,100000,1-3-0-2-4-5-6-7-8-9-10-11-12-13-14-15,1.16876,0.0956844
dense_16_64,0,0,8705,0.57809,2225944,100000,1-7-8-10-9-11-12-14-15-0-2-3-4-5-6-13,0.567883,0.0102064
dense_16_63,0,1,5710,0.871218,2387948,100000,4-5-6-7-8-3-1-0-2-10-11-12-13-14-9-15,0.861827,0.00939029
dense_16_65,0,0,257685,0.601184,2486217,100000,6-11-12-5-15-0-1-7-8-9-10-13-2-3-4-14,0.554536,0.0466477
dense_16_69,4,0,2211,1.14663,727527,100000,1-9-12-13-2-0-3-4-10-7-8-14-11-6-5-15,1.13795,0.00867392
dense_16_64,0,1,8665,0.825083,1901289,100000,1-7-8-10-9-11-12-14-15-0-2-3-4-5-6-13,0.814872,0.0102114
dense_16_66,0,0,19994,0.613129,2502719,100000,2-5-6-7-0-1-3-4-12-15-13-11-14-8-10-9,0.595642,0.0174864
dense_16_68,3,0,363222,1.1168,587792,100000,1-3-0-2-4-5-6-7-8-9-10-11-12-13-14-15,1.06083,0.0559663
dense_16_70,4,0,17496,1.24195,605853,100000,2-5-6-7-10-11-12-13-8-9-14-15-0-1-3-4,1.22846,0.0134884
dense_16_65,0,1,257440,0.921676,2192280,100000,6-11-12-5-15-0-1-7-8-9-10-13-2-3-4-14,0.874564,0.0471117
dense_16_68,2,1,358910,1.67628,348740,100000,1-3-0-2-4-5-6-7-8-9-10-11-12-13-14-15,1.62243,0.0538443
dense_16_67,0,0,143810,0.486129,1970491,100000,8-1-4-5-6-7-9-12-11-10-13-14-0-2-3-15,0.461504,0.0246242
dense_16_69,3,0,2211,1.08646,846755,100000,1-9-12-13-2-0-3-4-10-7-8-14-11-6-5-15,1.07774,0.00871193
dense_16_66,0,1,19994,0.9244,2298178,100000,2-5-6-7-0-1-3-4-12-15-13-11-14-8-10-9,0.907003,0.0173977
dense_16_68,1,1,363780,1.77762,757154,100000,1-3-0-2-4-5-6-7-8-9-10-11-12-13-14-15,1.6792,0.0984234
dense_16_69,2,1,2211,1.95602,627979,100000,1-9-12-13-2-0-3-4-10-7-8-14-11-6-5-15,1.94735,0.00867569
dense_16_70,3,0,17509,1.4219,790030,100000,2-5-6-7-10-11-12-13-8-9-14-15-0-1-3-4,1.4082,0.0136983
dense_16_67,0,1,143749,0.811107,1569612,100000,8-1-4-5-6-7-9-12-11-10-13-14-0-2-3-15,0.768616,0.0424912
dense_16_69,1,1,2211,1.69793,1301893,100000,1-9-12-13-2-0-3-4-10-7-8-14-11-6-5-15,1.6893,0.00862184
dense_16_70,2,1,17282,1.92479,506953,100000,2-5-6-7-10-11-12-13-8-9-14-15-0-1-3-4,1.91128,0.0135074
dense_16_70,1,1,17459,1.29517,932975,100000,2-5-6-7-10-11-12-13-8-9-14-15-0-1-3-4,1.28744,0.00773226
dense_16_68,4,1,363100,2.12051,446881,100000,1-3-0-2-4-5-6-7-8-9-10-11-12-13-14-15,2.06552,0.0549814
dense_16_69,4,1,2211,2.43516,711243,100000,1-9-12-13-2-0-3-4-10-7-8-14-11-6-5-15,2.42656,0.00860098
dense_16_70,4,1,17437,1.78702,571926,100000,2-5-6-7-10-11-12-13-8-9-14-15-0-1-3-4,1.77908,0.00793117
dense_16_68,3,1,363221,2.56544,527290,100000,1-3-0-2-4-5-6-7-8-9-10-11-12-13-14-15,2.46621,0.0992376
dense_16_69,3,1,2211,2.56035,824312,100000,1-9-12-13-2-0-3-4-10-7-8-14-11-6-5-15,2.55168,0.00867355
dense_16_70,3,1,17459,1.99942,721758,100000,2-5-6-7-10-11-12-13-8-9-14-15-0-1-3-4,1.99166,0.00775735
dense_16_68,0,0,409063,0.522693,1766222,100000,1-3-0-2-4-5-6-7-8-9-10-11-12-13-14-15,0.458368,0.0643251
dense_16_69,0,0,101223,0.396764,2670183,100000,1-9-12-13-2-0-3-4-10-7-8-14-11-6-5-15,0.383116,0.013648
dense_16_70,0,0,17911,0.471891,1890460,100000,2-5-6-7-10-11-12-13-8-9-14-15-0-1-3-4,0.463502,0.00838893
dense_16_68,0,1,408943,0.87652,1477093,100000,1-3-0-2-4-5-6-7-8-9-10-11-12-13-14-15,0.761355,0.115164
dense_16_69,0,1,101223,0.744375,2447480,100000,1-9-12-13-2-0-3-4-10-7-8-14-11-6-5-15,0.730753,0.0136221
dense_16_70,0,1,17817,0.746769,1460476,100000,2-5-6-7-10-11-12-13-8-9-14-15-0-1-3-4,0.733161,0.0136075
