dense_64_1,1,1,48523190,98.6671,30415645,100000000,10-20-21-19-5-9-11-7-13-12-22-16-4-23-14-18-24-25-26-3-17-27-28-30-59-31-32-60-58-35-36-2-1-8-6-61-62-46-45-44-47-63-43-48-50-40-39-42-49-51-52-53-29-33-15-34-38-0-54-37-57-41-55-56,80.3179,18.3492,0.000761744
dense_64_1,1,0,54726567,108.546,31500512,100000000,10-20-21-19-5-9-11-7-12-22-13-16-4-23-14-18-24-25-26-3-27-28-30-59-31-32-60-58-35-36-2-1-17-8-6-61-62-46-45-44-47-63-43-48-50-40-39-42-33-29-51-52-53-15-49-34-0-54-38-37-57-41-55-56,86.8826,21.6633,6.94587e-310
dense_64_1,4,0,51195522,123.882,12988187,100000000,10-20-19-9-11-13-21-12-7-5-22-16-4-23-14-18-8-3-17-6-15-24-25-26-2-1-27-28-30-59-60-58-31-32-0-35-36-61-62-46-45-44-47-50-63-48-40-39-42-43-51-52-53-29-57-33-34-49-54-38-37-41-56-55,103.272,20.6108,6.91474e-310
dense_64_1,4,1,51195522,125.369,12810764,100000000,10-20-19-9-11-13-21-12-7-5-22-16-4-23-14-18-8-3-17-6-15-24-25-26-2-1-27-28-30-59-60-58-31-32-0-35-36-61-62-46-45-44-47-50-63-48-40-39-42-43-51-52-53-29-57-33-34-49-54-38-37-41-56-55,106.669,18.6999,0.00103339
dense_64_1,3,0,23681750,140.652,20869296,100000000,10-20-21-11-22-12-7-13-23-19-18-5-9-16-14-4-24-25-26-3-6-27-28-30-59-60-58-31-32-8-17-61-62-46-45-47-44-50-63-43-48-51-52-53-57-35-36-2-1-40-39-42-34-15-29-33-0-49-37-38-54-56-41-55,128.344,12.3076,6.92951e-310
dense_64_1,3,1,23676801,161.587,20334252,100000000,10-20-21-11-22-12-7-13-23-19-18-5-9-16-4-14-24-25-26-3-6-27-28-30-59-60-58-31-32-8-17-61-62-46-45-47-44-50-63-43-48-51-52-53-57-35-36-2-1-40-39-42-34-15-29-33-49-0-38-37-54-56-41-55,145.015,16.572,0.000696822
dense_64_2,4,0,35911346,76.8931,7921527,100000000,10-9-14-8-11-7-13-20-19-5-18-12-4-3-21-22-15-6-2-1-23-24-25-27-30-31-32-29-33-35-36-34-28-59-60-61-62-46-43-42-40-44-45-47-50-39-41-63-48-51-52-53-49-38-37-16-0-58-57-17-54-26-56-55,62.7302,14.1628,6.92883e-310
dense_64_2,4,1,35911346,91.0711,7900193,100000000,10-9-14-8-11-7-13-20-19-5-18-12-4-3-21-22-15-6-2-1-23-24-25-27-30-31-32-29-33-35-36-34-28-59-60-61-62-46-43-42-40-44-45-47-50-39-41-63-48-51-52-53-49-38-37-16-0-58-57-17-54-26-56-55,72.4438,18.6273,0.000762728
dense_64_2,3,0,129840961,135.117,16716216,100000000,46-43-62-61-44-47-45-63-40-42-50-51-52-53-60-48-59-30-27-31-32-25-29-33-35-36-34-39-24-28-41-23-22-21-14-9-10-11-13-7-8-20-5-4-2-3-12-6-1-15-19-18-0-37-58-57-49-26-56-38-54-17-55-16,93.9216,41.1949,6.94939e-310
dense_64_1,5,0,1133325279,318.29,13213053,100000000,10-20-19-7-9-5-11-12-13-21-22-16-4-23-14-18-3-8-17-6-2-1-15-24-25-26-0-27-28-30-59-60-58-31-32-35-36-61-62-46-45-47-44-63-50-40-39-42-48-29-43-57-33-51-52-53-34-49-54-37-38-41-56-55,103.47,214.82,6.94719e-310
dense_64_2,3,1,43442419,129.21,16359677,100000000,46-43-62-61-44-47-45-63-40-42-50-51-52-53-60-48-39-59-30-27-31-32-25-29-33-35-36-34-24-28-41-23-22-21-14-9-10-11-13-7-8-20-5-4-2-3-12-6-1-15-19-18-0-37-58-57-49-26-56-38-54-17-16-55,103.921,25.2892,0.000777647
dense_64_1,5,1,1120703565,363.214,12904110,100000000,10-20-19-7-9-5-11-12-13-21-22-16-4-23-14-18-3-8-17-6-2-1-15-24-25-26-0-27-28-30-59-60-58-31-32-35-36-61-62-46-45-47-44-63-50-40-39-42-48-29-43-57-51-52-53-33-34-49-54-37-38-41-56-55,111.143,252.071,0.000763552
dense_64_3,4,0,149024504,86.2561,7852447,100000000,27-30-35-59-32-60-33-61-51-29-52-53-28-50-54-55-45-56-34-31-25-62-44-48-63-58-36-40-42-49-24-23-22-21-20-10-9-8-7-3-13-18-14-15-4-19-2-46-57-16-26-11-12-6-47-5-43-39-41-37-17-0-1-38,54.8831,31.373,6.93059e-310
dense_64_2,5,0,23417759,45.3543,4816561,100000000,10-7-9-14-11-13-8-20-5-4-19-12-6-3-2-1-18-21-22-15-0-17-23-24-25-27-29-30-31-32-33-35-36-28-34-59-60-61-62-46-43-44-42-40-47-45-63-50-39-41-51-52-53-48-49-26-38-54-37-16-58-57-56-55,34.8789,10.4754,6.94091e-310
dense_64_3,4,1,149019221,99.0007,7767052,100000000,27-30-35-59-32-60-33-61-51-29-52-53-28-50-54-55-45-56-34-31-25-62-44-48-63-58-36-40-42-49-24-23-22-21-20-10-9-8-7-3-13-18-14-15-4-19-2-46-57-16-26-11-12-6-47-5-43-39-41-37-17-0-1-38,61.9253,37.0753,0.000744239
dense_64_1,0,0,792792205,458.99,91122624,100000000,20-10-9-19-5-21-7-16-13-11-4-12-22-23-14-18-2-1-3-17-0-6-8-15-24-25-26-27-28-30-59-31-32-60-58-35-36-29-33-61-62-46-45-44-47-63-50-40-39-42-43-51-52-53-34-37-38-41-48-49-54-55-56-57,238.01,220.98,6.93873e-310
dense_64_2,5,1,23417759,72.4994,4802009,100000000,10-7-9-14-11-13-8-20-5-4-19-12-6-3-2-1-18-21-22-15-0-17-23-24-25-27-29-30-31-32-33-35-36-28-34-59-60-61-62-46-43-44-42-40-47-45-63-50-39-41-51-52-53-48-49-26-38-54-37-16-58-57-56-55,55.5622,16.9372,0.000797483
dense_64_4,4,0,249590783,60.5362,6933176,100000000,20-10-14-9-18-21-2-5-7-17-6-0-19-3-11-13-16-8-15-22-4-12-23-24-25-27-30-35-32-33-36-37-59-58-34-31-60-61-51-52-62-29-38-39-50-46-43-47-40-41-42-1-57-28-53-44-63-48-26-56-55-54-45-49,33.0873,27.4488,6.94683e-310
dense_64_3,5,0,67767733,54.979,5213290,100000000,30-29-27-35-28-33-59-60-32-61-51-52-53-50-54-45-55-56-34-31-62-63-25-26-44-48-58-49-46-40-42-57-36-24-23-22-21-14-9-10-7-8-3-4-13-15-20-2-18-6-19-16-11-5-47-12-17-43-1-0-39-41-37-38,39.4849,15.4941,6.92011e-310
dense_64_3,3,0,290457664,152.762,22425017,100000000,27-30-59-60-61-51-35-52-50-53-33-45-29-28-32-54-55-56-25-44-48-62-63-31-49-36-58-24-23-22-21-20-9-10-3-8-7-13-4-2-14-15-26-34-57-18-6-11-46-5-16-0-12-19-47-37-40-42-17-43-38-39-41-1,95.929,56.8332,6.93231e-310
dense_64_3,3,1,288246567,132.431,21152269,100000000,27-30-59-60-61-51-35-52-50-53-33-45-29-28-32-54-55-56-25-44-48-62-63-31-49-36-58-24-23-22-21-20-9-10-3-8-7-13-4-2-14-15-26-34-57-18-6-11-46-5-16-0-19-12-47-37-40-42-43-17-39-38-41-1,100.63,31.8012,0.000700725
dense_64_4,4,1,245892759,89.1595,6868132,100000000,20-10-14-9-18-21-2-5-7-17-6-0-19-3-11-13-16-8-15-22-4-12-23-24-25-27-30-35-32-33-36-37-59-58-34-31-60-61-51-52-62-29-38-39-50-46-43-47-40-41-42-1-57-28-53-44-63-48-26-56-55-54-45-49,40.6764,48.4831,0.000682881
dense_64_3,5,1,67767733,71.2809,5136910,100000000,30-29-27-35-28-33-59-60-32-61-51-52-53-50-54-45-55-56-34-31-62-63-25-26-44-48-58-49-46-40-42-57-36-24-23-22-21-14-9-10-7-8-3-4-13-15-20-2-18-6-19-16-11-5-47-12-17-43-1-0-39-41-37-38,49.6315,21.6495,0.000730017
dense_64_5,4,0,23432330,69.8256,7938254,100000000,14-9-3-18-2-19-8-11-20-10-15-7-5-21-4-0-1-13-17-12-22-23-24-16-6-25-27-29-28-30-59-60-31-61-62-46-43-44-49-40-39-38-37-36-41-51-42-50-35-33-34-32-45-58-57-56-47-48-63-55-54-52-53-26,54.9533,14.8723,6.92374e-310
dense_64_4,5,0,156809374,68.5439,4496415,100000000,18-20-14-10-21-9-7-5-2-6-17-0-19-3-11-12-13-16-1-8-22-15-4-23-24-25-27-30-35-33-32-36-59-37-58-34-29-31-60-61-51-62-52-38-39-50-28-46-43-47-57-26-40-41-42-63-53-44-56-55-48-45-49-54,41.6453,26.8986,6.94918e-310
dense_64_4,3,0,25688079,52.6157,10799980,100000000,10-20-2-21-0-7-18-6-17-9-14-5-3-19-11-12-13-22-16-8-15-4-1-23-24-25-27-30-35-36-33-37-59-58-32-60-61-51-52-62-31-38-39-46-43-47-50-40-41-42-34-57-29-53-63-28-44-56-55-26-48-54-45-49,41.6027,11.013,6.93496e-310
dense_64_4,3,1,25688073,76.385,10626696,100000000,10-20-2-21-0-7-18-6-17-9-14-5-3-19-11-12-13-22-16-8-15-4-1-23-24-25-27-30-35-36-33-37-59-58-32-60-61-51-52-62-31-38-39-46-43-47-50-40-41-42-34-57-29-53-63-28-44-56-55-26-48-54-45-49,57.3817,19.0033,0.000791377
dense_64_5,4,1,23432330,77.4553,7922206,100000000,14-9-3-18-2-19-8-11-20-10-15-7-5-21-4-0-1-13-17-12-22-23-24-16-6-25-27-29-28-30-59-60-31-61-62-46-43-44-49-40-39-38-37-36-41-51-42-50-35-33-34-32-45-58-57-56-47-48-63-55-54-52-53-26,62.243,15.2123,0.000707552
dense_64_4,5,1,156809374,77.7695,4447321,100000000,18-20-14-10-21-9-7-5-2-6-17-0-19-3-11-12-13-16-1-8-22-15-4-23-24-25-27-30-35-33-32-36-59-37-58-34-29-31-60-61-51-62-52-38-39-50-28-46-43-47-57-26-40-41-42-63-53-44-56-55-48-45-49-54,36.8002,40.9694,0.00066828
dense_64_6,4,0,31203801,105.006,14119175,100000000,46-62-61-43-42-39-47-38-48-41-45-51-37-44-50-63-40-49-60-59-30-36-52-53-54-55-27-28-35-29-56-25-24-23-22-21-20-14-9-11-8-10-16-2-0-19-3-15-18-13-17-7-12-1-5-58-31-32-34-33-6-57-4-26,84.0033,21.0025,6.91701e-310
dense_64_5,3,0,7113268,87.0261,16394880,100000000,3-9-14-2-15-18-19-8-11-10-0-20-17-4-7-5-12-16-13-21-22-23-24-25-27-29-28-30-59-60-61-62-46-43-44-49-51-50-40-39-38-37-36-41-42-31-35-33-34-32-58-57-56-45-55-54-48-47-63-52-53-1-6-26,77.3268,9.69929,6.93388e-310
dense_64_5,3,1,7116466,103.286,16250039,100000000,3-9-14-2-15-18-19-8-11-10-0-20-17-4-7-5-12-16-13-21-22-23-24-25-27-29-28-30-59-60-61-62-46-43-44-49-51-50-40-39-38-37-36-41-31-42-35-33-34-32-58-57-56-45-55-54-48-47-63-52-53-1-6-26,93.5591,9.72678,0.000752684
dense_64_2,0,1,4498816,175.058,88435154,100000000,10-9-14-7-13-11-8-20-5-4-18-19-21-22-3-17-2-1-16-12-15-6-0-23-24-25-27-30-29-31-32-33-35-36-59-28-34-60-61-62-46-43-44-40-42-45-47-63-50-39-41-49-51-52-53-48-38-58-57-37-54-55-56-26,165.779,9.27832,0.00074866
dense_64_3,1,0,20291538,89.9448,43889243,100000000,30-27-35-29-32-28-59-60-61-51-50-52-33-53-54-55-45-56-44-48-62-63-31-25-26-34-40-42-46-36-24-23-22-21-14-9-10-3-7-8-13-4-15-20-18-16-2-5-19-11-57-58-47-49-6-12-43-17-39-0-1-37-38-41,80.5419,9.40291,6.91593e-310
dense_64_3,1,1,18701156,89.5294,41191106,100000000,30-27-35-29-32-28-59-33-60-61-51-50-52-53-54-55-45-56-44-48-62-63-31-34-25-26-40-42-46-49-36-24-23-22-21-14-9-10-3-7-8-13-4-15-20-18-16-2-19-5-11-12-6-58-57-47-43-17-39-41-38-0-1-37,81.104,8.42543,0.000842885
dense_64_6,4,1,29948729,123.145,13974193,100000000,46-62-61-43-42-39-47-38-48-41-45-51-37-44-50-63-40-49-60-59-30-36-52-53-54-55-27-28-35-29-56-25-24-23-22-21-20-14-9-11-8-10-16-2-0-19-3-15-18-13-17-7-12-1-5-58-31-32-34-33-6-4-57-26,102.812,20.3325,0.00079504
dense_64_6,3,0,10522986,96.6479,21153699,100000000,46-62-61-47-43-42-39-38-37-63-51-45-48-41-50-60-59-30-49-44-40-52-53-54-55-27-28-36-35-56-29-25-24-23-22-21-14-9-20-10-2-11-0-8-15-16-3-1-17-19-7-12-58-31-18-13-32-34-33-5-57-4-6-26,90.473,6.17491,6.90161e-310
dense_64_4,1,0,12501731,69.7326,31155016,100000000,20-10-18-5-14-9-17-2-21-6-7-0-19-3-11-12-13-16-1-8-22-15-4-23-24-25-27-30-35-32-59-33-36-37-58-31-29-38-39-40-43-41-42-46-62-61-51-52-47-50-34-60-44-48-53-28-54-55-56-57-26-63-45-49,59.1186,10.614,6.94526e-310
dense_64_4,1,1,15548020,77.8163,29643548,100000000,20-10-18-5-14-9-17-21-2-7-6-0-19-3-11-12-13-16-1-8-15-4-22-23-24-25-27-30-35-32-59-33-36-37-58-31-34-29-38-39-40-43-41-42-46-62-61-51-52-47-50-60-44-28-48-53-54-55-56-57-26-63-45-49,63.8244,13.9919,0.000814073
dense_64_6,3,1,10525637,136.805,20772471,100000000,46-62-61-43-47-42-39-38-37-63-51-45-48-41-50-49-60-59-30-44-40-52-53-54-55-27-28-36-35-56-29-25-24-23-22-21-14-9-20-10-2-11-0-8-15-16-3-1-17-19-7-12-58-31-18-13-32-34-5-33-57-4-6-26,126.422,10.3826,0.000773727
dense_64_5,1,0,2458441,58.8264,30207621,100000000,14-9-3-18-19-2-11-15-8-10-20-5-7-21-16-13-17-0-1-22-23-24-25-27-29-28-30-59-60-31-32-33-34-61-62-46-43-44-49-50-51-40-39-38-37-36-41-42-45-35-58-57-56-55-54-47-48-52-12-4-53-63-6-26,49.968,8.85848,6.92981e-310
dense_64_5,1,1,2435640,55.4548,29441205,100000000,14-9-3-19-18-2-11-15-8-10-20-5-7-21-17-13-16-12-4-0-1-22-23-24-25-27-29-28-30-59-60-31-32-33-34-61-62-46-43-44-49-51-50-40-39-38-37-36-41-42-45-35-58-57-56-55-54-48-47-52-53-63-6-26,46.5603,8.89446,0.00078401
dense_64_6,5,0,9595658,66.1908,8388740,100000000,46-43-62-42-61-47-45-48-39-63-51-41-38-37-50-49-44-40-60-59-30-52-53-54-55-36-27-28-29-35-58-31-56-25-24-23-22-21-14-9-20-11-8-10-2-0-16-19-3-15-17-18-7-1-13-5-12-33-34-32-4-6-57-26,56.276,9.91476,6.91201e-310
dense_64_6,5,1,9595633,77.4543,8330789,100000000,46-43-62-42-61-47-45-48-39-63-51-41-38-37-50-49-44-40-60-59-30-52-53-54-55-36-27-28-29-35-58-31-56-25-24-23-22-21-14-9-20-11-8-10-2-0-16-19-3-15-17-18-7-1-13-5-12-33-34-32-4-6-57-26,67.0084,10.446,0.000803007
dense_64_3,2,1,1330848059,295.394,7275666,100000000,30-35-29-27-33-59-60-61-32-28-51-52-53-54-50-55-56-45-34-62-63-31-36-58-25-26-44-48-46-57-24-23-22-21-20-9-10-8-7-3-13-4-14-15-18-2-19-11-5-16-12-6-17-49-42-40-37-47-43-1-0-41-38-39,76.912,218.482,0.000774459
dense_64_3,2,0,1330851995,354.907,7335889,100000000,30-35-29-27-33-59-60-61-32-28-51-52-53-54-50-55-56-45-34-62-63-31-36-58-25-26-44-48-46-57-24-23-22-21-20-9-10-8-7-3-13-4-14-15-18-2-19-11-5-16-12-6-17-49-42-40-37-47-43-1-0-41-38-39,74.6839,280.223,6.93269e-310
dense_64_4,2,1,38126107,65.2161,5380704,100000000,20-21-18-10-14-17-9-5-7-6-19-2-13-12-11-22-16-3-8-15-0-4-23-1-24-25-27-30-35-33-32-36-59-37-58-34-31-29-60-61-51-62-52-38-39-50-46-43-47-28-42-41-40-63-26-53-44-48-57-54-55-45-49-56,53.1884,12.0277,0.000766684
dense_64_8,3,0,154916321,118.718,18100973,100000000,3-2-9-18-19-14-20-21-0-8-22-5-7-10-16-13-17-15-4-23-6-1-11-24-25-27-30-59-60-61-31-62-63-58-57-26-35-33-32-46-43-42-39-41-47-40-51-56-55-54-38-29-44-50-28-34-12-48-53-52-36-37-45-49,83.1728,35.5448,6.9402e-310
dense_64_4,2,0,38126107,66.4991,5405281,100000000,20-21-18-10-14-17-9-5-7-6-19-2-13-12-11-22-16-3-8-15-0-4-23-1-24-25-27-30-35-33-32-36-59-37-58-34-31-29-60-61-51-62-52-38-39-50-46-43-47-28-42-41-40-63-26-53-44-48-57-54-55-45-49-56,47.5409,18.9582,6.90785e-310
dense_64_5,2,1,5849369,55.5969,5689292,100000000,14-19-9-18-3-15-11-8-2-20-10-5-7-21-13-17-16-12-4-22-23-24-6-1-0-25-27-29-28-30-59-60-61-62-46-43-44-49-51-50-42-39-38-41-37-36-40-45-31-48-47-32-33-34-35-63-52-58-57-56-55-54-53-26,47.9965,7.6004,0.000749772
dense_64_8,3,1,154837047,105.901,17503767,100000000,3-2-9-18-19-14-20-21-0-8-22-5-7-10-16-13-17-15-4-23-6-1-11-24-25-27-30-59-60-61-31-62-63-58-57-26-35-33-32-46-43-42-39-41-47-40-51-56-55-54-38-29-44-50-28-34-12-48-53-52-36-37-45-49,78.4727,27.4287,0.00078188
dense_64_5,2,0,5849369,47.2369,5696076,100000000,14-19-9-18-3-15-11-8-2-20-10-5-7-21-13-17-16-12-4-22-23-24-6-1-0-25-27-29-28-30-59-60-61-62-46-43-44-49-51-50-42-39-38-41-37-36-40-45-31-48-47-32-33-34-35-63-52-58-57-56-55-54-53-26,41.105,6.13196,6.94171e-310
dense_64_4,0,1,569456761,291.392,90284609,100000000,20-10-14-18-9-5-21-17-7-2-6-0-19-3-11-12-13-16-15-4-8-22-1-23-24-25-27-30-35-32-33-59-36-37-58-29-31-28-34-60-61-62-51-52-50-44-43-40-39-41-42-45-46-47-49-48-38-53-54-55-56-57-63-26,156.782,134.611,0.00074319
dense_64_8,4,0,2050229868,442.463,10886999,100000000,20-14-21-19-9-18-3-7-5-8-22-2-13-0-16-10-6-4-17-1-23-11-15-12-24-25-27-30-59-60-61-31-26-29-35-33-32-62-46-43-42-39-41-40-47-44-63-28-58-57-50-56-55-54-38-34-51-48-53-36-45-49-37-52,63.4798,378.983,6.91155e-310
dense_64_6,2,1,16606869,62.1416,10075539,100000000,46-62-43-47-61-42-45-48-63-51-41-39-50-49-38-44-40-37-52-53-54-55-60-59-30-56-27-28-29-36-35-25-24-23-22-21-14-20-9-11-8-16-10-2-19-0-17-15-18-3-13-5-12-7-1-6-58-31-4-32-34-33-57-26,53.9953,8.14633,0.000758017
dense_64_6,2,0,16606869,62.928,10115477,100000000,46-62-43-47-61-42-45-48-63-51-41-39-50-49-38-44-40-37-52-53-54-55-60-59-30-56-27-28-29-36-35-25-24-23-22-21-14-20-9-11-8-16-10-2-19-0-17-15-18-3-13-5-12-7-1-6-58-31-4-32-34-33-57-26,54.9451,7.98288,6.9481e-310
dense_64_9,3,0,366915832,187.469,23025592,100000000,10-11-7-12-13-2-3-1-18-6-17-16-5-21-8-20-9-0-14-4-19-15-22-23-24-25-27-30-59-60-61-62-63-50-44-58-57-43-29-51-52-31-46-26-56-55-45-49-48-40-42-28-32-34-53-54-47-33-35-39-41-36-38-37,100.824,86.6448,6.93185e-310
dense_64_9,4,0,118670884,98.2524,13627530,100000000,10-11-12-2-7-13-6-5-1-3-8-20-17-16-21-9-18-14-0-19-4-15-22-23-24-25-27-30-59-60-61-62-50-44-43-63-58-57-40-42-51-29-45-49-46-52-31-48-26-56-55-28-39-41-32-34-47-53-54-33-35-38-37-36,63.2206,35.0318,6.91484e-310
dense_64_8,4,1,2047635744,450.498,10716456,100000000,20-14-21-19-9-18-3-7-5-8-22-2-13-0-16-10-6-4-17-1-23-11-15-12-24-25-27-30-59-60-61-31-26-29-35-33-32-62-46-43-42-39-41-40-47-44-63-28-58-57-50-56-55-54-38-34-51-48-53-36-45-49-37-52,66.1405,384.357,0.000793766
dense_64_9,3,1,366915830,193.999,22536015,100000000,10-11-7-12-13-2-3-1-18-6-17-16-5-21-8-20-9-0-14-4-19-15-22-23-24-25-27-30-59-60-61-62-63-50-44-58-57-43-29-51-52-31-46-26-56-55-45-49-48-40-42-28-32-34-53-54-47-33-35-39-41-36-38-37,105.912,88.0872,0.00076366
dense_64_5,0,1,2377061,161.324,86290068,100000000,14-9-19-18-3-2-11-15-8-20-10-5-21-7-17-13-16-12-4-6-22-23-24-25-27-29-28-30-59-31-60-35-33-34-36-37-38-39-40-44-43-46-62-41-49-50-51-42-45-32-61-48-47-52-58-57-56-0-1-53-54-55-63-26,155.821,5.5029,0.000773619
dense_64_10,4,0,33406526,65.2803,14422529,100000000,50-44-48-47-46-49-43-62-61-40-39-42-45-51-63-60-59-58-30-35-32-31-36-33-57-56-55-34-38-37-41-27-28-54-29-25-24-23-22-21-14-19-18-7-9-17-16-10-2-0-1-20-3-15-5-11-13-12-8-6-4-52-53-26,56.0552,9.22511,6.92226e-310
dense_64_9,4,1,118670884,97.2299,13567538,100000000,10-11-12-2-7-13-6-5-1-3-8-20-17-16-21-9-18-14-0-19-4-15-22-23-24-25-27-30-59-60-61-62-50-44-43-63-58-57-40-42-51-29-45-49-46-52-31-48-26-56-55-28-39-41-32-34-47-53-54-33-35-38-37-36,62.4288,34.8011,0.000759978
dense_64_11,4,0,3717855,65.7291,15944914,100000000,50-40-44-45-43-62-39-49-41-38-42-46-47-51-61-60-59-48-30-35-36-32-31-58-37-29-28-27-33-52-34-57-53-54-63-25-55-24-23-22-21-14-19-7-5-6-11-13-20-10-18-3-9-4-15-12-2-0-8-16-1-17-56-26,60.1378,5.59128,6.92115e-310
dense_64_8,5,0,1261295807,225.991,8840862,100000000,19-14-20-18-21-3-7-9-5-8-13-2-16-22-0-10-15-17-6-1-4-11-12-23-24-25-27-30-59-60-31-61-26-29-35-33-58-57-32-62-63-46-43-42-41-39-40-47-44-28-51-50-56-55-54-38-34-48-53-45-36-49-52-37,41.9643,184.027,6.9239e-310
dense_64_10,4,1,33403868,68.3244,14364792,100000000,50-44-48-47-46-43-49-62-61-40-39-42-45-51-63-60-59-58-30-35-32-31-36-33-57-56-55-34-38-37-41-27-28-54-29-25-24-23-22-21-14-19-18-7-9-17-16-10-2-0-1-20-3-15-5-11-13-12-8-6-4-52-53-26,59.0597,9.26471,0.000730458
dense_64_12,4,0,32952537,53.0174,7155924,100000000,20-14-21-9-11-15-22-12-17-10-16-18-13-19-3-23-24-8-4-5-6-25-27-30-59-60-61-62-50-40-44-43-41-42-63-35-32-46-47-51-45-49-48-39-26-33-31-2-1-0-7-34-58-36-38-29-57-56-55-54-53-52-37-28,44.1453,8.87215,6.90333e-310
dense_64_6,0,1,323665558,213.21,85157844,100000000,20-14-9-11-8-10-2-0-18-19-5-21-16-22-3-7-17-13-12-15-4-6-1-23-24-25-27-30-59-28-35-32-34-29-33-31-60-61-62-46-43-42-45-39-41-51-47-48-38-37-63-50-49-44-40-36-52-53-54-55-58-56-57-26,146.708,66.5024,0.000772456
dense_64_13,4,0,16190383,41.2601,8010154,100000000,61-62-50-44-60-59-30-51-40-46-48-47-27-35-32-36-58-45-43-42-49-28-39-41-25-33-29-31-52-53-24-23-22-21-20-9-3-18-16-8-4-14-10-17-5-19-2-15-57-56-55-63-7-34-1-37-54-11-13-0-38-6-26-12,33.4876,7.77254,6.95239e-310
dense_64_11,4,1,3717855,69.2417,15823237,100000000,50-40-44-45-43-62-39-41-49-38-42-46-47-51-61-60-59-48-30-35-36-32-31-58-37-29-28-27-33-52-34-57-53-54-63-25-55-24-23-22-21-14-19-7-5-6-11-13-20-10-18-3-9-4-15-12-2-0-8-16-1-17-56-26,63.638,5.6037,0.000744968
dense_64_9,5,0,318224549,128.553,10535340,100000000,10-2-7-6-11-12-13-1-3-5-8-18-17-16-21-14-9-20-0-19-4-15-22-23-24-25-27-29-30-59-60-61-62-50-44-58-63-43-57-31-40-42-51-52-46-45-49-26-28-48-56-55-53-32-34-39-41-47-54-35-33-38-36-37,51.3703,77.1823,6.92268e-310
dense_64_12,4,1,32952537,62.9312,7102979,100000000,20-14-21-9-11-15-22-12-17-10-16-18-13-19-3-23-24-8-4-5-6-25-27-30-59-60-61-62-50-40-44-43-41-42-63-35-32-46-47-51-45-49-48-39-26-33-31-2-1-0-7-34-58-36-38-29-57-56-55-54-53-52-37-28,54.0659,8.86527,0.000846376
dense_64_10,5,0,1431917,46.8455,9090876,100000000,18-19-14-7-17-9-16-20-10-2-1-0-3-21-22-23-5-15-8-11-12-13-6-4-24-25-27-30-35-32-31-36-59-58-33-28-60-61-62-50-44-49-46-47-43-48-63-40-39-42-45-51-57-56-55-34-37-38-41-29-52-54-53-26,41.2715,5.57403,6.92421e-310
dense_64_14,4,0,166041504,118.96,9126701,100000000,14-9-3-10-11-4-19-20-18-17-2-1-21-22-23-24-7-6-5-25-27-30-35-36-28-31-33-29-32-26-13-59-60-8-37-38-58-12-61-62-46-43-45-50-40-41-44-0-34-16-15-42-47-63-57-56-55-54-53-39-52-51-48-49,46.9822,71.9773,6.94773e-310
dense_64_13,4,1,16190379,45.8278,7759857,100000000,61-62-50-44-60-59-30-51-40-46-48-47-27-35-32-36-58-45-43-42-49-28-39-41-25-33-29-31-52-53-24-23-22-21-20-9-3-18-16-8-4-14-10-17-5-19-2-15-57-56-55-63-7-34-1-37-54-11-13-0-38-6-26-12,37.9091,7.91868,0.000754415
dense_64_8,1,0,871863845,180.022,37878491,100000000,19-20-14-21-9-18-5-3-2-7-8-16-13-0-22-10-17-1-15-4-6-11-23-12-24-25-27-30-59-60-61-31-26-62-63-46-43-42-39-41-47-40-44-32-33-35-58-57-29-56-55-54-50-51-48-38-28-34-53-45-36-37-49-52,53.9824,126.039,6.93307e-310
dense_64_11,5,0,1424298,48.8257,9756784,100000000,50-40-43-44-62-45-49-39-41-38-42-46-47-51-52-61-60-59-58-30-35-32-31-36-29-28-37-48-63-33-27-53-54-34-57-55-25-56-24-23-22-21-14-19-7-6-5-11-13-20-18-3-10-12-9-4-2-0-15-8-1-17-16-26,43.2801,5.54566,6.92989e-310
dense_64_5,0,0,2903402,164.012,91411559,100000000,44-43-46-62-49-50-51-40-39-41-38-37-36-42-35-33-34-30-29-59-31-60-28-27-32-25-24-23-45-61-22-21-14-9-19-18-3-2-11-15-8-20-10-5-7-13-16-17-0-1-4-6-12-47-48-52-53-54-55-56-57-58-26-63,158.054,5.95771,6.93759e-310
dense_64_15,4,0,242229315,107.914,10477960,100000000,20-10-19-7-21-18-11-13-12-8-3-14-9-2-1-0-5-22-23-6-17-15-4-16-24-25-27-30-59-60-35-32-34-36-26-61-51-50-40-44-48-47-41-42-43-39-38-29-31-45-49-33-46-58-37-28-62-63-52-57-56-55-54-53,51.8442,56.0695,6.9026e-310
dense_64_9,1,0,22502910,78.2342,37012368,100000000,10-2-7-11-6-12-13-5-3-1-8-20-21-16-17-18-14-9-19-0-4-22-15-23-24-25-27-29-30-59-60-61-62-50-44-58-43-57-63-31-26-40-42-51-52-46-32-34-45-49-56-55-28-33-48-53-54-35-39-36-37-38-41-47,70.0407,8.1935,6.89952e-310
dense_64_12,5,0,230851195,72.6637,3434966,100000000,14-21-20-9-11-22-15-17-12-16-10-19-18-13-5-4-6-3-23-24-8-2-1-0-7-25-26-27-30-59-60-61-62-50-40-44-43-41-63-35-32-42-45-49-46-47-51-33-48-31-39-58-29-36-34-52-53-57-56-55-54-38-28-37,36.4026,36.2611,6.94828e-310
dense_64_8,5,1,3726067249,548.755,8686103,100000000,19-14-20-18-21-3-7-9-5-8-13-2-16-22-0-10-15-17-6-1-4-11-12-23-24-25-27-30-59-60-31-61-26-29-35-33-58-57-32-62-63-46-43-42-41-39-40-47-44-28-50-51-56-55-54-38-34-48-53-45-49-36-52-37,45.0812,503.674,0.000714488
dense_64_14,4,1,166041410,126.572,8922438,100000000,14-9-3-10-11-4-19-20-18-17-2-1-21-22-23-24-7-6-5-25-27-30-35-36-28-31-33-29-32-26-13-59-60-8-37-38-58-12-61-62-46-43-45-50-40-41-44-0-34-16-15-42-47-63-57-56-55-54-53-39-52-51-48-49,54.7361,71.8354,0.000757847
dense_64_8,1,1,2682042215,416.091,36304065,100000000,19-20-14-21-9-18-5-3-2-7-8-13-16-0-22-10-17-1-15-4-6-11-12-23-24-25-27-30-59-60-61-31-26-62-63-46-43-42-39-41-47-40-44-35-33-32-29-58-57-56-55-54-50-51-28-34-48-38-53-45-49-36-52-37,57.4581,358.632,0.000731566
dense_64_16,4,0,207430505,123.155,15889587,100000000,19-14-18-5-7-17-9-20-10-2-1-0-15-3-6-21-22-8-16-4-11-12-13-23-24-25-27-28-30-59-31-60-61-51-50-44-48-47-46-45-40-39-62-43-42-29-32-34-33-41-38-49-35-36-26-52-53-37-54-58-63-55-57-56,72.7148,50.4402,6.93241e-310
dense_64_15,4,1,242225235,107.938,10445985,100000000,20-10-19-7-21-18-11-13-12-8-3-14-9-2-1-0-5-22-23-6-15-17-4-16-24-25-27-30-59-60-35-32-34-36-26-61-51-50-40-44-48-47-41-42-43-39-38-29-31-45-49-33-46-58-37-28-62-63-52-57-56-55-54-53,56.8491,51.0885,0.00076457
dense_64_11,3,0,901812796,246.153,22902411,100000000,50-44-45-40-49-39-41-38-43-62-51-48-42-47-46-61-60-59-58-30-35-36-32-31-29-28-37-52-27-33-34-57-53-54-63-25-55-56-24-23-22-21-14-19-7-6-5-11-13-10-18-3-9-4-2-0-20-12-15-8-1-17-16-26,81.8695,164.284,6.93436e-310
dense_64_9,5,1,318224549,139.748,10474486,100000000,10-2-7-6-11-12-13-1-3-5-8-18-17-16-21-14-9-20-0-19-4-15-22-23-24-25-27-29-30-59-60-61-62-50-44-58-63-43-57-31-40-42-51-52-46-45-49-26-28-48-56-55-53-32-34-39-41-47-54-35-33-38-36-37,62.6076,77.1406,0.000785556
dense_64_6,0,0,268215652,253.385,90469669,100000000,20-14-9-11-8-10-2-0-18-5-19-3-7-21-16-22-13-17-1-4-6-12-15-23-24-25-27-30-59-28-35-32-34-29-33-31-36-37-38-39-42-43-46-62-61-45-51-47-41-48-63-44-49-50-40-52-53-54-55-56-57-58-60-26,172.784,80.6002,6.93941e-310
dense_64_10,5,1,1431917,51.2373,9050171,100000000,18-19-14-7-17-9-16-20-10-2-1-0-3-21-22-23-5-15-8-11-12-13-6-4-24-25-27-30-35-32-31-36-59-58-28-33-60-61-62-50-44-49-46-47-43-48-63-40-39-42-45-51-57-56-55-34-37-38-41-29-52-54-53-26,45.9233,5.31404,0.00174009
dense_64_17,4,0,249238973,117.033,8229711,100000000,30-35-27-29-28-36-33-34-25-24-23-22-21-16-17-18-3-9-10-19-11-13-20-14-15-2-7-12-5-32-59-4-37-8-31-60-61-62-50-46-43-45-63-51-40-44-48-39-47-42-49-6-38-0-1-52-26-41-58-57-56-55-54-53,37.4626,79.5708,6.91284e-310
dense_64_11,3,1,901812756,252.125,22514501,100000000,50-44-45-40-49-39-41-38-43-62-51-48-42-47-46-61-60-59-58-30-35-36-32-31-29-28-37-52-27-33-34-57-53-54-63-25-55-56-24-23-22-21-14-19-7-6-5-11-13-10-18-3-9-4-2-0-20-12-15-8-1-17-16-26,91.1578,160.967,0.000640904
dense_64_9,1,1,296757256,120.868,35454518,100000000,10-2-7-11-13-6-12-5-3-8-1-20-21-16-17-18-14-9-19-0-4-15-22-23-24-25-27-29-30-59-60-61-62-50-44-58-43-57-63-31-26-40-42-51-52-45-46-49-32-34-28-56-55-33-48-53-54-39-35-41-36-47-38-37,59.445,61.4225,0.00168842
dense_64_12,3,0,249509286,102.299,14607726,100000000,61-60-62-50-44-59-30-63-40-43-41-35-32-51-46-47-48-27-45-49-31-33-42-25-24-26-23-22-21-14-20-9-15-11-12-10-17-3-4-2-0-1-16-39-5-6-58-18-36-8-13-57-56-55-54-53-19-52-34-7-29-38-37-28,60.0378,42.2607,6.93671e-310
dense_64_16,4,1,207430515,121.692,15845751,100000000,19-14-18-5-7-17-9-20-10-2-1-0-15-3-6-21-22-8-16-4-11-12-13-23-24-25-27-28-30-59-31-60-61-51-50-44-48-47-46-45-40-39-62-43-42-29-32-34-33-41-49-38-35-36-26-52-53-37-54-58-63-55-57-56,72.4832,49.2091,0.00174596
dense_64_11,5,1,1424274,52.6372,9701458,100000000,50-40-43-44-62-45-49-39-41-38-42-46-47-51-52-61-60-59-58-30-35-32-31-36-29-28-37-48-63-33-27-53-54-34-57-55-25-56-24-23-22-21-14-19-7-6-5-11-13-20-18-3-10-12-9-4-2-0-15-8-1-17-16-26,47.3013,5.33581,0.00167438
dense_64_18,4,0,99851369,63.7788,9440321,100000000,9-14-10-18-11-20-5-12-4-8-3-13-19-21-16-17-7-2-15-6-0-22-23-24-25-26-27-30-59-60-61-31-62-50-42-44-39-41-46-47-40-51-43-45-52-49-48-32-34-33-35-38-53-54-55-56-58-57-29-37-1-63-36-28,45.8918,17.887,6.90921e-310
dense_64_13,3,0,37156716,68.8946,17499308,100000000,61-60-59-30-51-50-44-27-62-48-46-47-35-36-58-40-45-28-32-43-49-25-52-53-57-56-55-33-63-31-24-23-22-21-20-9-3-18-8-4-16-17-10-14-2-5-19-29-1-37-54-0-39-15-41-34-42-7-38-11-13-26-6-12,57.6449,11.2497,6.93216e-310
dense_64_12,3,1,249890535,115.322,14360268,100000000,61-60-62-50-44-59-30-63-40-43-41-35-32-51-46-47-48-27-45-49-31-33-42-25-24-26-23-22-21-14-20-9-15-11-12-10-17-3-4-2-0-1-16-39-5-6-58-18-36-8-13-19-57-56-55-54-53-52-34-7-29-38-37-28,73.8275,41.4949,0.00121901
dense_64_19,4,0,42179191,45.4278,5864958,100000000,20-21-14-19-5-9-3-6-16-18-10-4-22-7-17-8-2-0-11-12-13-15-1-23-24-25-27-30-35-32-31-59-28-34-29-58-36-37-38-33-60-61-62-50-45-46-63-44-48-51-52-42-41-47-57-56-39-40-43-55-54-53-49-26,35.743,9.68487,6.9401e-310
dense_64_12,5,1,230851195,69.9909,3421918,100000000,14-21-20-9-11-22-15-17-12-16-10-19-18-13-5-4-6-3-23-24-8-2-1-0-7-25-26-27-30-59-60-61-62-50-40-44-43-41-63-35-32-42-45-49-46-47-51-33-48-31-39-58-29-36-34-52-53-57-56-55-54-38-28-37,34.7919,35.199,0.00174936
dense_64_17,4,1,249101308,124.717,8176138,100000000,30-35-27-29-28-36-33-34-25-24-23-22-21-16-17-18-3-9-10-19-11-13-20-14-15-2-7-12-5-32-59-4-37-8-31-60-61-62-50-46-43-45-63-51-40-44-48-39-47-42-49-6-38-0-1-52-26-41-58-57-56-55-54-53,46.4704,78.2466,0.00127567
dense_64_13,3,1,37128664,73.7349,16876955,100000000,61-60-59-30-51-50-44-27-62-48-46-47-35-36-58-40-45-28-32-43-49-25-52-53-57-56-55-33-63-31-24-23-22-21-20-9-3-18-8-4-16-17-10-14-2-5-19-29-1-37-54-0-39-41-15-42-34-7-38-11-13-26-6-12,62.4588,11.2761,0.00170505
dense_64_20,4,0,106213216,66.9296,8488749,100000000,50-44-51-40-39-42-45-38-48-46-37-52-53-43-62-54-41-61-60-59-55-49-47-30-27-25-29-36-63-24-23-28-35-32-56-22-21-20-5-19-4-9-17-18-14-11-10-3-2-0-1-7-6-16-8-15-13-58-31-26-33-34-12-57,51.7079,15.2217,6.91139e-310
dense_64_18,4,1,99850920,64.3103,9373935,100000000,9-14-10-18-11-20-5-12-4-8-3-13-19-21-16-17-7-2-15-6-0-22-23-24-25-26-27-30-59-60-61-31-62-50-42-44-39-41-46-47-40-51-43-45-52-49-48-32-34-33-35-38-53-54-55-56-58-57-29-37-1-63-36-28,46.4848,17.8255,0.00154976
dense_64_9,2,1,369036478,144.25,11977173,100000000,10-13-11-12-7-2-6-3-8-5-1-18-17-16-21-20-14-9-19-4-0-15-22-23-24-25-27-29-30-59-60-61-62-50-44-63-43-58-57-51-52-31-42-40-46-45-49-26-48-28-32-34-56-55-53-41-47-39-35-54-33-36-38-37,58.4929,85.7574,0.00171341
dense_64_8,0,1,1374402449,310.806,88029232,100000000,20-14-18-9-19-5-21-3-7-2-13-16-8-0-22-10-17-11-12-15-4-6-1-23-24-25-27-30-59-31-60-61-26-35-33-62-63-50-42-43-39-41-44-40-45-46-47-32-49-51-29-28-34-48-36-38-52-58-57-37-53-54-55-56,153.244,157.562,0.00149051
dense_64_9,2,0,369036479,129.873,12003428,100000000,10-13-11-12-7-2-6-3-8-5-1-18-17-16-21-20-14-9-19-4-0-15-22-23-24-25-27-29-30-59-60-61-62-50-44-63-43-58-57-51-52-31-42-40-46-45-49-26-48-28-32-34-56-55-53-41-47-39-35-54-33-36-38-37,44.9138,84.9592,6.91823e-310
dense_64_19,4,1,42179171,50.1269,5816874,100000000,20-21-14-19-5-9-3-6-16-18-10-4-22-7-17-8-2-0-11-12-13-15-1-23-24-25-27-30-35-32-31-59-28-34-29-58-36-37-38-33-60-61-62-50-45-46-63-44-48-51-52-42-41-47-57-56-39-40-43-55-54-53-49-26,40.3532,9.77371,0.00115462
dense_64_14,5,0,29774851,53.0123,6317864,100000000,10-9-14-11-3-19-4-20-17-18-2-1-7-6-21-22-23-24-5-13-25-27-30-35-33-31-36-28-26-32-29-59-60-58-8-15-12-37-38-34-61-62-46-43-45-50-44-0-16-40-41-42-57-56-47-55-54-53-63-39-52-49-51-48,43.5001,9.51212,6.94829e-310
dense_64_11,1,0,2495359,64.8894,36029246,100000000,50-44-40-43-45-39-49-62-38-41-42-46-47-48-61-60-59-58-30-35-32-29-31-28-36-27-33-51-52-37-53-54-34-55-57-63-25-24-23-22-21-14-19-5-7-6-11-13-10-20-18-3-9-2-0-12-4-1-15-8-16-17-56-26,59.3517,5.53774,6.92115e-310
dense_64_20,4,1,114316105,72.8651,8419980,100000000,50-44-51-40-39-42-45-38-48-46-37-52-53-43-62-54-41-61-60-59-55-49-47-30-27-25-29-36-63-24-23-28-35-32-56-22-21-20-5-19-4-9-17-18-14-11-10-3-2-0-1-7-6-16-8-15-13-58-31-26-33-12-34-57,54.421,18.4441,0.00166621
dense_64_15,5,0,351451839,129.516,9875473,100000000,18-20-10-7-19-11-12-13-3-21-8-14-15-2-1-0-9-5-16-22-23-17-6-4-24-25-27-30-59-60-26-35-32-34-36-29-31-61-51-50-44-40-48-41-47-43-42-33-39-38-45-49-58-28-37-62-63-46-52-57-56-55-54-53,50.7988,78.7177,6.90467e-310
dense_64_11,1,1,2504409,51.6941,35126087,100000000,50-44-40-43-45-39-49-62-41-38-42-46-47-48-61-60-59-58-30-35-32-29-31-28-36-27-51-52-33-37-53-54-34-55-57-63-25-24-23-22-21-14-19-5-7-6-11-13-10-20-18-3-9-2-0-12-4-15-8-1-17-16-56-26,46.1439,5.55027,0.0017376
dense_64_12,1,0,2095884449,318.613,30273980,100000000,14-20-21-9-11-17-15-22-12-10-16-5-4-6-18-19-3-2-1-0-13-23-24-25-26-7-27-30-35-59-60-61-62-50-40-44-43-32-41-63-42-46-47-48-45-33-51-31-49-29-39-34-8-36-52-53-54-55-56-57-58-28-37-38,43.4152,275.198,6.91394e-310
dense_64_9,0,1,1853265452,410.451,85141500,100000000,10-7-2-3-13-11-12-6-5-8-1-20-21-17-16-14-18-9-19-15-4-22-0-23-24-25-27-29-26-30-59-31-60-61-62-50-44-43-58-57-63-40-42-45-39-46-35-32-34-41-49-51-52-33-28-48-36-47-38-37-53-54-55-56,134.507,275.944,0.00173976
dense_64_14,5,1,31235652,52.2549,6212635,100000000,10-9-14-11-3-19-4-20-17-18-2-1-7-6-21-22-23-24-5-13-25-27-30-35-33-31-36-28-26-32-29-59-60-58-8-15-12-37-38-34-61-62-46-43-45-50-44-0-16-40-41-42-57-56-47-63-55-54-53-39-52-49-51-48,42.5686,9.68631,0.00169914
dense_64_15,3,0,251796310,124.757,16160890,100000000,10-20-11-7-18-19-12-21-13-3-2-0-8-1-22-23-9-14-15-17-6-5-16-24-25-27-30-59-60-35-32-34-36-26-61-51-50-44-48-40-41-47-31-39-38-58-29-33-37-4-42-43-46-62-63-28-45-49-52-57-56-55-54-53,58.4694,66.2874,6.90869e-310
dense_64_8,0,0,1751083061,374.025,93628316,100000000,20-14-18-9-19-5-21-3-2-7-16-13-8-0-22-10-11-17-1-4-6-12-15-23-24-25-27-30-59-31-60-61-26-32-33-35-62-63-50-42-43-39-41-44-40-46-47-29-45-51-28-34-36-37-38-48-49-52-53-54-55-56-57-58,109.945,264.08,6.90121e-310
dense_64_22,4,0,4122728,73.9202,13213422,100000000,42-39-40-41-44-43-46-62-61-48-60-49-50-38-37-63-47-51-45-59-52-36-35-32-30-29-53-54-55-56-57-33-58-27-34-31-25-26-28-24-23-22-21-20-19-10-2-1-0-3-13-12-18-14-5-9-11-16-17-7-4-15-8-6,67.4396,6.48063,6.93395e-310
dense_64_11,2,1,2393732,50.9719,10341728,100000000,50-44-40-45-49-43-62-41-39-42-46-47-38-48-51-52-61-60-59-58-63-30-35-32-31-36-29-28-53-54-33-37-27-34-55-57-25-24-23-22-21-14-19-7-5-6-11-13-20-10-18-3-9-12-8-15-4-2-0-17-16-1-56-26,45.5936,5.37826,0.00186835
dense_64_12,1,1,1979957748,286.432,29603668,100000000,14-20-21-9-11-17-15-12-22-10-5-6-4-16-18-19-3-13-2-1-0-23-24-25-26-7-27-30-35-59-60-61-62-50-40-44-43-41-32-63-42-46-47-48-45-49-51-33-31-39-29-8-34-36-52-53-54-55-56-58-57-28-38-37,37.5423,248.889,0.00120983
dense_64_15,5,1,351450845,144.613,9829857,100000000,18-20-10-7-19-11-12-13-3-21-8-14-15-2-1-0-9-5-16-22-23-17-6-4-24-25-27-30-59-60-26-35-32-34-36-29-31-61-51-50-44-40-48-41-47-43-42-33-39-38-45-49-58-28-37-62-63-46-52-57-56-55-54-53,55.492,89.1206,0.00146453
dense_64_15,3,1,251795282,142.834,16036250,100000000,10-20-11-7-18-19-12-21-13-3-2-0-8-1-22-23-9-14-15-17-6-5-16-24-25-27-30-59-60-35-32-34-36-26-61-51-50-44-48-40-41-47-31-39-38-58-29-33-37-4-42-43-46-62-63-28-45-49-52-57-56-55-54-53,73.0093,69.8251,0.00158162
dense_64_11,2,0,2393732,51.4585,10358208,100000000,50-44-40-45-49-43-62-41-39-42-46-47-38-48-51-52-61-60-59-58-63-30-35-32-31-36-29-28-53-54-33-37-27-34-55-57-25-24-23-22-21-14-19-7-5-6-11-13-20-10-18-3-9-12-8-15-4-2-0-17-16-1-56-26,46.0127,5.44573,6.91398e-310
dense_64_12,2,1,11997194,50.486,5705274,100000000,20-14-21-9-11-15-22-17-12-10-16-19-18-13-5-6-4-23-24-3-8-7-2-1-0-25-26-27-30-59-60-61-62-50-44-40-43-63-41-35-42-32-46-47-45-49-51-48-39-33-31-52-53-34-36-58-54-55-56-29-57-28-37-38,42.8341,7.65185,0.00170075
dense_64_12,2,0,11997194,51.1882,5710860,100000000,20-14-21-9-11-15-22-17-12-10-16-19-18-13-5-6-4-23-24-3-8-7-2-1-0-25-26-27-30-59-60-61-62-50-44-40-43-63-41-35-42-32-46-47-45-49-51-48-39-33-31-52-53-34-36-58-54-55-56-29-57-28-37-38,43.4589,7.72926,6.90147e-310
dense_64_22,4,1,4122727,76.2377,13083108,100000000,42-39-40-41-44-43-46-62-61-48-60-49-50-38-37-63-47-51-45-59-52-36-35-32-30-29-53-54-55-56-57-33-58-27-34-31-25-26-28-24-23-22-21-20-19-10-2-1-0-3-13-12-18-14-5-9-11-16-17-7-4-15-8-6,69.7622,6.47547,0.00182228
dense_64_17,5,0,74142505,54.9552,4851036,100000000,18-10-3-9-17-19-11-13-16-15-20-14-2-7-5-12-21-22-23-24-25-27-29-28-30-35-33-34-36-32-4-8-31-59-6-1-0-37-60-61-62-46-50-45-51-63-43-44-48-40-39-42-47-49-52-58-57-38-26-41-56-55-53-54,33.7464,21.2089,6.92823e-310
dense_64_14,1,0,2023819,38.1448,29458648,100000000,14-9-10-3-11-19-4-20-17-18-5-6-7-2-1-21-22-23-24-25-27-30-35-33-31-28-36-26-32-59-60-58-29-61-62-46-43-45-44-50-40-41-42-37-38-13-57-56-55-54-53-16-39-47-8-0-52-15-12-34-63-51-48-49,32.1743,5.97042,6.93872e-310
dense_64_15,1,0,109106909,71.1203,28562108,100000000,10-18-20-19-7-11-12-13-21-3-8-14-9-15-2-1-0-5-17-16-22-23-24-25-27-30-59-60-26-35-32-34-36-61-51-50-44-48-40-47-41-42-43-33-39-38-31-29-37-46-62-63-45-49-58-52-28-4-6-53-54-55-56-57,36.2731,34.8472,6.92634e-310
dense_64_11,0,1,3436236,99.4292,88285788,100000000,14-19-5-7-13-11-6-20-10-18-3-9-21-22-17-2-0-16-12-15-4-8-1-23-24-25-27-29-28-30-35-32-59-31-60-36-58-61-62-50-44-40-43-45-39-41-49-38-42-46-47-51-52-33-34-48-37-53-54-55-56-57-63-26,93.5773,5.85184,0.0016856
dense_64_17,3,0,182562364,70.3458,18146670,100000000,27-30-35-33-29-36-28-34-25-24-23-22-21-16-17-18-3-10-19-9-11-13-15-2-20-14-7-12-32-37-31-59-8-4-0-5-38-39-40-50-62-46-45-43-51-63-61-44-48-47-42-49-60-58-57-56-55-52-54-6-26-41-53-1,46.6518,23.694,6.90576e-310
dense_64_16,1,0,49972196,53.889,31957140,100000000,19-14-18-5-9-7-17-15-20-10-2-1-0-3-21-22-16-11-12-13-23-24-25-27-28-30-59-31-32-33-34-35-36-29-60-61-51-50-44-45-48-40-46-47-39-43-42-62-52-53-8-6-49-54-38-58-37-41-4-26-55-56-57-63,42.0661,11.8229,6.91265e-310
dense_64_24,4,0,1599937,38.8145,9361644,100000000,62-50-61-45-60-59-30-44-46-27-48-58-35-63-29-57-32-51-40-42-47-49-52-43-25-33-31-28-34-36-56-24-23-39-41-22-21-20-10-2-1-0-3-17-13-5-16-6-12-18-9-8-7-14-19-11-4-15-53-37-38-55-54-26,33.4428,5.37178,6.90629e-310
dense_64_18,3,0,11699177,66.4068,14726573,100000000,14-20-9-11-10-5-18-12-19-4-8-7-17-16-3-13-21-2-0-15-6-1-22-23-24-25-26-27-30-59-60-61-31-51-50-42-44-39-41-52-62-46-47-45-40-32-34-33-43-48-35-49-38-58-57-56-55-54-53-63-29-37-36-28,59.2829,7.12393,6.92565e-310
dense_64_14,1,1,14390569,55.1454,28182309,100000000,14-9-10-3-11-19-4-20-17-18-5-6-7-2-1-21-22-23-24-25-27-30-35-33-31-28-36-26-32-59-60-58-29-13-61-62-46-43-45-50-44-40-41-42-37-38-57-56-55-54-53-39-16-12-8-15-34-47-52-0-63-49-51-48,47.0066,8.13885,0.001674
dense_64_25,4,0,78698167,51.9523,8394494,100000000,20-18-10-21-19-9-5-22-17-8-11-13-23-14-7-3-12-16-2-0-6-24-25-27-30-35-28-26-4-29-1-36-59-60-61-51-50-42-40-44-49-43-41-39-45-52-62-46-48-38-47-53-63-15-54-55-56-37-31-32-57-33-58-34,34.6097,17.3426,6.95054e-310
dense_64_17,5,1,74142505,68.717,4824440,100000000,18-10-3-9-17-19-11-13-16-15-20-14-2-7-5-12-21-22-23-24-25-27-29-28-30-35-33-34-36-32-4-8-31-59-6-1-0-37-60-61-62-46-50-45-51-63-43-44-48-40-39-42-47-49-52-58-57-38-26-41-56-55-53-54,47.2735,21.4435,0.00171479
dense_64_17,3,1,182552747,85.9703,17846891,100000000,27-30-35-33-29-36-28-34-25-24-23-22-21-16-17-18-3-10-19-9-11-13-15-2-20-14-7-12-32-37-31-59-8-4-0-5-38-39-40-50-62-46-45-43-51-63-61-44-48-47-42-49-60-58-57-56-55-52-54-6-26-41-53-1,61.8387,24.1316,0.00170553
dense_64_12,0,1,20674051,164.907,85894469,100000000,20-14-9-21-17-11-12-15-22-10-18-19-5-6-4-3-7-2-1-0-13-16-8-23-24-25-26-27-30-35-32-59-60-61-62-50-44-40-43-41-63-42-45-39-46-47-49-51-29-33-31-28-34-48-36-38-52-53-58-37-54-55-56-57,156.383,8.52442,0.00167423
dense_64_15,1,1,185769958,98.2303,28084778,100000000,10-18-20-19-7-11-13-12-21-3-8-14-9-15-2-1-0-5-17-16-22-23-4-6-24-25-27-30-59-60-26-35-32-34-36-61-51-50-44-48-40-41-47-42-43-39-38-31-33-29-37-45-46-62-63-49-28-58-52-53-54-55-56-57,49.28,48.9503,0.00175222
dense_64_24,4,1,1599937,40.2355,9347961,100000000,62-50-61-45-60-59-30-44-46-27-48-58-35-63-29-57-32-51-40-42-47-49-52-43-25-33-31-28-34-36-56-24-23-39-41-22-21-20-10-2-1-0-3-17-13-5-16-6-12-18-9-8-7-14-19-11-4-15-53-37-38-55-54-26,34.8304,5.40509,0.00163867
dense_64_18,3,1,11698502,66.8055,14535224,100000000,14-20-9-11-10-5-18-12-19-4-8-7-17-16-3-13-21-2-0-15-6-1-22-23-24-25-26-27-30-59-60-61-31-51-50-42-44-39-41-52-62-46-47-45-40-32-34-33-43-48-35-49-38-58-57-56-55-54-53-63-29-37-36-28,59.6902,7.11526,0.00173288
dense_64_19,5,0,81603606,52.7229,3743372,100000000,14-19-21-20-9-5-16-3-6-18-10-15-17-11-12-13-7-4-22-2-0-8-1-23-24-25-27-30-31-32-35-59-34-58-28-33-29-36-37-38-60-61-62-50-45-46-63-57-56-44-48-51-52-40-41-42-47-43-49-55-54-39-53-26,34.4709,18.252,6.94341e-310
dense_64_14,2,1,419976782,206.154,5745737,100000000,14-9-10-11-19-3-4-20-17-18-5-6-7-21-22-23-24-13-2-25-27-30-35-33-31-36-28-32-29-26-15-59-60-58-12-1-8-37-38-34-61-62-46-45-43-50-44-16-42-41-40-47-63-39-57-56-55-54-53-0-52-51-49-48,44.8872,161.266,0.0015642
dense_64_16,1,1,31878489,59.006,31542688,100000000,19-14-18-5-9-17-7-15-20-10-2-1-0-3-21-22-11-12-13-16-8-23-24-25-27-28-30-59-31-32-33-34-35-36-29-60-61-51-50-44-45-48-40-46-47-39-43-42-62-52-53-6-41-49-4-38-58-54-37-26-55-56-57-63,49.4239,9.58213,0.0017227
dense_64_25,4,1,78698167,51.2263,8288135,100000000,20-18-10-21-19-9-5-22-17-8-11-13-23-14-7-3-12-16-2-0-6-24-25-27-30-35-28-26-4-29-1-36-59-60-61-51-50-42-40-44-49-43-41-39-45-52-62-46-48-38-47-53-63-15-54-55-56-37-31-32-57-33-58-34,34.0205,17.2058,0.0016888
dense_64_13,0,1,6096373,132.566,86829935,100000000,20-18-9-21-3-16-4-8-22-23-10-14-19-5-7-17-2-1-11-13-12-15-6-24-25-27-30-35-32-59-28-60-61-62-50-44-40-46-51-48-47-36-58-42-43-45-39-41-49-29-33-31-34-38-52-53-0-37-54-55-56-57-63-26,126.14,6.42515,0.00170313
dense_64_14,2,0,419978679,203.631,5773643,100000000,14-9-10-11-19-3-4-20-17-18-5-6-7-21-22-23-24-13-2-25-27-30-35-33-31-36-28-32-29-26-15-59-60-58-12-1-8-37-38-34-61-62-46-45-43-50-44-16-42-41-40-47-63-39-57-56-55-54-53-0-52-51-49-48,45.3399,158.291,6.9299e-310
dense_64_20,5,0,172789784,58.6889,4758452,100000000,44-50-40-45-42-51-48-39-52-53-38-46-37-43-49-41-54-62-63-55-61-60-59-47-30-27-29-25-36-28-58-35-32-24-23-26-31-56-22-21-20-19-5-9-17-4-18-14-11-10-3-7-2-1-0-6-8-16-12-13-15-33-34-57,36.1999,22.489,6.94477e-310
dense_64_10,0,0,3582597991,429.796,92343646,100000000,44-50-43-46-47-49-48-40-39-42-62-61-63-45-51-38-37-36-35-32-31-30-59-58-27-28-25-29-33-24-23-22-21-14-9-19-18-7-16-17-20-10-2-1-0-5-3-11-12-13-4-6-8-15-34-41-52-53-54-55-56-57-60-26,149.191,280.604,6.93352e-310
dense_64_15,2,1,300118871,117.632,8649726,100000000,10-20-19-18-13-21-11-12-7-8-3-14-15-9-5-17-2-1-22-23-16-0-6-4-24-25-27-30-59-60-26-35-32-34-36-29-61-51-50-44-48-40-41-47-43-42-31-33-45-49-39-38-46-62-63-28-58-37-52-53-54-55-56-57,47.6855,69.947,0.00174684
dense_64_15,2,0,300118871,112.256,8660283,100000000,10-20-19-18-13-21-11-12-7-8-3-14-15-9-5-17-2-1-22-23-16-0-6-4-24-25-27-30-59-60-26-35-32-34-36-29-61-51-50-44-48-40-41-47-43-42-31-33-45-49-39-38-46-62-63-28-58-37-52-53-54-55-56-57,42.6069,69.6491,6.94101e-310
dense_64_16,2,1,244896884,103.877,11275862,100000000,19-18-14-5-17-9-7-15-20-10-2-1-0-3-21-22-6-16-8-13-12-11-4-23-24-25-27-28-29-30-31-59-32-33-34-60-61-51-50-44-48-45-47-46-40-39-43-62-42-49-52-53-41-35-36-26-63-38-54-58-37-55-57-56,45.8283,58.0483,0.0017123
dense_64_16,2,0,244896884,98.383,11292697,100000000,19-18-14-5-17-9-7-15-20-10-2-1-0-3-21-22-6-16-8-13-12-11-4-23-24-25-27-28-29-30-31-59-32-33-34-60-61-51-50-44-48-45-47-46-40-39-43-62-42-49-52-53-41-35-36-26-63-38-54-58-37-55-57-56,40.5651,57.8179,6.9021e-310
dense_64_17,2,1,29170037,45.0882,5719889,100000000,18-10-9-17-19-3-11-13-16-15-20-14-5-21-22-23-24-12-7-2-25-27-30-29-35-28-33-36-34-32-31-59-4-8-37-6-60-61-62-46-50-45-63-51-43-44-48-40-39-42-47-49-52-38-58-57-41-26-56-55-53-54-1-0,35.0807,10.0075,0.0017235
dense_64_17,2,0,29170037,45.1143,5726606,100000000,18-10-9-17-19-3-11-13-16-15-20-14-5-21-22-23-24-12-7-2-25-27-30-29-35-28-33-36-34-32-31-59-4-8-37-6-60-61-62-46-50-45-63-51-43-44-48-40-39-42-47-49-52-38-58-57-41-26-56-55-53-54-1-0,35.2027,9.91155,6.90849e-310
dense_64_18,1,0,3426993,46.8473,33217662,100000000,20-10-9-5-18-14-11-4-8-12-19-17-16-3-21-13-2-0-7-15-1-6-22-23-24-25-26-27-30-59-60-61-31-62-50-42-44-46-39-47-41-40-45-43-51-52-32-33-34-48-35-49-53-54-55-56-29-57-38-58-28-36-37-63,41.0491,5.79819,6.91011e-310
dense_64_20,3,0,36637324,76.2137,17059494,100000000,50-51-44-45-48-40-39-38-42-37-52-53-54-55-61-60-59-46-30-27-25-29-41-49-43-36-24-23-62-63-28-47-35-32-56-58-22-21-20-5-19-18-17-9-4-14-11-3-2-1-0-10-6-16-31-8-26-7-12-33-34-57-13-15,66.5219,9.69173,6.92656e-310
dense_64_27,4,0,20419963,55.7179,8618076,100000000,10-18-5-3-7-2-6-4-8-11-14-20-9-19-21-22-23-24-0-1-13-17-25-12-26-27-30-35-59-60-33-61-34-51-32-50-44-40-41-49-62-43-42-31-48-47-39-38-63-36-29-52-53-45-58-46-37-15-16-57-56-54-55-28,47.4162,8.30163,6.94595e-310
dense_64_21,3,0,11917472,43.7942,11215329,100000000,21-14-9-20-19-18-3-13-16-22-10-5-15-8-7-17-11-2-0-4-23-12-24-25-27-30-31-59-32-58-33-35-36-37-38-39-40-50-51-52-53-62-54-63-41-42-44-45-61-60-55-34-46-47-29-43-57-1-6-48-49-26-56-28,36.3358,7.45835,6.94938e-310
dense_64_19,5,1,486629003,118.841,3716959,100000000,19-14-21-20-9-5-16-3-6-18-10-15-17-11-12-13-7-4-22-2-0-8-1-23-24-25-27-30-31-32-35-59-34-58-28-33-29-36-37-38-60-61-62-50-45-46-63-57-56-44-48-51-52-40-41-42-47-43-49-55-54-39-53-26,35.3717,83.4694,0.00171921
dense_64_21,5,0,2708672990,446.944,4205302,100000000,14-21-19-20-18-3-9-16-13-10-15-5-17-7-2-0-22-11-8-12-4-1-6-23-24-25-27-30-31-32-59-33-58-35-36-37-38-39-40-42-50-41-51-45-52-62-53-63-44-43-54-61-46-47-49-34-48-60-29-57-55-26-28-56,30.1785,416.765,6.94634e-310
dense_64_20,3,1,36638530,83.7315,16720621,100000000,50-51-44-45-48-40-39-38-42-37-52-53-54-55-61-60-59-46-30-27-25-29-41-49-43-36-24-23-62-63-28-47-35-32-56-58-22-21-20-5-19-18-17-9-4-14-11-3-2-1-0-10-6-16-8-31-26-7-12-33-34-57-13-15,74.117,9.61451,0.00168436
dense_64_22,3,0,4024858,80.9037,18852829,100000000,43-46-62-44-61-40-39-42-41-60-48-63-50-49-38-37-51-52-47-59-36-35-32-45-30-29-58-57-56-55-54-33-53-27-31-34-25-26-28-24-23-22-21-20-19-10-2-0-3-1-13-12-18-9-14-4-11-5-7-17-16-8-15-6,74.238,6.66566,6.94851e-310
dense_64_20,5,1,172789784,64.2098,4733018,100000000,44-50-40-45-42-51-48-39-52-53-38-46-37-43-49-41-54-62-63-55-61-60-59-47-30-27-29-25-36-28-58-35-32-24-23-26-31-56-22-21-20-19-5-9-17-4-18-14-11-10-3-7-2-1-0-6-8-16-12-13-15-33-34-57,41.995,22.2148,0.00184908
dense_64_22,5,0,10151921,63.5158,9858298,100000000,43-44-42-40-41-39-49-48-46-62-61-63-60-50-38-37-45-47-51-52-53-54-55-56-57-59-36-35-32-30-29-33-58-34-31-27-28-25-26-24-23-22-21-20-19-10-2-1-0-3-13-12-14-18-5-9-4-7-17-11-16-15-8-6,55.0806,8.43512,6.92868e-310
dense_64_28,4,0,608350085,178.515,10545550,100000000,10-20-14-11-13-9-12-2-8-1-0-18-17-3-19-21-7-6-15-4-5-16-22-23-24-25-27-30-29-59-31-26-60-61-62-46-47-48-51-50-42-49-28-44-35-36-43-32-58-45-63-52-39-41-57-56-40-37-33-34-55-38-53-54,38.2535,140.261,6.94031e-310
dense_64_18,1,1,3583750,56.4797,32739562,100000000,20-10-9-5-18-14-11-4-8-12-19-17-16-3-21-13-7-2-0-15-6-1-22-23-24-25-26-27-30-59-60-61-31-62-50-42-44-39-46-41-47-40-45-43-51-52-32-33-34-48-49-35-53-54-55-56-29-38-58-57-28-36-37-63,50.6877,5.792,0.00123325
dense_64_27,4,1,20419963,61.8439,8564260,100000000,10-18-5-3-7-2-6-4-8-11-14-20-9-19-21-22-23-24-0-1-13-17-25-12-26-27-30-35-59-60-33-61-34-51-32-50-44-40-41-49-62-43-42-31-48-47-39-38-63-36-29-52-53-45-58-46-37-15-16-57-56-54-55-28,53.4598,8.38418,0.00175687
dense_64_21,3,1,11921386,58.8205,11152269,100000000,21-14-9-20-19-18-3-13-16-22-10-5-15-8-7-17-11-2-0-4-23-12-24-25-27-30-31-59-32-58-33-35-36-37-38-39-40-50-51-52-53-62-54-63-41-42-44-45-61-60-55-34-46-47-29-43-57-6-1-48-49-26-56-28,51.3029,7.51763,0.00152899
dense_64_29,4,0,38836616,69.4588,9128093,100000000,20-10-14-9-11-19-12-5-2-17-18-0-13-21-22-3-7-8-15-1-16-6-4-23-24-25-26-27-29-28-30-59-60-61-62-50-40-44-43-39-41-48-49-42-46-51-38-52-47-45-58-37-36-53-54-63-57-56-55-35-32-34-33-31,52.5458,16.913,6.9491e-310
dense_64_22,3,1,4024855,83.7501,18633146,100000000,43-46-62-44-61-40-39-42-41-60-48-63-50-49-38-37-51-52-47-59-36-35-32-45-30-29-58-57-56-55-54-33-53-31-27-34-25-26-28-24-23-22-21-20-19-10-2-0-3-1-13-12-18-9-14-4-11-5-7-17-16-8-15-6,77.026,6.72404,0.00170478
dense_64_12,0,0,28777503,148.915,91942893,100000000,20-14-9-21-17-11-15-12-22-10-18-5-4-6-19-2-1-0-3-7-13-16-8-23-24-25-26-27-30-35-32-59-60-61-62-50-44-40-43-41-63-42-46-47-29-33-39-45-51-28-31-34-36-37-38-48-49-52-53-54-55-56-57-58,135.977,12.9379,6.93069e-310
dense_64_28,4,1,608350008,191.099,10501311,100000000,10-20-14-11-13-9-12-2-8-1-0-17-18-3-19-21-7-6-15-4-5-16-22-23-24-25-27-30-29-59-31-26-60-61-62-46-47-48-51-50-42-49-28-44-35-36-43-32-58-45-63-52-39-41-57-56-40-37-33-34-55-38-53-54,50.7783,140.321,0.00143964
dense_64_30,4,0,180554838,122.453,18690893,100000000,10-2-0-7-18-19-13-6-12-1-20-21-16-15-22-14-5-4-3-11-17-9-8-23-24-25-26-27-29-28-30-35-32-34-33-31-59-60-61-62-50-45-46-42-40-49-44-47-43-39-41-51-63-48-38-52-53-54-55-37-56-36-58-57,73.2385,49.2144,6.90424e-310
dense_64_29,4,1,38836616,68.5455,9017259,100000000,20-10-14-9-11-19-12-5-2-17-18-0-13-21-22-3-7-8-15-1-16-6-4-23-24-25-26-27-29-28-30-59-60-61-62-50-40-44-43-39-41-48-49-42-46-51-38-52-47-45-58-37-36-53-54-63-57-56-55-35-32-34-33-31,51.9427,16.6028,0.00187481
dense_64_20,1,0,112121797,59.3603,32126838,100000000,44-50-45-40-42-39-51-52-53-54-38-46-48-37-55-43-62-63-61-60-59-30-27-25-29-24-23-49-47-28-41-35-32-33-31-34-22-21-20-5-19-9-17-4-14-11-18-10-3-2-1-0-7-16-8-58-36-12-56-6-26-13-15-57,43.1596,16.2007,6.93864e-310
dense_64_13,0,0,2094886,134.532,94318236,100000000,20-18-9-21-3-16-4-8-22-23-10-14-5-19-2-1-7-11-13-17-0-6-12-15-24-25-27-30-35-32-59-60-61-62-50-44-40-46-51-47-28-36-48-58-42-43-29-33-39-45-31-34-37-38-41-49-52-53-54-55-56-57-26-63,128.389,6.14301,6.92828e-310
dense_64_21,5,1,2708672984,456.073,4186440,100000000,14-21-19-20-18-3-9-16-13-10-15-5-17-7-2-0-22-11-8-12-4-1-6-23-24-25-27-30-31-32-59-33-58-35-36-37-38-39-40-42-50-41-51-45-52-62-53-63-44-43-54-61-46-47-49-34-48-60-29-57-55-26-28-56,40.4582,415.615,0.00114962
dense_64_30,4,1,180554152,124.683,18652303,100000000,10-2-0-7-18-19-13-6-12-1-20-21-16-15-22-14-5-4-3-11-17-9-8-23-24-25-26-27-29-28-30-35-32-34-33-31-59-60-61-62-50-45-46-42-40-49-44-47-43-39-41-51-63-48-38-52-53-54-55-37-56-36-58-57,76.7471,47.9362,0.0014091
dense_64_22,5,1,10151921,56.2706,9777709,100000000,43-44-42-40-41-39-49-48-46-62-61-63-60-50-38-37-45-47-51-52-53-54-55-56-57-59-36-35-32-30-29-33-58-34-31-27-28-25-26-24-23-22-21-20-19-10-2-1-0-3-13-12-14-18-5-9-4-7-17-11-16-15-8-6,48.0831,8.18756,0.00149072
dense_64_14,0,0,3336564,112.998,90472806,100000000,14-9-10-19-3-11-4-20-17-18-5-6-2-1-7-21-22-23-24-13-16-25-27-30-35-33-31-28-36-26-32-29-59-60-58-61-62-46-43-45-44-50-40-41-42-39-38-51-0-8-12-15-34-37-47-48-49-52-53-54-55-56-57-63,107.5,5.49803,6.94787e-310
dense_64_19,2,1,2098308712,305.661,5579419,100000000,20-14-21-19-9-5-16-6-3-18-10-17-15-7-22-13-12-11-4-8-2-0-23-24-25-27-30-35-32-31-59-34-28-58-33-29-36-37-38-60-61-62-50-45-46-63-44-48-51-52-42-41-47-40-43-39-49-57-56-53-54-55-1-26,37.822,267.839,0.00166108
dense_64_19,2,0,2098308712,298.256,5598343,100000000,20-14-21-19-9-5-16-6-3-18-10-17-15-7-22-13-12-11-4-8-2-0-23-24-25-27-30-35-32-31-59-34-28-58-33-29-36-37-38-60-61-62-50-45-46-63-44-48-51-52-42-41-47-40-43-39-49-57-56-53-54-55-1-26,37.2083,261.047,6.94099e-310
dense_64_20,2,1,13620948,51.998,5608689,100000000,50-44-45-40-42-51-52-46-48-53-39-54-55-43-38-62-63-49-61-60-47-41-37-59-56-30-27-29-25-28-24-23-22-21-20-19-5-9-17-4-18-14-11-10-3-6-7-16-2-1-0-8-13-12-15-58-36-35-32-57-31-26-33-34,43.675,8.32294,0.00154718
dense_64_20,2,0,13620948,50.8439,5616410,100000000,50-44-45-40-42-51-52-46-48-53-39-54-55-43-38-62-63-49-61-60-47-41-37-59-56-30-27-29-25-28-24-23-22-21-20-19-5-9-17-4-18-14-11-10-3-6-7-16-2-1-0-8-13-12-15-58-36-35-32-57-31-26-33-34,42.5991,8.24481,6.91507e-310
dense_64_20,1,1,156211081,69.5384,31023673,100000000,44-50-45-40-42-39-51-52-53-54-38-46-48-37-55-43-62-63-49-41-61-60-59-30-27-29-25-24-23-47-28-35-32-33-31-34-22-21-20-5-19-9-17-4-14-11-18-10-3-2-1-0-7-16-12-8-6-58-36-56-26-13-15-57,46.4972,23.0412,0.00145211
dense_64_16,0,1,4816522,138.477,87646025,100000000,14-9-19-18-5-17-7-15-20-10-2-1-0-21-22-3-11-12-13-16-4-6-8-23-24-25-27-28-30-59-31-35-33-34-36-32-29-60-61-51-50-44-40-45-39-46-48-47-42-43-62-41-49-38-52-53-58-37-54-55-56-57-63-26,132.754,5.72322,0.00150063
dense_64_21,2,1,49791248,45.3239,4349982,100000000,20-14-19-21-18-9-16-13-3-10-5-17-15-22-11-7-8-4-12-2-6-0-23-24-25-27-30-31-32-33-59-58-35-36-34-60-61-51-50-42-40-41-62-39-45-52-53-63-54-44-38-43-46-47-49-48-55-37-29-57-56-1-26-28,35.3151,10.0088,0.00141201
dense_64_21,2,0,49791248,43.8454,4353566,100000000,20-14-19-21-18-9-16-13-3-10-5-17-15-22-11-7-8-4-12-2-6-0-23-24-25-27-30-31-32-33-59-58-35-36-34-60-61-51-50-42-40-41-62-39-45-52-53-63-54-44-38-43-46-47-49-48-55-37-29-57-56-1-26-28,33.9688,9.87659,6.92719e-310
dense_64_24,5,0,1494694965,213.653,4951415,100000000,62-50-45-44-61-60-59-30-46-27-29-35-58-63-48-32-57-51-52-49-40-42-28-33-31-47-43-25-36-34-56-53-24-23-22-21-20-10-2-1-0-13-5-3-17-12-16-6-18-9-8-7-19-4-14-11-15-41-26-39-37-55-38-54,30.2942,183.359,6.91352e-310
dense_64_22,2,1,4908034,59.0424,10082343,100000000,43-44-42-40-41-46-62-49-48-39-61-63-50-45-60-47-51-52-53-54-55-56-57-38-37-58-59-30-35-32-29-33-36-34-31-27-28-25-26-24-23-22-21-20-19-18-3-2-1-0-10-13-12-14-9-5-17-4-11-7-16-15-8-6,52.4443,6.59806,0.00152654
dense_64_22,2,0,4908034,58.4862,10107377,100000000,43-44-42-40-41-46-62-49-48-39-61-63-50-45-60-47-51-52-53-54-55-56-57-38-37-58-59-30-35-32-29-33-36-34-31-27-28-25-26-24-23-22-21-20-19-18-3-2-1-0-10-13-12-14-9-5-17-4-11-7-16-15-8-6,51.8652,6.62104,6.90517e-310
dense_64_23,2,0,42947413,53.0793,5608796,100000000,32-34-33-31-30-59-29-27-60-58-25-35-36-57-28-61-62-50-44-40-41-39-46-42-63-45-43-49-51-52-48-37-53-54-55-38-47-56-26-24-23-22-21-20-19-7-17-6-14-15-18-5-10-16-2-9-8-3-13-11-4-12-1-0,39.2595,13.8198,6.90941e-310
dense_64_23,2,1,42947413,54.5635,5573640,100000000,32-34-33-31-30-59-29-27-60-58-25-35-36-57-28-61-62-50-44-40-41-39-46-42-63-45-43-49-51-52-48-37-53-54-55-38-47-56-26-24-23-22-21-20-19-7-17-6-14-15-18-5-10-16-2-9-8-3-13-11-4-12-1-0,40.9086,13.6549,0.00167134
dense_64_24,2,0,50389947,49.6003,7705410,100000000,62-50-61-46-45-44-63-60-59-30-35-48-29-27-58-32-51-52-57-47-49-43-42-40-33-31-28-36-34-53-25-41-24-23-22-21-20-10-2-17-13-5-3-1-0-12-6-16-18-9-8-19-14-7-11-4-15-39-56-37-54-26-38-55,37.7182,11.8821,6.92884e-310
dense_64_24,2,1,50389947,50.5686,7698816,100000000,62-50-61-46-45-44-63-60-59-30-35-48-29-27-58-32-51-52-57-47-49-43-42-40-33-31-28-36-34-53-25-41-24-23-22-21-20-10-2-17-13-5-3-1-0-12-6-16-18-9-8-19-14-7-11-4-15-39-56-37-54-26-38-55,38.6594,11.9092,0.00140352
dense_64_17,0,1,1525070763,271.992,88236854,100000000,10-18-9-19-3-17-13-11-16-15-20-14-5-21-22-23-24-7-2-25-27-30-35-29-33-28-34-36-32-59-12-4-6-8-31-60-61-62-50-45-46-43-51-63-44-48-40-39-42-41-49-47-38-52-58-57-0-1-37-53-54-55-56-26,147.141,124.852,0.00154403
dense_64_22,1,0,21749568,53.873,36662323,100000000,44-43-40-42-46-62-61-39-41-60-49-48-50-63-45-51-52-47-38-37-36-35-32-30-29-33-53-54-55-56-57-27-59-25-26-58-31-34-28-24-23-22-21-20-19-14-13-12-18-3-2-1-0-10-9-5-7-16-11-17-4-6-8-15,44.8158,9.05722,6.92331e-310
dense_64_23,1,0,79042181,60.0843,32426001,100000000,40-44-50-39-41-42-45-46-43-62-63-49-51-52-53-54-55-56-57-58-59-30-27-31-32-33-34-29-25-60-35-36-28-61-47-48-24-38-23-22-21-20-19-7-17-6-14-15-5-10-2-18-16-9-3-0-1-8-37-26-11-13-4-12,41.1643,18.92,6.93134e-310
dense_64_25,3,0,91902274,63.4476,16113449,100000000,20-10-21-18-22-19-17-23-11-13-5-9-8-3-2-0-14-24-25-27-30-35-28-26-7-29-16-12-59-31-36-33-4-60-61-51-50-44-40-41-49-42-43-39-38-48-52-45-46-37-62-6-32-15-53-54-55-56-57-58-1-34-63-47,46.2165,17.2311,6.91676e-310
dense_64_24,1,0,47966333,63.354,39337543,100000000,2-10-20-17-5-1-0-13-3-16-6-12-18-9-8-7-14-19-21-11-4-15-22-23-24-25-27-30-59-35-60-61-62-50-45-44-46-29-58-32-48-57-63-51-52-43-40-42-33-31-49-47-28-56-34-36-53-39-37-38-41-54-55-26,53.9803,9.37369,6.90196e-310
dense_64_16,0,0,2720907,97.6988,93276967,100000000,44-40-45-46-39-47-48-50-51-61-42-43-62-38-37-36-35-33-34-30-27-25-59-31-24-28-32-29-23-22-21-14-9-19-18-5-7-17-15-20-10-2-1-0-3-11-12-13-16-4-6-8-41-49-52-53-54-55-56-57-58-60-26-63,92.2699,5.4289,6.92689e-310
dense_64_25,1,0,1587471,44.9355,38608021,100000000,20-10-18-19-5-9-21-17-22-11-13-8-23-14-7-24-25-27-30-35-28-26-29-16-2-0-3-12-32-33-59-60-61-51-50-44-40-42-43-49-41-52-39-38-62-45-46-48-36-1-53-31-37-54-55-56-57-4-6-15-34-47-58-63,39.737,5.19846,6.93191e-310
dense_64_24,5,1,1254856880,179.865,4934815,100000000,62-50-45-44-61-60-59-30-46-27-29-35-58-63-48-32-57-51-52-49-40-42-28-33-31-47-43-25-36-34-56-53-24-23-22-21-20-10-2-1-0-13-5-3-17-12-16-6-18-9-8-7-19-4-14-11-15-41-39-26-37-55-38-54,30.5182,149.347,0.00134698
dense_64_25,2,0,2955345577,360.569,3020764,100000000,20-18-19-10-5-21-17-9-22-11-13-23-8-14-7-12-16-24-25-27-30-28-26-35-6-3-29-2-15-4-0-31-59-60-61-51-50-44-42-40-49-43-41-52-45-62-46-48-39-38-47-36-63-32-53-33-54-55-56-37-34-1-58-57,32.828,327.741,6.94561e-310
dense_64_25,2,1,2955307387,369.102,3019593,100000000,20-18-19-10-5-21-17-9-22-11-13-23-8-14-7-12-16-24-25-27-30-28-26-35-6-3-29-2-15-4-0-31-59-60-61-51-50-44-42-40-49-43-41-52-45-62-46-48-39-38-47-36-63-32-53-33-54-55-56-37-34-1-58-57,34.0624,335.039,0.00139525
dense_64_26,3,0,329652483,124.473,17102009,100000000,44-48-40-41-50-49-62-63-61-60-59-58-57-56-55-30-27-25-28-35-33-54-53-24-23-29-36-37-39-43-42-32-45-51-46-26-38-22-21-16-17-18-5-4-15-3-2-9-8-10-11-12-13-14-20-19-0-7-47-6-34-1-52-31,65.4745,58.9981,6.90002e-310
dense_64_22,1,1,2107221,59.3852,35299917,100000000,44-43-40-42-46-62-39-61-41-49-60-48-50-63-45-51-52-47-38-37-36-35-32-30-29-33-53-54-55-56-57-27-59-25-26-31-34-28-58-24-23-22-21-20-19-14-13-12-18-3-2-1-0-10-9-5-17-7-11-16-4-15-6-8,53.595,5.79028,0.00154148
dense_64_26,1,0,157894238,76.5875,29119677,100000000,44-40-49-48-41-50-62-63-42-43-61-60-59-58-57-56-55-30-27-35-25-33-28-24-23-32-29-36-37-54-53-46-45-39-22-21-16-17-18-5-15-4-10-9-11-12-13-8-2-3-20-14-19-7-0-1-52-38-34-47-6-26-51-31,42.7279,33.8596,6.93083e-310
dense_64_18,0,1,2614306932,372.815,88248351,100000000,20-10-14-18-9-5-11-12-4-8-19-21-16-3-7-17-2-0-13-15-6-22-1-23-24-25-26-27-30-59-31-60-61-35-33-34-62-50-44-42-39-46-41-47-40-43-45-32-49-51-52-29-28-48-36-38-58-37-53-54-55-56-57-63,98.7479,274.067,0.0015663
dense_64_25,3,1,91902274,75.8541,16000153,100000000,20-10-21-18-22-19-17-23-11-13-5-9-8-3-2-0-14-24-25-27-30-35-28-26-7-29-16-12-59-31-36-33-4-60-61-51-50-44-40-41-49-42-43-39-38-48-52-45-46-37-62-6-32-15-53-54-55-56-57-58-1-34-63-47,58.7689,17.0851,0.00136009
dense_64_27,3,0,21139752,70.4742,14429901,100000000,2-3-10-7-18-4-5-6-11-14-8-9-19-20-0-13-17-21-22-23-24-25-26-27-30-59-60-61-51-35-33-50-44-49-40-41-34-48-47-62-63-52-53-12-32-39-38-36-58-31-45-15-43-42-46-37-57-56-16-29-55-54-1-28,59.2554,11.2188,6.93713e-310
dense_64_17,0,0,48721200,170.873,93432059,100000000,50-62-46-43-45-51-63-44-48-40-39-42-61-38-37-36-35-30-27-29-33-28-34-32-25-24-23-22-21-16-17-18-10-9-19-3-13-11-15-20-14-5-2-7-59-0-1-4-6-8-12-31-41-47-49-52-53-54-55-56-57-58-60-26,156.955,13.9182,6.93394e-310
dense_64_23,1,1,61368707,70.6389,30722145,100000000,40-44-50-39-41-42-45-46-43-62-63-49-51-52-53-54-55-56-57-58-59-30-27-31-32-33-34-29-25-60-35-36-28-61-48-47-24-38-23-22-21-20-19-7-17-6-14-15-5-10-2-18-16-9-3-8-0-1-37-26-11-13-12-4,56.0421,14.5968,0.00157755
dense_64_27,1,0,40765947,54.4558,30418689,100000000,10-18-3-5-7-2-4-11-6-14-8-20-19-9-21-22-23-24-25-26-13-27-30-59-60-61-35-33-51-34-50-44-40-49-41-32-48-47-42-62-63-43-39-38-52-53-46-45-29-17-0-1-36-54-55-56-57-31-58-37-15-12-16-28,41.3956,13.0601,6.94244e-310
dense_64_26,5,0,711236454,181.459,9262681,100000000,18-17-5-4-16-15-10-9-11-12-13-8-2-20-3-14-19-21-7-6-1-0-22-23-24-25-27-28-30-35-33-29-59-58-57-56-55-60-54-53-61-62-63-50-44-40-48-49-41-43-42-32-45-36-37-39-47-46-26-34-38-52-51-31,63.6256,117.833,6.89947e-310
dense_64_24,1,1,46445755,72.125,37858127,100000000,2-10-20-17-5-13-1-0-3-16-6-12-18-9-8-7-14-19-21-11-4-15-22-23-24-25-27-30-59-35-60-61-62-50-45-44-46-29-58-32-48-57-63-51-52-43-40-42-49-33-31-47-28-34-56-36-53-39-41-38-37-54-55-26,62.5543,9.57076,0.00135876
dense_64_26,3,1,329650701,138.657,16933264,100000000,44-48-40-41-50-49-62-63-61-60-59-58-57-56-55-30-27-25-28-35-33-54-53-24-23-29-36-37-39-43-42-32-45-51-46-26-38-22-21-16-17-18-5-4-15-3-2-9-8-10-11-12-13-14-20-19-0-7-47-6-34-1-52-31,80.6144,58.0426,0.00159587
dense_64_28,3,0,284851173,118.478,18200713,100000000,10-2-0-20-11-13-12-9-14-8-1-3-17-21-4-7-6-15-18-5-22-23-24-25-27-30-59-31-29-26-60-61-62-46-47-51-48-50-49-35-36-42-43-44-28-58-32-63-52-19-45-57-56-16-37-33-55-39-34-41-53-38-40-54,63.0881,55.3903,6.93999e-310
dense_64_28,1,0,199725684,104.362,38293136,100000000,10-20-14-9-2-11-13-1-0-12-17-8-3-4-5-6-18-7-19-21-16-22-23-24-25-27-30-29-59-31-26-35-36-60-61-62-46-47-51-48-50-42-49-44-43-28-32-45-39-58-57-56-55-52-15-37-41-63-40-33-34-38-53-54,60.6607,43.701,6.93697e-310
dense_64_27,5,0,48536196,48.3734,6136147,100000000,10-2-3-4-18-5-6-7-11-14-8-9-19-20-13-21-22-23-24-1-0-17-12-15-25-26-27-30-35-33-59-60-61-34-51-32-50-40-44-49-41-62-63-43-42-31-29-52-53-36-39-38-58-45-16-48-47-46-37-57-56-54-28-55,36.066,12.3075,6.92401e-310
dense_64_25,1,1,3418076,48.5499,37742926,100000000,20-10-18-19-5-9-21-17-22-11-13-8-23-14-7-24-25-27-30-35-28-26-29-3-16-2-0-12-32-33-59-31-4-6-60-61-51-50-44-40-42-43-49-41-52-39-38-45-62-46-48-36-1-53-37-54-55-56-57-15-34-47-58-63,43.0338,5.51616,0.00134525
dense_64_27,3,1,21131954,70.496,14257383,100000000,2-3-10-7-18-4-5-6-11-14-8-9-19-20-0-13-17-21-22-23-24-25-26-27-30-59-60-61-51-35-33-50-44-40-49-41-34-48-47-62-63-52-53-12-32-39-38-36-58-31-45-15-43-42-46-37-57-56-16-29-55-54-1-28,58.9701,11.5259,0.00143001
dense_64_29,1,0,100624860,59.8765,27467480,100000000,20-14-10-19-11-9-2-5-17-0-12-18-21-22-13-3-7-1-23-24-25-26-27-29-28-30-59-60-61-62-50-44-40-43-39-49-48-41-58-42-46-51-52-53-54-55-56-57-35-36-32-34-16-45-33-8-38-15-47-37-4-6-63-31,42.1767,17.6998,6.94993e-310
dense_64_18,0,0,470169202,226.136,93999585,100000000,20-14-10-18-9-5-11-4-12-8-19-2-0-3-7-21-16-13-17-1-6-15-22-23-24-25-26-27-30-59-31-60-61-32-33-34-35-62-50-44-42-46-39-47-41-40-43-29-45-51-52-28-36-37-38-48-49-53-54-55-56-57-58-63,121.351,104.785,6.90476e-310
dense_64_29,3,0,139111176,104.787,16422357,100000000,20-14-10-19-11-12-18-9-5-2-0-17-21-22-13-3-7-1-23-24-8-25-26-27-29-28-6-16-30-59-60-61-62-50-44-40-48-39-41-43-49-51-52-46-58-42-38-53-54-63-57-56-55-45-37-36-47-4-15-35-32-34-33-31,67.6891,37.0976,6.95086e-310
dense_64_26,1,1,156459743,70.1686,28151815,100000000,44-40-41-49-48-50-62-63-42-43-61-60-59-58-57-56-55-30-27-35-33-25-28-24-23-32-29-36-37-54-53-45-39-46-34-22-21-16-17-18-5-15-4-10-9-11-12-13-8-2-20-3-14-19-7-6-0-1-52-38-47-26-51-31,36.6497,33.5188,0.00160069
dense_64_28,5,0,516388484,140.066,8979814,100000000,10-13-14-11-20-9-12-2-1-0-17-8-18-7-19-21-6-3-4-5-15-16-22-23-24-25-27-30-29-31-59-26-28-60-61-62-46-47-48-51-50-49-42-35-36-44-43-32-58-45-63-52-41-57-56-33-37-40-39-34-55-53-38-54,38.5184,101.547,6.91148e-310
dense_64_28,3,1,282468352,115.951,17758926,100000000,10-2-0-20-11-13-12-9-14-8-1-3-17-21-4-7-6-15-18-5-22-23-24-25-27-30-59-31-29-26-60-61-62-46-47-51-48-50-49-35-36-42-43-44-28-58-32-63-52-19-45-57-56-16-37-33-39-55-34-41-53-38-40-54,60.5943,55.3571,0.00168829
dense_64_27,1,1,12512088,52.9887,29541803,100000000,10-18-3-5-7-2-11-4-6-14-8-20-19-9-21-22-23-24-13-25-26-17-27-30-35-59-60-61-33-51-34-50-44-40-41-49-32-48-47-42-43-39-38-62-63-52-53-45-46-29-12-15-31-0-1-36-58-54-55-56-57-37-16-28,46.0688,6.91984,0.00162685
dense_64_29,5,0,34323134,55.9307,7625439,100000000,14-19-20-10-11-9-2-5-12-17-0-18-13-7-21-22-3-1-15-8-16-6-4-23-24-25-26-27-29-28-30-59-60-61-62-50-40-43-44-49-41-48-39-42-58-46-45-51-52-38-47-63-53-54-57-56-37-36-55-35-32-34-33-31,44.0591,11.8716,6.91951e-310
dense_64_29,3,1,139111176,113.198,16191182,100000000,20-14-10-19-11-12-18-9-5-2-0-17-21-22-13-3-7-1-23-24-8-25-26-27-29-28-6-16-30-59-60-61-62-50-44-40-48-39-41-43-49-51-52-46-58-42-38-53-54-63-57-56-55-45-37-36-47-4-15-35-32-34-33-31,76.576,36.6219,0.00157178
dense_64_30,3,0,638647683,220.455,26429787,100000000,10-2-7-0-13-6-18-19-1-12-20-21-22-16-15-3-4-11-5-17-14-23-24-25-26-27-29-28-9-30-31-32-34-33-8-35-59-60-61-51-50-45-49-46-47-44-40-42-62-63-43-39-48-41-52-53-54-55-38-56-36-37-57-58,109.152,111.303,6.92229e-310
dense_64_28,1,1,220892489,117.707,37209443,100000000,10-20-14-9-2-11-13-1-0-12-17-8-18-3-4-5-6-7-19-21-16-15-22-23-24-25-27-30-29-59-31-26-35-36-28-60-61-62-46-47-51-48-50-42-49-44-43-45-39-41-32-58-57-56-55-52-37-63-40-33-34-38-53-54,67.6865,50.0204,0.00150775
dense_64_27,2,0,263393535,70.7025,5524614,100000000,18-10-5-3-7-11-6-4-14-2-8-20-19-9-13-21-22-23-24-17-12-15-25-26-1-16-27-30-35-59-60-61-51-33-34-50-44-40-49-41-32-62-63-42-43-48-47-52-53-45-31-0-36-39-38-29-58-46-37-54-28-55-56-57,35.6726,35.0299,6.92061e-310
dense_64_27,2,1,263393535,72.288,5514663,100000000,18-10-5-3-7-11-6-4-14-2-8-20-19-9-13-21-22-23-24-17-12-15-25-26-1-16-27-30-35-59-60-61-51-33-34-50-44-40-49-41-32-62-63-42-43-48-47-52-53-45-31-0-36-39-38-29-58-46-37-54-28-55-56-57,37.1007,35.1874,0.00147216
dense_64_29,1,1,107294755,55.3758,26767329,100000000,20-10-14-19-9-11-5-2-17-12-0-18-21-22-13-3-7-1-23-24-25-26-27-29-28-30-59-60-61-62-50-44-40-43-39-41-49-48-58-42-46-51-52-53-54-55-56-57-45-35-36-32-34-16-33-8-15-4-6-38-47-37-63-31,36.5937,18.7821,0.00139657
dense_64_26,5,1,719570758,181.305,9168900,100000000,18-17-5-4-16-15-10-9-11-12-13-8-2-20-3-14-19-21-7-6-1-0-22-23-24-25-27-28-30-35-33-29-59-58-57-56-55-60-54-53-61-62-63-50-44-40-41-49-48-43-42-32-45-39-36-37-47-46-26-34-38-52-51-31,58.676,122.629,0.00137279
dense_64_30,1,0,1945736551,426.142,38802363,100000000,10-7-2-18-19-1-0-13-6-12-5-4-20-21-16-15-22-14-3-17-11-23-24-25-26-27-29-28-30-9-35-32-34-33-31-8-59-60-61-62-50-46-45-40-42-47-49-44-63-43-51-39-41-48-52-53-54-55-36-37-38-56-57-58,66.9211,359.221,6.93569e-310
dense_64_27,5,1,48536196,51.5687,6096758,100000000,10-2-3-4-18-5-6-7-11-14-8-9-19-20-13-21-22-23-24-1-0-17-12-15-25-26-27-30-35-33-59-60-61-34-51-32-50-40-44-49-41-62-63-43-42-31-29-52-53-36-39-38-58-45-16-48-47-46-37-57-56-54-28-55,39.4669,12.1017,0.00131562
dense_64_20,0,1,34302034,147.962,86512737,100000000,20-9-19-5-17-4-10-11-14-18-21-3-7-2-1-0-13-16-12-15-6-8-22-23-24-25-27-29-30-59-60-35-32-61-51-50-44-40-42-45-39-46-48-52-53-38-37-54-55-43-62-63-41-49-33-31-28-34-36-47-58-56-57-26,138.224,9.73778,0.00148132
dense_64_30,3,1,638643830,230.764,26290544,100000000,10-2-7-0-13-6-18-19-1-12-20-21-22-16-15-3-4-11-5-17-14-23-24-25-26-27-29-28-9-30-31-32-34-33-8-35-59-60-61-51-50-45-49-46-47-44-40-42-62-63-43-39-41-48-52-53-54-55-38-56-36-37-57-58,119.929,110.835,0.00134231
dense_64_21,0,1,3209300,73.7484,89247732,100000000,20-14-18-9-19-21-3-13-16-10-5-7-17-2-0-11-12-15-4-6-8-22-1-23-24-25-27-30-59-31-32-33-58-35-36-29-28-34-60-61-62-50-40-42-45-39-41-51-52-53-38-54-63-44-43-46-47-49-48-37-55-56-57-26,68.4102,5.33825,0.00143098
dense_64_30,1,1,654909690,216.208,38368012,100000000,10-7-2-19-18-13-1-0-6-12-5-4-20-21-16-15-22-14-3-17-11-23-24-25-26-27-29-28-9-30-35-32-34-33-31-8-59-60-61-62-50-45-46-40-42-49-47-44-63-43-39-41-51-48-52-53-54-55-36-38-58-37-56-57,66.8044,149.403,0.00148277
dense_64_28,5,1,516388484,136.316,8935062,100000000,10-13-14-11-20-9-12-2-1-0-17-8-18-7-19-21-6-3-4-5-15-16-22-23-24-25-27-30-29-31-59-26-28-60-61-62-46-47-48-51-50-49-42-35-36-44-43-32-58-45-63-52-41-57-56-33-37-40-39-34-55-53-38-54,34.2875,102.029,0.00126544
dense_64_29,5,1,34323131,55.5313,7539098,100000000,14-19-20-10-11-9-2-5-12-17-0-18-13-7-21-22-3-1-15-8-16-6-4-23-24-25-26-27-29-28-30-59-60-61-62-50-40-43-44-49-41-48-39-42-58-46-45-51-52-38-47-63-53-54-57-56-37-36-55-35-32-34-33-31,43.692,11.8393,0.00143825
dense_64_28,2,0,2304475618,360.962,10225609,100000000,20-14-10-9-13-11-12-17-2-8-1-0-18-21-19-5-6-4-15-7-3-16-22-23-24-25-27-30-29-31-59-26-28-60-61-62-46-47-51-48-50-49-42-35-36-32-44-58-43-63-45-52-33-37-34-40-41-39-57-56-53-55-38-54,51.7091,309.253,6.9379e-310
dense_64_28,2,1,2304475555,357.848,10175100,100000000,20-14-10-9-13-11-12-17-2-8-1-0-18-21-19-5-6-4-15-7-3-16-22-23-24-25-27-30-29-31-59-26-28-60-61-62-46-47-51-48-50-49-42-35-36-32-44-58-43-63-45-52-33-37-34-40-41-39-57-56-53-55-38-54,51.0472,306.801,0.00155166
dense_64_29,2,0,21130781,56.8985,7761401,100000000,20-14-19-10-9-11-5-17-12-2-18-21-22-13-7-15-0-3-6-16-8-23-24-4-1-25-26-27-29-28-30-59-60-61-62-50-44-40-43-48-49-41-39-42-46-45-51-52-47-63-58-53-54-38-55-56-57-35-36-32-34-33-37-31,47.6561,9.24238,6.90918e-310
dense_64_29,2,1,21129612,55.9246,7713396,100000000,20-14-19-10-9-11-5-17-12-2-18-21-22-13-7-15-0-3-6-16-8-23-24-4-1-25-26-27-29-28-30-59-60-61-62-50-44-40-43-48-49-41-39-42-46-45-51-52-47-63-58-53-54-38-55-56-57-35-36-32-34-33-37-31,46.6613,9.26334,0.00141398
dense_64_20,0,0,97468436,158.932,93251711,100000000,20-9-19-5-17-4-10-11-14-18-2-1-0-3-7-21-13-16-6-8-12-15-22-23-24-25-27-29-30-59-60-35-32-33-61-51-50-44-40-42-45-46-39-52-53-38-37-54-55-48-43-62-63-28-31-34-36-41-47-49-56-57-58-26,144.529,14.4031,6.92807e-310
dense_64_22,0,1,1087246137,264.656,85341123,100000000,20-19-21-10-2-3-13-12-1-0-14-18-9-5-7-17-11-16-15-4-6-8-22-23-24-25-26-27-29-30-35-32-33-59-60-61-62-46-43-44-40-42-39-41-49-48-63-50-45-51-52-31-28-34-36-37-47-38-58-57-56-55-54-53,157.455,107.201,0.00141885
dense_64_30,2,0,501530493,168.743,18433576,100000000,10-18-7-19-2-13-1-0-12-6-20-21-16-22-15-5-4-14-3-17-11-9-8-23-24-25-26-27-29-28-30-35-32-34-33-31-59-60-61-62-50-45-46-42-49-40-47-44-63-43-51-41-48-39-52-53-54-55-38-36-56-37-58-57,59.1739,109.569,6.91079e-310
dense_64_30,2,1,501530493,166.315,18392283,100000000,10-18-7-19-2-13-1-0-12-6-20-21-16-22-15-5-4-14-3-17-11-9-8-23-24-25-26-27-29-28-30-35-32-34-33-31-59-60-61-62-50-45-46-42-49-40-47-44-63-43-51-41-48-39-52-53-54-55-38-36-56-37-58-57,57.1927,109.122,0.00138096
dense_64_23,0,1,2076851,75.0365,86238275,100000000,20-19-21-17-7-6-22-10-2-14-15-18-9-5-3-11-13-16-12-4-8-0-1-23-24-25-27-30-29-59-31-32-33-34-60-58-57-35-36-61-62-50-44-40-39-46-41-63-42-43-45-49-51-52-28-48-47-38-37-53-54-55-56-26,70.0102,5.02634,0.00141549
dense_64_24,0,1,5903268,78.0031,87425434,100000000,20-10-5-17-2-3-13-16-12-6-1-0-14-18-9-8-19-21-7-11-15-4-22-23-24-25-27-30-35-32-29-59-60-61-62-50-44-45-46-48-58-57-63-40-42-43-39-41-49-51-52-33-31-28-34-36-47-38-37-53-54-55-56-26,72.43,5.57316,0.00146765
dense_64_25,0,1,1625431107,228.456,91165473,100000000,20-10-18-9-19-5-21-17-13-11-8-22-23-14-3-7-2-0-16-12-15-4-6-24-25-27-30-35-28-26-32-29-33-59-31-34-60-61-62-50-44-40-42-43-41-49-45-39-38-46-51-52-48-36-47-58-1-37-53-54-55-56-57-63,71.0962,157.36,0.0013839
dense_64_26,0,1,15923973,116.873,84349359,100000000,44-40-41-49-48-50-62-63-42-43-45-39-46-51-61-60-59-58-57-56-55-30-35-27-33-25-28-32-29-31-34-36-37-47-24-23-22-21-16-17-18-5-15-4-20-9-8-10-2-13-11-12-14-19-3-7-6-38-52-53-0-1-54-26,110.311,6.56197,0.00146393
dense_64_22,0,0,89408274,137.27,91312549,100000000,20-19-21-10-2-3-13-12-1-0-14-18-5-9-7-11-16-17-4-6-8-15-22-23-24-25-26-27-29-30-35-32-33-59-60-61-62-46-43-44-40-42-39-41-49-48-63-50-45-51-52-28-31-34-36-37-38-47-53-54-55-56-57-58,121.226,16.0437,6.92083e-310
dense_64_23,0,0,1874869,108.3,92682098,100000000,20-19-21-7-17-6-22-10-2-14-15-18-5-9-3-11-13-16-0-1-4-8-12-23-24-25-27-30-29-59-31-32-33-60-34-58-57-35-36-61-62-50-44-40-46-39-41-63-42-43-45-51-52-28-37-38-47-48-49-53-54-55-56-26,103.424,4.87578,6.90596e-310
dense_64_27,0,1,197265292,142.445,85405725,100000000,10-18-5-3-7-2-11-14-6-4-8-20-9-19-21-22-23-24-17-13-16-25-26-27-30-35-33-59-34-60-61-51-50-44-40-41-49-42-43-45-39-38-46-47-62-63-32-29-12-15-31-28-48-36-52-53-58-0-1-37-54-55-56-57,110.624,31.8204,0.0013887
dense_64_24,0,0,5800366,111.178,94107968,100000000,20-10-5-2-3-17-16-13-6-12-1-0-14-18-9-8-19-7-21-11-4-15-22-23-24-25-27-30-35-32-29-59-60-61-62-50-44-46-45-48-58-57-63-40-42-43-33-39-51-52-28-31-34-36-37-38-41-47-49-53-54-55-56-26,105.589,5.58936,6.92763e-310
dense_64_28,0,1,182404332,132.092,86345172,100000000,20-10-14-9-17-2-13-11-12-8-1-0-18-19-5-6-4-21-3-7-16-15-22-23-24-25-27-30-29-59-31-26-35-36-32-33-28-34-60-61-62-46-51-47-48-50-42-49-44-40-43-45-39-41-38-52-58-37-53-54-55-56-57-63,107.966,24.1254,0.00133032
dense_64_29,0,1,1921585,86.9572,87529904,100000000,20-10-14-9-19-5-17-2-11-12-0-18-21-22-3-7-13-16-15-4-6-8-1-23-24-25-26-27-29-28-30-35-36-32-34-33-59-60-61-62-58-50-44-40-43-39-41-49-48-42-45-46-51-52-31-47-38-37-53-54-55-56-57-63,81.8874,5.06984,0.00136755
dense_64_30,0,1,160202992,125.15,85322889,100000000,10-18-19-7-2-13-12-6-1-0-20-21-16-15-22-14-9-5-4-3-17-11-8-23-24-25-26-27-29-28-30-35-32-34-33-59-31-60-61-62-50-40-42-45-46-49-47-63-44-43-39-41-51-48-36-38-52-53-54-58-37-55-56-57,83.1672,41.9829,0.00143702
dense_64_26,0,0,2105198276,279.075,89722362,100000000,44-40-41-49-48-50-62-63-42-43-46-39-45-51-61-60-59-58-57-56-55-30-35-27-25-33-28-32-29-24-23-22-21-16-17-18-5-15-4-20-9-8-10-2-13-11-12-14-19-3-7-0-1-6-31-34-36-37-38-47-52-53-54-26,76.1086,202.966,6.94213e-310
dense_64_27,0,0,879490799,243.182,91298851,100000000,44-40-41-49-50-51-61-60-59-30-35-33-34-42-27-32-43-46-47-62-63-25-24-23-22-26-21-14-11-10-18-5-2-3-7-4-6-8-20-9-19-13-16-17-29-39-38-45-0-1-12-15-28-31-36-37-48-52-53-54-55-56-57-58,75.3933,167.788,6.91438e-310
dense_64_28,0,0,159372692,106.873,92129444,100000000,20-14-10-9-2-17-13-11-12-1-8-0-18-5-4-6-19-3-7-21-16-15-22-23-24-25-27-30-29-59-31-26-32-35-36-33-28-34-37-38-39-42-44-49-48-47-46-62-61-51-50-40-43-45-41-52-53-54-55-56-57-58-60-63,82.5446,24.3289,6.92254e-310
dense_64_29,0,0,1889531,72.381,92540810,100000000,20-14-10-9-19-5-2-17-11-12-0-18-3-7-21-22-13-16-1-4-6-8-15-23-24-25-26-27-29-28-30-35-36-32-34-33-59-60-61-62-58-50-44-40-43-39-41-49-48-42-46-45-51-52-31-37-38-47-53-54-55-56-57-63,67.3971,4.98394,6.92488e-310
