dense_64_1,2,0,95681061,38.216,333512,100000000,20-16-29-18-10-12-23-54-55-39-36-41-14-44-49-19-53-21-24-31-38-28-35-11-32-3-25-22-30-51-37-17-50-52-15-33-56-59-62-58-63-27-42-13-40-60-57-61-4-7-9-1-43-6-8-45-46-47-48-26-34-5-2-0,0.432755,37.7832,6.95115e-310
dense_64_3,5,0,1472594332,296.938,1706296,100000000,13-52-41-21-15-1-28-5-30-47-8-43-40-42-46-20-10-36-25-26-50-23-33-6-39-14-18-48-38-16-29-54-9-35-55-53-37-0-4-31-51-11-17-32-19-56-57-58-59-61-44-24-22-49-34-2-3-27-7-60-12-45-62-63,0.43244,296.505,6.90165e-310
dense_64_3,0,0,1756746058,341.733,1963840,100000000,13-52-21-15-1-5-28-30-40-41-42-43-8-46-47-20-6-10-18-23-25-26-33-36-50-14-39-48-0-4-9-11-16-17-29-31-32-35-38-51-54-55-56-57-58-59-61-19-22-24-37-44-49-53-2-3-7-12-27-34-60-45-62-63,0.149452,341.584,6.92497e-310
dense_64_5,2,0,2037436365,418.135,234817,100000000,19-31-32-49-25-2-23-39-27-28-9-21-51-4-56-3-0-58-40-12-16-45-33-50-24-26-22-10-6-30-29-7-35-52-53-57-13-15-46-14-5-11-44-43-55-59-60-41-1-42-34-61-62-48-20-54-47-17-8-36-63-38-37-18,0.301508,417.833,6.92148e-310
dense_64_5,2,1,571019086,134.771,229198,100000000,19-31-32-49-25-2-23-27-28-39-9-21-51-4-0-56-3-58-40-12-16-45-33-50-24-26-22-10-6-7-29-30-35-52-53-57-13-15-46-14-5-44-43-41-11-55-59-60-1-42-48-34-61-62-54-20-47-17-8-36-63-38-37-18,0.392523,134.378,0.00117647
dense_64_7,2,1,34918498,14.9772,200097,100000000,36-39-38-23-22-13-46-43-45-24-48-37-11-27-40-31-61-57-33-42-53-16-12-25-21-50-28-14-17-15-29-10-4-5-6-55-30-19-9-3-47-62-26-58-8-60-56-32-51-20-44-18-35-2-1-41-52-34-54-59-7-49-0-63,0.302424,14.6747,0.00111029
dense_64_7,5,0,1369401247,246.676,1600544,100000000,31-40-39-36-38-48-23-22-13-11-24-27-62-53-46-61-33-57-43-30-42-50-9-17-14-25-28-8-6-19-4-3-47-60-32-56-58-37-45-35-55-44-12-16-21-15-10-51-29-5-26-41-52-34-18-20-2-1-54-59-49-63-7-0,0.440286,246.235,6.93105e-310
dense_64_8,5,0,101672010,16.506,1458278,100000000,7-34-35-2-4-1-30-10-23-24-0-8-12-37-20-5-27-28-19-17-36-11-25-3-21-22-26-6-33-29-32-9-58-55-53-57-45-47-43-50-48-60-49-46-62-63-41-59-14-38-39-42-44-51-16-40-13-18-52-61-54-15-31-56,0.335729,16.1702,6.92121e-310
dense_64_9,2,1,67864704,12.8355,233392,100000000,13-23-22-47-61-19-50-27-32-29-33-20-35-15-52-3-49-26-17-21-16-6-5-38-14-57-54-4-12-31-53-39-30-24-62-43-9-28-46-48-10-2-60-7-37-36-34-11-51-40-25-0-1-44-41-56-42-55-18-58-63-8-45-59,0.22078,12.6147,0.000862573
dense_64_9,2,0,6915375,10.0927,241573,100000000,13-23-20-19-61-47-22-50-27-15-32-29-35-33-3-52-49-26-17-21-16-14-6-5-57-54-38-4-12-53-31-62-24-43-9-30-39-46-10-48-60-7-2-28-37-11-36-34-51-25-1-0-40-44-41-56-42-55-18-58-63-8-45-59,0.279918,9.81274,6.92841e-310
dense_64_8,5,1,2664095457,309.924,1065727,100000000,7-34-35-2-4-1-10-23-24-30-5-36-3-21-22-27-28-8-0-12-20-37-17-19-11-25-26-33-29-32-14-16-6-13-9-58-55-53-57-45-47-43-50-48-49-46-62-63-60-42-39-44-59-61-51-41-38-54-18-52-40-15-31-56,0.389588,309.535,0.00122731
dense_64_8,0,1,2650279869,390.151,1119835,100000000,7-34-35-2-4-1-10-23-24-30-5-36-3-21-22-27-28-8-0-12-20-37-17-19-11-25-26-29-32-33-16-14-13-6-9-58-55-53-57-45-47-43-50-48-49-46-62-63-60-42-39-44-59-61-38-18-54-40-51-52-41-15-31-56,0.139491,390.012,0.00107479
dense_64_11,5,0,42210879,19.1991,1574196,100000000,1-55-51-5-38-13-15-53-61-36-59-39-52-35-44-46-14-29-11-47-50-18-60-28-24-23-19-42-37-58-21-41-12-32-48-43-3-26-49-31-33-6-4-10-54-56-45-34-17-16-22-57-9-8-25-7-0-2-20-40-62-63-30-27,0.411659,18.7875,6.91332e-310
dense_64_9,4,0,2760803897,409.445,393890,100000000,13-23-20-19-61-47-52-57-17-26-27-22-32-29-35-33-15-21-14-16-49-54-31-24-12-43-62-3-6-5-4-9-10-38-7-2-50-60-37-0-53-39-46-56-30-44-48-28-41-40-51-11-42-34-36-1-25-18-58-63-8-55-59-45,0.141254,409.303,6.95136e-310
dense_64_11,5,1,7247959,10.8404,1336548,100000000,13-38-15-5-51-59-36-39-53-55-1-11-47-50-61-46-52-14-18-35-60-44-29-28-19-24-43-32-37-23-54-56-12-48-49-31-58-41-42-21-57-6-33-3-26-4-10-45-17-16-34-22-9-8-25-7-40-0-2-20-62-63-30-27,0.392068,10.4483,0.00121441
dense_64_11,0,0,90490560,29.9647,1976539,100000000,1-55-51-5-38-13-15-53-36-39-59-61-11-14-29-28-24-23-35-44-46-47-50-52-18-60-6-12-16-17-19-21-22-32-34-37-41-42-45-48-54-56-58-3-4-7-8-9-10-25-26-31-33-43-49-57-0-2-20-27-40-62-63-30,0.197035,29.7677,6.90894e-310
dense_64_11,0,1,55665697,22.578,1428270,100000000,1-55-51-5-38-13-15-59-36-39-53-11-47-50-61-46-52-14-18-35-60-44-29-28-19-24-43-23-37-54-56-32-12-48-58-31-49-21-42-41-57-3-26-6-33-4-10-45-16-17-22-34-9-8-25-7-0-2-20-40-62-63-27-30,0.19273,22.3852,0.00120753
dense_64_13,2,1,1337200039,268.107,210763,100000000,4-28-49-24-16-20-52-31-38-6-39-45-10-54-37-33-41-43-13-2-23-29-30-15-50-21-27-53-19-51-42-44-40-46-11-5-9-12-47-22-62-32-0-25-7-8-48-56-57-3-34-35-26-18-14-17-63-61-55-58-59-60-1-36,0.254937,267.852,0.00147616
dense_64_14,2,1,31750815,16.3696,225884,100000000,4-33-30-36-49-14-26-31-1-48-24-42-43-10-62-37-38-32-34-35-13-5-47-11-51-56-58-41-40-12-21-20-19-23-3-54-44-25-50-39-2-22-17-52-59-61-18-55-53-6-28-46-29-7-8-9-45-27-57-15-60-0-16-63,0.386454,15.9831,0.00124839
dense_64_13,2,0,1887311260,353.374,221145,100000000,4-28-49-24-16-20-52-31-38-39-6-10-45-37-13-33-54-2-29-30-41-43-23-15-50-21-27-53-40-46-19-51-11-44-5-9-12-42-47-22-32-62-25-0-7-8-56-57-48-35-34-3-18-26-14-17-63-61-55-58-59-60-1-36,0.343338,353.03,6.90552e-310
dense_64_14,2,0,195560451,56.7377,241823,100000000,4-33-30-36-49-14-26-31-1-48-24-42-43-10-62-32-13-11-5-47-37-38-12-51-56-58-3-34-35-40-21-20-19-23-54-44-25-2-41-50-39-17-22-18-6-52-59-61-28-55-53-46-29-7-8-9-45-27-57-15-60-0-16-63,0.392797,56.3449,6.94818e-310
dense_64_16,2,1,122239396,16.476,292861,100000000,11-32-6-1-2-18-14-53-49-19-33-54-28-21-5-7-8-9-10-13-27-37-29-15-20-34-39-57-26-24-55-46-22-48-58-59-44-38-50-31-52-43-0-12-4-16-42-17-35-56-45-40-47-41-36-30-51-61-3-23-60-25-62-63,0.291144,16.1848,0.00120402
dense_64_16,2,0,86956181,16.3135,320010,100000000,11-32-6-2-19-1-18-14-21-53-49-33-54-28-37-7-8-9-10-13-29-27-20-5-15-39-26-24-55-46-34-22-57-58-59-38-48-44-50-31-0-43-52-42-4-35-16-12-17-45-56-47-40-36-41-61-30-51-23-3-60-25-62-63,0.259301,16.0542,6.9094e-310
dense_64_14,5,1,671275614,72.5685,1233920,100000000,4-33-30-36-49-14-26-1-48-62-31-42-24-43-54-10-34-35-37-38-41-51-56-58-32-21-20-23-50-52-59-61-5-47-12-22-40-25-44-53-55-39-6-28-3-11-13-46-29-17-2-19-7-8-9-45-18-27-57-60-15-0-63-16,0.272705,72.2958,0.00126308
dense_64_14,0,1,673701366,72.412,1327621,100000000,4-33-30-36-49-14-26-1-48-62-31-42-24-43-10-54-34-35-37-38-41-51-56-58-32-21-20-23-50-52-59-61-5-47-22-12-40-25-44-53-55-39-6-28-11-13-3-46-29-19-17-2-7-8-9-45-18-27-57-60-15-0-63-16,0.141857,72.2701,0.00125905
dense_64_18,2,1,454986683,65.1254,255937,100000000,3-19-23-26-57-35-38-31-39-22-13-20-30-17-11-24-25-40-53-2-59-56-4-16-42-0-14-54-1-34-32-37-60-61-12-10-15-29-27-21-5-6-8-52-45-58-49-33-55-18-51-9-28-48-50-44-36-46-47-41-62-43-7-63,0.26101,64.8644,0.00112335
dense_64_18,2,0,92881388,17.2629,273149,100000000,3-19-23-26-57-39-35-38-31-22-13-17-20-11-40-30-2-53-59-56-24-4-25-16-42-14-0-54-1-34-60-61-32-37-12-10-15-29-5-6-21-27-8-52-45-33-49-18-58-55-51-9-48-28-50-44-36-41-46-47-62-43-7-63,0.234758,17.0282,6.93361e-310
dense_64_16,5,1,108789653,14.4488,1334837,100000000,11-14-6-2-19-18-15-1-5-32-49-53-28-7-8-9-10-33-54-13-57-21-22-24-27-58-37-42-55-46-59-4-50-52-29-44-48-43-0-31-34-40-56-16-17-38-20-39-41-26-35-12-45-47-61-62-30-51-3-36-23-60-25-63,0.279925,14.1689,0.00117859
dense_64_16,0,1,116558786,15.1601,1432128,100000000,11-14-6-2-19-18-15-1-5-32-49-53-28-7-8-9-10-33-54-13-57-21-22-24-27-58-37-55-42-46-59-44-48-4-29-50-52-43-34-0-31-40-56-39-38-16-17-20-41-26-12-45-47-35-61-62-30-51-36-3-23-60-25-63,0.1425,15.0176,0.00390947
dense_64_20,2,1,32174,0.246143,282566,0,18-26-29-15-28-11-16-10-25-21-30-33-23-19-20-22-31-24-13-61-60-5-8-1-9-37-38-55-53-58-27-51-47-49-50-48-7-45-40-59-57-52-32-62-35-44-34-41-36-17-12-3-14-54-56-39-43-2-6-46-42-0-63-4,0.240217,0.00592596,0.00246269
dense_64_21,2,1,59372,0.286822,320652,0,36-33-45-38-52-51-7-37-19-35-50-46-16-32-39-61-27-59-53-30-41-1-17-31-63-48-26-20-62-25-15-18-58-22-6-4-28-43-60-49-2-3-44-29-40-0-8-9-57-10-34-21-55-54-14-11-56-47-5-42-23-24-12-13,0.278064,0.00875792,0.00190311
dense_64_17,5,1,509687203,131.084,1253628,100000000,7-37-35-1-47-21-5-34-32-4-15-19-61-33-30-6-8-9-20-26-39-41-42-43-44-45-14-27-38-40-12-56-49-50-51-48-24-59-10-23-25-3-31-11-57-58-18-16-60-28-29-17-0-52-53-55-36-2-54-22-46-62-63-13,0.259018,130.825,0.00113035
dense_64_17,5,0,67112755,16.5145,1643650,100000000,7-37-35-1-47-21-5-32-34-61-33-4-30-12-15-19-56-24-59-6-8-9-10-20-26-49-50-51-3-14-27-39-41-42-43-44-45-48-31-38-40-23-25-11-18-57-58-60-28-29-17-16-0-52-53-55-36-2-54-22-46-62-63-13,0.291953,16.2225,6.90212e-310
dense_64_17,0,1,509685462,131.851,1372957,100000000,7-37-35-1-47-21-5-34-32-4-15-19-61-33-30-6-8-9-20-26-39-41-42-43-44-45-14-27-38-40-12-56-49-50-51-59-48-24-10-23-25-3-11-57-58-31-18-17-60-28-29-16-0-52-53-55-36-2-54-22-46-62-63-13,0.134182,131.717,0.00340656
dense_64_18,5,0,1094153572,105.919,1591217,100000000,13-54-57-3-23-26-56-19-30-11-39-35-24-31-38-17-22-40-34-45-20-59-49-29-10-14-27-16-48-8-6-60-61-25-4-2-12-53-51-42-52-1-32-37-33-55-58-28-46-47-9-50-5-0-21-15-18-44-36-41-62-43-7-63,0.322174,105.597,6.94479e-310
dense_64_19,5,0,16863893,7.60259,1682281,100000000,10-11-13-24-25-19-4-21-22-27-28-20-26-41-44-15-23-37-33-35-36-29-9-17-14-45-46-8-3-1-40-42-18-38-50-51-52-53-54-58-56-59-60-62-55-57-34-61-16-31-32-63-30-5-6-7-39-12-47-48-43-49-0-2,0.296569,7.30602,6.90994e-310
dense_64_20,5,0,49702028,12.5724,1683199,100000000,18-26-29-11-15-16-28-33-10-30-25-21-31-19-23-13-37-38-61-60-5-8-1-51-47-45-49-20-22-35-7-59-24-27-9-55-53-58-62-32-34-50-48-40-3-52-57-36-44-41-12-17-2-6-39-43-54-56-46-0-42-14-63-4,0.310734,12.2616,6.94892e-310
dense_64_21,5,0,210889862,28.3606,1539263,100000000,33-36-45-19-16-7-46-52-50-22-1-41-37-35-38-51-39-61-27-59-58-30-32-6-4-20-15-53-17-62-26-28-0-2-3-57-55-18-8-9-10-48-63-14-11-21-25-43-44-31-54-49-40-60-29-34-56-5-12-13-23-24-47-42,0.310442,28.0502,6.91171e-310
dense_64_14,4,1,1270569611,208.021,348576,100000000,4-33-30-36-49-14-26-31-1-24-48-42-43-5-47-3-62-17-2-34-35-37-38-18-19-20-54-10-11-13-51-56-58-41-32-21-23-52-59-61-40-50-25-44-22-53-55-12-39-6-28-46-29-7-8-9-45-27-57-15-0-60-16-63,0.140965,207.88,0.00320976
dense_64_20,2,0,35336,0.21491,292199,0,18-26-29-15-28-11-16-25-10-21-30-33-23-19-20-22-31-24-13-61-60-5-8-1-37-38-9-55-53-58-51-47-49-50-48-45-27-7-40-59-57-52-32-35-62-44-41-34-36-17-12-3-54-56-14-39-43-2-6-46-42-0-63-4,0.208674,0.00623639,6.92584e-310
dense_64_21,2,0,64649,0.25594,336434,0,36-33-45-38-52-51-7-37-19-46-35-16-50-39-61-32-27-59-30-41-53-17-1-63-31-48-26-62-25-58-20-22-15-18-6-4-28-43-60-44-29-49-40-2-3-8-9-57-0-10-34-21-55-54-14-11-56-47-5-42-23-24-12-13,0.246647,0.00929304,6.91126e-310
dense_64_19,5,1,17814506,6.99618,1417619,100000000,10-24-13-25-19-4-21-22-28-27-20-26-41-11-36-44-14-15-23-40-33-35-45-46-29-37-3-1-18-9-17-8-34-42-38-50-51-52-53-54-58-56-59-55-57-60-62-61-63-16-31-32-30-5-6-7-39-12-47-48-43-49-0-2,0.272529,6.72365,0.00226533
dense_64_20,5,1,8807058,6.57094,1331768,100000000,26-18-29-15-11-28-16-33-30-10-25-21-31-19-23-20-13-22-24-27-61-60-5-8-1-51-47-45-7-59-37-38-55-53-58-35-52-57-49-9-32-48-50-62-34-44-36-40-3-41-12-17-14-2-6-54-56-39-43-46-0-63-42-4,0.276785,6.29415,0.00268224
dense_64_21,5,1,9706974,6.18736,1193696,100000000,36-33-45-7-52-19-16-50-46-38-51-37-35-32-1-27-41-22-39-61-59-58-30-53-20-15-6-4-17-62-26-18-0-2-3-8-9-63-10-55-21-48-60-28-57-44-31-49-54-11-43-40-14-29-25-34-56-5-47-12-13-23-24-42,0.281875,5.90549,0.00200888
dense_64_19,0,1,5050088,5.86696,1502859,100000000,10-24-13-25-19-4-21-22-28-27-20-26-41-11-36-44-14-15-23-40-33-35-45-46-37-29-3-1-9-17-34-8-18-42-38-50-51-52-53-54-58-56-59-55-57-60-62-61-63-16-31-32-30-5-6-7-39-47-48-0-2-12-43-49,0.140111,5.72685,0.0022628
dense_64_20,0,1,13022227,6.8409,1457246,100000000,26-18-29-15-11-28-16-33-30-10-25-21-31-19-23-20-13-22-24-27-61-60-5-8-1-51-47-45-7-59-37-38-55-53-58-35-52-57-49-9-48-50-32-34-44-40-36-62-3-41-12-2-6-17-39-43-54-56-46-14-4-63-0-42,0.139185,6.70172,0.00270558
dense_64_21,0,1,8469795,5.93831,1292648,100000000,36-33-45-7-52-19-16-50-38-51-46-37-35-32-1-27-41-22-39-61-59-58-53-30-20-15-6-4-17-62-18-26-0-2-3-8-9-63-55-21-10-48-28-57-60-54-11-43-31-44-49-14-25-40-29-34-56-12-13-5-23-24-47-42,0.139848,5.79846,0.00208441
dense_64_17,0,0,446167787,62.5346,2269924,100000000,7-37-35-1-47-21-5-32-34-61-4-12-15-30-33-19-24-56-59-3-6-8-9-10-11-18-17-20-23-25-26-39-41-42-43-44-45-49-50-51-57-58-14-16-27-31-38-40-48-60-0-22-28-29-36-46-52-53-55-62-63-2-13-54,0.147302,62.3873,6.94339e-310
dense_64_19,0,0,10213738,7.0053,2174670,100000000,10-11-13-24-25-19-4-21-22-27-28-20-26-41-3-1-8-15-18-23-33-34-35-36-37-40-42-44-9-14-17-29-38-45-46-50-51-52-53-54-58-56-59-60-62-55-57-61-63-0-2-5-6-7-12-16-31-32-39-43-47-48-30-49,0.145603,6.85969,6.92114e-310
dense_64_20,0,0,52222425,12.3529,1924516,100000000,18-26-29-11-15-16-28-33-10-30-25-21-31-13-19-23-37-38-61-60-5-8-1-35-51-47-45-49-7-20-22-59-3-9-24-27-32-34-36-40-48-50-55-53-58-62-41-44-52-57-2-4-6-12-14-17-39-43-46-54-56-63-0-42,0.144084,12.2088,6.93916e-310
dense_64_21,0,0,281092917,32.3639,1787969,100000000,33-36-45-19-16-7-46-52-1-22-41-50-37-27-35-30-38-39-61-51-58-59-32-6-4-15-20-17-26-53-62-0-2-3-8-9-10-11-14-18-21-25-28-31-43-48-54-55-57-63-29-40-44-49-60-12-13-23-24-34-56-5-42-47,0.145579,32.2183,6.91043e-310
dense_64_25,2,1,1397475427,210.978,255711,100000000,25-22-14-18-23-20-19-40-41-47-50-51-42-21-0-1-2-7-6-4-8-45-46-28-26-16-24-5-53-48-63-54-27-3-29-12-9-30-56-13-34-49-37-31-11-60-57-44-58-61-62-38-15-17-10-43-36-33-55-35-32-52-59-39,0.219924,210.758,0.00217289
dense_64_26,2,1,37924,0.264873,438222,0,18-21-16-32-23-22-19-20-17-33-34-27-26-28-24-35-29-3-25-4-15-2-48-47-38-57-58-36-37-63-39-9-8-1-5-62-30-31-14-13-11-10-49-51-53-54-55-56-40-42-43-44-45-46-52-60-61-0-59-6-7-12-41-50,0.25963,0.00524252,0.00240163
dense_64_17,4,1,3240624912,576.745,306166,100000000,7-37-35-1-47-21-5-34-4-15-6-8-9-20-26-39-41-42-43-44-45-32-30-61-12-19-23-25-14-27-38-40-18-17-24-33-49-50-51-56-59-57-48-10-3-11-31-58-16-60-28-29-0-52-53-55-36-22-46-62-63-2-54-13,0.11224,576.633,0.00309805
dense_64_17,1,1,2758934997,513.447,970930,100000000,7-37-35-1-47-21-5-34-4-15-6-8-9-20-26-39-41-42-43-44-45-32-30-19-61-12-14-27-38-40-23-25-18-17-24-33-56-59-57-49-50-51-48-10-3-31-11-58-60-16-28-29-0-52-53-55-2-54-36-22-46-62-63-13,0.181009,513.266,0.00157718
dense_64_17,3,1,3210529151,572.159,317234,100000000,7-37-35-1-47-21-5-4-15-34-6-8-9-20-26-39-41-42-43-44-45-32-30-61-12-19-23-25-14-27-40-38-18-17-24-33-49-50-51-56-59-57-48-10-3-58-31-16-60-28-29-0-52-53-55-22-36-62-63-46-2-54-11-13,0.110733,572.048,0.00263847
dense_64_26,5,0,30779527,9.10291,1870238,100000000,23-17-18-21-16-19-20-22-32-33-24-26-28-27-35-15-34-25-29-3-4-5-9-38-37-48-2-36-47-57-58-63-39-49-62-8-10-11-1-14-13-40-30-31-51-53-54-55-56-42-43-44-45-46-52-60-61-6-7-59-12-0-41-50,0.296087,8.80682,6.92034e-310
dense_64_18,3,1,2072682464,292.285,432803,100000000,3-19-23-26-31-38-57-35-17-22-13-39-40-20-53-11-42-2-4-59-16-0-14-1-25-15-54-30-45-34-10-29-24-56-12-32-37-60-61-8-6-51-33-21-52-5-18-55-58-44-36-41-27-46-47-9-28-62-49-48-43-50-63-7,0.165511,292.12,0.00282163
dense_64_25,2,0,3790853369,554.43,262763,100000000,25-22-14-18-23-20-40-41-47-50-42-51-19-21-0-1-2-7-6-4-8-28-26-53-5-63-45-46-48-16-24-54-27-29-12-9-30-3-56-34-13-49-31-11-44-37-60-58-61-57-62-38-15-17-10-43-33-36-55-35-32-52-59-39,0.193488,554.236,6.90056e-310
dense_64_26,2,0,50575,0.233491,442899,0,23-32-18-21-16-22-19-20-33-17-34-27-26-28-24-35-3-29-4-25-2-48-47-38-57-58-37-36-63-39-15-9-8-1-5-62-30-31-14-13-11-10-49-51-53-54-55-56-40-42-43-44-45-46-52-60-61-0-59-6-7-12-41-50,0.224813,0.00867818,6.90549e-310
dense_64_26,5,1,2449196,5.54905,1659221,100000000,23-17-21-18-16-19-20-22-32-33-34-24-26-28-27-15-25-29-35-3-4-9-38-5-37-48-36-2-47-57-58-8-63-39-10-11-14-49-62-13-1-30-31-40-51-53-54-55-56-42-43-44-45-46-52-60-61-6-7-12-59-0-41-50,0.280746,5.26831,0.00238162
dense_64_27,5,0,2504561426,418.642,1327516,100000000,1-21-17-7-28-31-13-9-50-14-42-46-55-37-51-11-40-43-56-22-39-10-35-5-8-19-20-47-27-58-49-4-6-36-25-63-59-2-18-23-54-29-53-45-38-52-12-57-26-62-30-32-33-44-60-0-48-24-61-34-15-16-3-41,0.276563,418.366,6.90031e-310
dense_64_27,5,1,139936043,22.9674,1096341,100000000,1-21-17-7-28-31-13-9-50-42-14-55-46-37-56-10-35-8-51-40-43-19-20-47-27-58-11-22-18-23-29-30-32-33-5-49-39-53-4-6-36-25-63-59-2-54-45-38-57-52-12-26-62-44-60-0-48-24-34-61-15-16-3-41,0.248523,22.7189,0.00508658
dense_64_26,0,1,2432652,5.50677,1737305,100000000,23-17-21-18-16-19-20-22-32-33-34-24-26-28-27-15-25-29-35-3-4-9-38-5-37-48-36-47-2-57-58-8-63-39-10-11-49-62-13-14-1-40-30-31-51-53-54-55-56-42-43-44-45-46-52-60-61-6-7-12-0-41-59-50,0.145998,5.36077,0.00236746
dense_64_27,0,1,144487923,23.1356,1196478,100000000,1-21-17-7-28-31-13-9-50-42-14-55-46-37-56-10-35-8-51-40-43-19-20-47-27-58-11-18-23-22-29-30-32-33-49-5-39-53-4-6-36-25-59-63-2-54-12-38-45-52-57-26-62-44-0-48-60-24-61-34-15-16-41-3,0.127972,23.0076,0.00400037
dense_64_20,4,1,51913431,6.83538,396934,0,26-18-29-28-16-33-30-10-25-21-19-23-24-15-13-11-61-60-5-8-1-55-53-58-37-38-20-9-22-40-7-52-57-31-51-47-49-45-48-50-27-59-35-32-34-62-36-3-44-41-17-2-6-54-56-39-43-14-46-0-42-12-63-4,0.144174,6.69121,0.00233772
dense_64_21,4,1,63734124,8.87888,487870,0,36-33-7-45-19-16-38-51-50-35-46-52-27-37-41-39-61-59-30-32-63-48-31-17-26-25-1-22-53-20-15-58-6-4-18-62-0-2-3-8-9-55-10-28-57-60-43-49-44-29-40-34-56-21-54-11-5-47-14-42-23-24-12-13,0.194511,8.68437,0.00187121
dense_64_20,3,1,113301103,16.1997,407700,0,26-18-29-28-16-10-30-33-25-19-23-21-24-11-13-15-61-60-5-8-1-37-38-55-53-58-20-9-22-40-7-52-57-31-51-47-49-45-48-50-27-59-32-62-34-36-3-44-41-35-17-2-6-39-43-14-54-56-46-0-42-12-63-4,0.137772,16.0619,0.00268131
dense_64_21,3,1,6379913,0.891272,526067,0,36-33-7-45-19-16-38-51-35-50-46-52-27-41-39-61-59-30-37-32-63-48-31-26-25-17-1-22-53-20-15-58-6-4-18-62-8-9-55-10-28-57-60-43-49-44-40-29-0-2-3-34-56-21-54-5-47-42-11-14-23-24-12-13,0.188183,0.703089,0.00197881
dense_64_20,1,1,3145745,0.648714,1120161,0,26-18-29-28-16-33-30-10-25-21-19-23-24-20-22-37-38-61-60-5-8-1-55-53-58-15-13-11-9-7-40-52-57-31-51-47-45-49-48-50-59-27-35-32-44-34-36-62-3-41-12-2-6-17-39-43-54-56-0-42-46-14-4-63,0.173413,0.4753,0.00270392
dense_64_21,1,1,17687694,2.88076,1063316,0,36-33-7-45-19-16-38-51-50-35-52-46-27-37-32-59-61-41-39-30-63-48-31-17-26-25-1-22-58-53-20-15-6-4-62-18-0-2-3-8-9-55-10-21-60-28-57-44-11-54-43-49-40-29-14-34-56-5-12-13-23-24-47-42,0.196542,2.68422,0.00208178
dense_64_29,5,1,1177339883,150.319,1364153,100000000,1-10-5-17-8-19-34-22-21-14-44-26-29-3-20-6-31-0-13-38-28-42-35-45-46-56-61-60-58-62-63-23-27-40-11-39-43-9-7-15-24-37-57-59-16-30-48-36-25-2-49-50-41-18-47-54-55-12-4-32-33-51-52-53,0.274488,150.045,0.00238628
dense_64_29,0,1,1186591471,151.894,1463300,100000000,1-10-5-17-8-19-34-22-21-14-44-26-29-3-20-6-31-0-13-38-28-42-35-45-46-56-61-60-58-62-63-23-27-40-11-39-43-9-15-24-7-37-57-59-48-16-30-36-25-2-49-50-41-47-54-55-18-32-33-51-52-53-12-4,0.141508,151.752,0.00241329
dense_64_30,5,1,411363867,111.593,1303589,100000000,1-10-18-36-21-4-33-2-24-41-50-17-54-7-30-8-9-20-22-23-26-27-0-19-28-29-40-53-34-35-56-3-25-42-49-57-6-11-13-39-59-12-31-32-51-52-38-16-55-60-61-62-5-43-44-45-46-48-47-37-14-58-15-63,0.246638,111.346,0.00449914
dense_64_30,0,1,414959262,112.923,1419915,100000000,1-10-18-36-21-4-33-2-24-41-50-17-54-7-30-8-9-20-22-23-26-27-0-19-28-29-40-53-34-35-56-57-3-6-25-42-49-39-59-11-13-12-51-52-32-31-38-60-61-16-55-62-5-43-44-45-46-48-47-14-37-63-15-58,0.131483,112.792,0.00392075
dense_64_29,5,0,4090332442,405.162,1678648,100000000,1-10-5-17-8-19-34-22-26-21-20-31-3-14-29-44-38-35-6-13-0-23-27-40-15-24-45-46-56-61-60-58-28-42-39-43-11-7-16-48-9-25-37-36-30-62-63-57-59-2-49-50-41-47-54-55-18-12-4-32-33-51-52-53,0.301048,404.861,6.9484e-310
dense_64_20,3,0,5398886474,451.324,456276,0,18-26-29-28-16-10-33-30-25-21-19-23-37-38-61-24-9-8-5-1-40-60-55-53-58-11-13-22-15-20-7-52-57-31-51-47-49-45-48-50-59-27-62-3-32-34-36-44-41-35-2-6-39-43-54-56-17-14-46-0-42-12-63-4,0.121383,451.202,6.93842e-310
dense_64_21,4,0,675870538,79.8729,561039,0,33-36-45-19-16-46-7-50-41-39-61-27-59-35-38-51-30-52-37-48-63-31-32-17-26-25-22-1-58-6-4-15-20-62-53-28-0-2-3-57-18-8-9-55-10-43-44-40-49-60-29-34-56-5-47-42-21-14-11-54-23-24-12-13,0.166445,79.7065,6.94873e-310
dense_64_26,0,0,5811149,5.88658,2273743,100000000,23-17-18-21-16-19-20-22-32-15-24-26-28-27-33-35-3-4-5-9-38-2-48-25-29-34-36-37-1-8-10-11-13-14-39-47-57-58-62-63-40-49-0-6-7-12-30-31-41-42-43-44-45-46-51-53-54-55-56-60-61-50-52-59,0.143291,5.74329,6.9037e-310
dense_64_21,3,0,408638432,63.5826,622560,0,33-36-45-19-16-46-7-41-50-39-61-27-59-35-30-38-51-52-48-63-37-31-32-26-25-17-22-1-58-6-4-15-20-62-53-18-28-55-57-8-9-43-10-40-44-60-29-49-56-34-5-47-42-0-2-3-21-54-11-14-23-24-12-13,0.153361,63.4293,6.94504e-310
dense_64_30,5,0,440871284,126.751,1578189,100000000,1-10-18-36-21-4-33-2-24-41-50-30-17-54-7-8-9-20-22-23-26-27-34-35-56-0-19-28-29-57-40-39-59-53-3-25-42-49-6-51-52-11-13-38-12-60-16-55-31-32-61-62-5-43-44-45-46-48-47-37-14-58-15-63,0.272296,126.479,6.93171e-310
dense_64_26,4,1,77845,0.17421,556079,0,23-17-18-21-19-20-22-32-33-24-27-26-34-35-3-4-16-28-25-29-36-37-48-38-47-57-58-39-63-2-1-15-9-8-5-62-14-13-11-40-49-30-31-51-53-54-55-56-42-43-44-45-46-60-61-0-52-10-59-6-7-41-12-50,0.16137,0.0128392,0.00166794
dense_64_26,3,1,77868,0.1793,583026,0,23-17-18-21-19-20-22-32-33-24-26-27-34-35-3-4-16-28-25-29-2-48-57-58-47-38-39-63-1-37-36-9-8-5-15-62-14-13-11-40-49-30-31-51-53-54-55-56-42-43-44-45-46-60-61-0-52-59-10-6-7-41-50-12,0.166327,0.0129728,0.00241038
dense_64_26,1,1,77912,0.197265,1402643,0,23-17-18-21-19-20-22-32-33-24-26-27-34-35-28-3-4-25-29-16-36-37-48-38-47-57-58-63-39-2-1-9-8-15-5-10-11-13-62-49-14-40-30-31-51-53-54-55-56-42-43-44-45-46-52-60-61-6-7-59-12-0-41-50,0.184454,0.0128111,0.00233234
dense_64_30,0,0,2088299548,404.893,2337380,100000000,1-10-18-36-21-4-33-2-17-24-30-41-50-54-7-0-3-6-8-9-11-13-19-20-22-23-25-26-27-28-29-34-35-38-42-49-56-57-12-16-31-32-39-40-53-55-59-60-61-62-5-14-37-43-44-45-46-48-51-52-63-15-47-58,0.145297,404.747,6.92101e-310
dense_64_35,5,1,1189684788,184.708,1259445,100000000,14-2-22-58-20-41-45-8-48-9-49-7-23-52-10-11-12-37-60-28-47-21-61-44-19-59-3-31-32-39-13-17-33-4-5-27-25-29-30-42-43-15-57-40-24-0-53-54-38-18-36-16-63-34-35-62-56-6-51-50-46-55-26-1,0.29772,184.41,0.00192856
dense_64_26,4,0,83180,0.14604,577179,0,23-17-18-21-19-20-22-32-33-24-26-27-35-3-4-28-34-16-2-48-47-38-57-58-39-63-1-36-25-29-37-5-8-9-15-62-14-13-11-40-49-30-31-51-53-54-55-56-42-43-44-45-46-60-61-0-52-59-10-6-7-41-12-50,0.13227,0.0137704,6.90417e-310
dense_64_26,3,0,83272,0.140453,609758,0,23-17-18-21-19-20-22-32-24-26-35-33-27-3-4-28-34-2-48-57-58-47-38-39-63-1-16-36-25-29-37-5-8-9-62-40-49-30-31-15-14-13-11-51-53-54-55-56-42-43-44-45-46-60-61-0-52-59-10-6-7-41-50-12,0.126789,0.0136639,6.90167e-310
dense_64_35,0,1,1189694799,184.866,1371509,100000000,14-2-22-58-20-41-45-8-48-9-49-7-23-52-10-11-12-37-60-28-47-21-61-44-19-59-31-32-39-3-13-33-17-4-5-27-25-29-30-42-43-24-40-15-57-38-53-54-0-18-36-16-34-63-35-62-56-6-51-50-46-55-26-1,0.141125,184.725,0.00142555
dense_64_33,2,0,2421421819,338.085,249807,100000000,10-17-18-7-1-41-3-6-5-26-48-19-61-4-50-44-51-2-22-49-60-25-46-27-31-30-28-29-57-58-13-59-24-42-14-32-16-39-12-20-43-62-54-9-52-35-56-38-11-15-47-45-8-23-55-53-36-37-63-0-40-21-33-34,0.247999,337.837,6.95213e-310
dense_64_35,2,1,3156291,0.598526,229316,0,14-22-20-58-2-48-8-41-45-9-7-21-11-47-23-52-10-49-12-59-13-37-19-60-28-4-5-3-57-30-61-44-31-32-18-33-63-34-17-16-15-29-25-27-24-53-54-62-39-56-42-40-0-38-36-43-6-35-51-50-46-55-26-1,0.225793,0.372732,0.00153259
dense_64_37,5,1,77066310,13.4806,1357440,100000000,34-39-22-59-54-27-42-31-48-63-46-40-29-60-35-55-58-61-28-41-24-43-23-53-49-62-30-32-33-44-45-47-26-21-20-16-12-14-11-18-17-56-57-10-3-4-5-7-1-6-38-15-36-37-51-52-50-8-13-25-9-19-0-2,0.295713,13.1849,0.00222718
dense_64_38,5,1,123747965,23.368,1389160,100000000,33-47-61-31-39-46-37-40-49-50-56-35-60-36-32-38-48-29-28-15-3-4-12-2-17-18-22-19-9-13-14-54-55-44-42-53-51-41-45-30-1-34-63-16-20-21-23-24-25-26-27-59-62-6-7-11-57-58-5-8-10-43-52-0,0.245865,23.1222,0.00246269
dense_64_37,0,1,27258002,8.36184,1445206,100000000,34-39-22-59-54-27-42-31-63-48-46-40-29-60-35-55-58-61-28-41-24-43-23-53-49-30-62-44-45-32-33-47-26-56-21-20-16-12-14-11-18-17-57-10-3-4-5-7-1-6-36-37-15-38-51-52-50-8-13-0-19-25-9-2,0.144401,8.21744,0.00231074
dense_64_38,0,1,123495185,23.6556,1524307,100000000,33-47-61-31-39-46-37-40-49-50-56-35-60-36-32-38-48-29-28-15-3-4-12-2-17-18-22-19-9-13-14-54-55-44-42-51-53-41-45-30-1-16-20-21-23-24-25-26-27-59-6-7-11-34-63-43-52-57-58-5-8-10-62-0,0.13494,23.5207,0.00254693
dense_64_26,1,0,83383,0.156329,1740876,0,23-17-18-21-19-20-22-32-33-24-26-28-27-35-3-4-2-48-1-47-38-39-57-58-63-34-36-25-29-37-16-5-8-9-15-14-13-11-62-10-40-49-0-6-7-12-30-31-41-42-43-44-45-46-51-53-54-55-56-60-61-59-50-52,0.142331,0.0139988,6.90817e-310
dense_64_35,2,0,2630893,0.497558,235865,0,14-22-20-58-2-48-8-41-9-45-7-21-11-52-23-47-10-49-12-59-37-13-60-28-19-4-5-3-57-30-61-31-32-18-33-63-44-34-17-16-15-24-25-53-54-29-27-62-39-56-40-0-38-42-36-6-35-43-51-50-46-55-26-1,0.195491,0.302067,6.90786e-310
dense_64_37,2,1,40443821,10.7025,263266,100000000,27-40-39-34-22-59-54-63-29-41-28-42-60-46-48-62-26-31-43-21-20-16-14-12-61-18-58-35-11-10-3-4-7-5-1-53-30-23-49-55-44-45-17-47-24-38-37-15-6-32-33-36-57-56-51-52-50-8-13-0-19-9-2-25,0.259279,10.4432,0.00243363
dense_64_38,2,1,545158,0.33439,285554,0,33-47-61-31-46-37-39-56-50-49-60-35-36-32-38-40-51-42-48-29-28-15-3-12-4-2-17-18-22-54-55-19-30-13-14-9-44-53-45-41-59-34-16-20-21-23-24-25-26-27-63-1-57-58-62-6-7-11-43-52-5-8-10-0,0.260541,0.0738492,0.00248439
dense_64_36,5,0,4222597810,445.936,1585934,100000000,15-23-22-50-21-9-35-60-42-11-24-18-34-39-43-44-56-52-62-57-10-6-7-0-32-40-28-27-47-48-4-36-59-61-14-58-46-17-19-20-37-51-25-26-49-55-53-8-2-5-31-29-3-54-30-16-33-12-45-63-38-1-13-41,0.317704,445.618,6.92087e-310
dense_64_37,5,0,318776559,40.4447,1663022,100000000,34-39-22-59-54-27-46-48-31-63-42-35-24-29-40-55-60-23-43-53-49-30-28-41-62-26-58-61-32-33-47-21-20-12-16-14-18-11-10-3-1-4-5-7-44-45-38-36-56-17-37-57-15-6-51-52-50-8-25-9-13-0-19-2,0.316838,40.1278,6.93252e-310
dense_64_39,2,1,2364618322,441.098,220301,100000000,5-15-1-2-42-57-53-11-12-17-18-19-21-22-25-4-46-43-6-7-8-30-0-58-54-55-56-48-14-20-26-27-59-32-13-47-31-60-39-51-50-44-45-33-40-41-23-49-3-24-29-61-62-28-9-10-16-34-35-37-36-38-52-63,0.276398,440.822,0.00285669
dense_64_37,2,0,64796581,13.3669,272088,100000000,27-40-39-34-22-59-63-29-54-41-28-60-48-46-42-62-26-43-21-20-16-14-12-31-18-61-35-11-10-3-4-7-5-1-58-23-30-53-49-55-44-45-17-47-24-38-37-15-6-32-33-36-57-56-51-52-50-8-13-0-19-9-2-25,0.226137,13.1408,6.94142e-310
dense_64_38,2,0,545914,0.302185,304281,0,33-47-61-31-46-39-37-56-50-49-60-35-36-38-32-40-51-42-48-29-28-15-3-12-4-17-18-22-2-54-55-30-19-44-13-14-9-53-45-41-59-34-16-20-21-23-24-25-26-27-63-1-57-58-62-6-7-11-43-52-5-8-10-0,0.232686,0.0694992,6.9385e-310
dense_64_39,2,0,208730434,44.6291,241693,100000000,5-15-1-2-42-57-53-25-46-43-30-0-11-12-17-18-19-21-22-48-58-54-55-56-14-6-7-8-4-20-26-27-32-59-31-60-47-39-13-51-50-33-44-45-23-40-41-49-24-29-61-62-3-28-16-34-35-37-9-10-36-38-52-63,0.252825,44.3762,6.89915e-310
dense_64_41,2,1,2,0.207646,170738,0,56-2-0-62-61-58-57-55-7-1-5-59-3-4-60-63-6-8-10-16-52-43-39-13-18-9-21-44-12-50-45-49-20-17-51-11-47-14-40-34-41-22-30-29-24-35-37-38-19-31-42-36-33-15-25-23-53-46-48-32-27-28-26-54,0.207552,9.3949e-05,0.00188292
dense_64_42,2,1,421234796,53.3794,244794,100000000,20-48-45-12-57-33-61-10-34-47-3-46-22-63-59-40-15-41-42-39-24-43-58-23-38-60-36-37-62-50-32-51-44-2-0-25-8-19-35-31-26-14-49-1-7-6-52-53-5-27-54-4-56-21-13-16-29-30-55-9-18-11-17-28,0.255892,53.1235,0.00296536
dense_64_43,2,1,28000951,9.39301,243663,100000000,37-18-22-41-35-60-43-59-38-39-28-29-19-53-16-33-21-26-40-54-17-23-36-34-20-47-46-61-62-52-31-44-27-30-42-63-45-0-1-5-2-12-6-10-3-4-9-11-51-25-13-15-8-7-32-24-14-56-57-58-49-50-55-48,0.257194,9.13581,0.00170028
dense_64_44,2,1,686891,0.32708,211671,0,61-60-18-21-16-19-58-17-51-50-30-20-8-59-15-39-29-28-27-31-26-41-1-42-38-53-52-48-35-54-11-12-25-23-32-37-13-33-9-22-7-4-5-55-56-2-57-46-43-44-14-10-45-62-47-63-6-49-36-0-3-40-24-34,0.232358,0.0947218,0.00169922
dense_64_41,2,0,2,0.164279,182559,0,56-2-0-62-61-58-57-55-7-1-5-59-3-4-60-63-6-8-10-16-52-9-43-39-13-18-21-44-12-50-49-20-45-17-11-51-47-14-19-30-29-24-22-40-34-41-31-35-37-38-33-42-36-15-25-23-53-46-48-32-27-28-26-54,0.164191,8.79e-05,6.90814e-310
dense_64_42,2,0,170950050,23.5407,262789,100000000,20-48-45-12-33-57-61-10-34-47-3-46-22-15-41-40-42-63-39-59-23-50-60-62-24-38-43-51-36-37-58-8-2-0-32-25-19-35-44-31-26-49-14-1-7-6-52-5-53-4-27-54-21-56-13-16-55-29-9-30-18-11-17-28,0.231428,23.3092,6.91857e-310
dense_64_43,2,0,1009507236,150.126,264387,100000000,37-18-22-41-29-60-35-43-59-28-38-39-19-16-53-33-54-21-26-17-40-23-36-34-31-20-47-46-61-62-52-44-27-30-63-42-45-0-1-5-2-12-6-10-3-4-9-11-51-25-13-15-32-8-7-14-24-56-57-58-49-50-55-48,0.22683,149.899,6.90665e-310
dense_64_44,2,0,780028,0.319587,217574,0,61-60-21-18-16-19-58-17-51-50-30-20-8-59-15-39-29-28-27-31-26-41-1-42-38-53-48-35-54-52-25-23-32-11-12-13-37-33-22-7-9-4-5-55-56-2-46-57-14-43-44-45-10-62-47-63-6-49-36-0-3-40-24-34,0.204108,0.115479,6.94378e-310
dense_64_41,5,1,2479908251,387.001,924528,100000000,2-56-0-62-61-5-58-60-6-59-3-4-57-63-55-10-16-52-1-7-43-13-39-18-21-12-50-9-49-45-22-14-30-44-35-34-37-38-40-41-31-36-42-8-51-17-20-19-33-11-47-53-15-23-24-29-25-32-46-48-27-28-54-26,0.218082,386.783,0.00219036
dense_64_42,5,1,167430424,34.6478,1216850,100000000,20-10-12-33-57-45-61-3-25-48-41-15-47-59-63-40-24-34-43-38-27-46-58-39-26-31-44-32-36-37-51-19-22-60-62-42-53-52-14-29-30-0-2-35-54-1-23-56-49-50-16-8-18-55-17-7-6-4-13-21-5-9-11-28,0.286418,34.3613,0.00262284
dense_64_43,5,1,3774496,5.83177,1324433,100000000,37-18-22-41-29-35-54-16-33-28-60-53-19-21-17-23-38-39-43-59-40-26-34-36-27-20-44-52-47-46-61-0-1-2-5-6-12-3-4-10-9-11-30-45-51-7-8-31-15-13-14-62-63-42-25-32-49-50-24-56-57-58-48-55,0.275678,5.55609,0.00114332
dense_64_42,0,1,196751589,38.4618,1299591,100000000,20-10-12-33-57-45-61-3-25-48-41-47-15-59-63-40-24-43-34-38-27-46-58-39-26-31-44-32-36-37-51-19-22-60-62-42-29-30-52-53-0-2-14-1-35-54-23-50-8-49-56-16-18-7-6-17-55-4-5-21-13-9-28-11,0.13949,38.3224,0.00285995
dense_64_43,0,1,4040806,5.77851,1440965,100000000,37-18-22-41-29-35-54-16-33-28-60-53-19-21-17-23-38-39-43-59-40-26-34-36-20-27-44-52-47-46-61-0-1-2-5-6-12-3-4-10-9-11-45-51-30-7-8-62-31-15-14-13-63-42-25-49-50-32-56-57-58-48-24-55,0.140625,5.63789,0.00212106
dense_64_46,2,1,434045157,52.6941,201856,100000000,8-20-2-14-33-41-38-51-24-32-3-54-12-15-28-26-5-25-37-17-30-22-31-9-10-58-0-1-55-36-53-49-59-45-13-48-57-40-11-60-43-62-34-4-44-23-21-29-35-56-42-16-7-61-27-6-19-52-47-39-50-18-46-63,0.22405,52.4701,0.00202865
dense_64_30,1,0,873645555,187.863,1609479,100000000,1-10-18-36-21-4-33-2-24-41-50-30-6-8-9-20-22-23-26-27-34-35-56-7-31-32-39-40-59-60-17-54-3-11-13-25-42-49-61-62-0-19-28-29-38-57-12-16-55-53-5-14-37-43-44-45-46-48-51-52-63-15-47-58,0.144976,187.718,6.92713e-310
dense_64_46,2,0,231381935,33.9386,212980,100000000,8-20-2-14-33-41-38-51-24-32-3-54-12-15-26-28-5-30-17-25-37-31-9-10-0-22-1-58-36-55-49-53-59-45-13-48-11-57-40-34-60-43-62-4-44-29-35-23-56-21-42-16-7-61-27-6-19-52-47-39-50-18-46-63,0.196666,33.7419,6.94525e-310
dense_64_45,5,1,1659157776,213.798,1230796,100000000,7-24-17-10-27-29-46-50-58-16-30-35-0-61-13-18-8-3-2-45-33-49-43-54-53-52-44-21-26-47-19-23-25-57-59-55-12-22-31-34-36-56-28-51-6-42-9-60-1-48-37-62-5-38-41-63-40-11-14-15-39-20-4-32,0.286928,213.511,0.00247735
dense_64_45,0,1,240945466,38.1358,1326874,100000000,7-24-17-10-27-29-46-50-58-16-30-35-0-61-18-13-8-3-2-45-33-49-54-43-44-52-53-21-26-47-19-55-23-25-57-59-12-22-31-34-36-56-28-51-6-42-9-60-1-48-37-38-5-41-62-40-63-11-39-14-15-20-4-32,0.140334,37.9955,0.00245719
dense_64_48,2,1,81109022,9.31605,228395,0,61-22-62-9-20-10-19-18-8-30-26-12-29-36-50-23-21-17-11-3-1-60-40-24-52-35-33-42-13-48-25-2-51-31-37-28-27-34-4-14-15-41-38-43-16-59-58-39-44-57-7-6-46-47-5-54-53-63-32-0-45-56-49-55,0.240126,9.07592,0.00241164
dense_64_49,2,1,16516077,7.22312,310627,100000000,7-24-28-10-5-41-59-19-49-53-20-38-51-8-22-34-30-35-36-6-4-39-21-63-29-48-25-26-60-40-43-47-27-61-44-52-45-46-2-9-54-16-11-18-37-42-56-3-12-13-17-50-32-31-33-58-15-55-14-57-23-62-0-1,0.284739,6.93838,0.0028945
dense_64_50,2,1,11679,0.20699,255674,0,31-29-35-25-28-36-40-34-30-33-41-32-42-26-37-27-39-21-61-49-48-50-24-20-19-13-51-47-14-58-12-38-22-11-18-62-10-9-8-7-5-1-6-4-46-52-17-45-43-0-3-23-2-16-56-44-53-59-15-55-63-54-57-60,0.204651,0.00233865,0.00233731
dense_64_48,2,0,104350442,11.2097,243405,0,61-22-62-9-20-10-19-18-8-26-30-12-29-36-50-23-17-11-21-3-1-60-40-52-33-42-35-24-13-48-25-2-51-31-37-28-27-34-4-14-15-41-43-38-16-59-58-44-39-57-7-6-46-47-5-53-54-63-0-32-45-49-56-55,0.205915,11.0038,6.90668e-310
dense_64_49,2,0,29269367,8.73359,327009,100000000,7-24-28-10-5-41-59-49-19-20-53-38-51-8-22-39-34-30-35-36-6-21-25-26-63-40-48-4-43-60-27-29-61-47-44-52-46-9-45-54-2-16-11-18-37-42-56-12-13-17-50-3-32-31-33-58-15-14-55-57-23-0-62-1,0.251218,8.48237,6.94494e-310
dense_64_50,2,0,43992,0.182295,260345,0,31-29-35-25-34-28-36-40-30-33-41-32-42-26-37-39-21-61-27-49-48-50-20-19-13-24-51-47-14-58-22-12-11-18-62-10-9-8-7-5-1-6-4-38-46-52-17-45-23-43-0-3-2-16-56-44-53-59-15-55-63-54-57-60,0.175428,0.00686695,6.94669e-310
dense_64_37,0,0,1418291457,150.917,1968196,100000000,34-39-22-59-54-27-31-46-48-63-42-23-24-29-35-40-43-60-55-21-20-12-16-14-18-11-10-3-1-4-5-7-17-26-28-30-36-37-41-44-45-49-53-56-58-61-62-6-15-32-33-38-47-57-0-8-13-19-25-51-52-2-9-50,0.142926,150.774,6.92641e-310
dense_64_35,4,1,956542105,106.475,360075,0,20-41-45-22-14-58-2-48-7-8-23-52-47-21-10-9-37-11-13-4-5-57-12-60-28-30-59-3-61-33-32-34-49-44-19-18-62-63-31-39-17-16-42-27-25-29-24-40-15-53-54-38-36-0-35-56-51-6-43-55-46-26-50-1,0.143831,106.331,0.00207031
dense_64_35,3,1,955252725,104.507,364453,0,20-41-45-22-14-58-2-48-7-8-23-52-47-9-37-10-21-11-57-12-13-60-28-30-4-5-59-3-61-49-33-32-34-44-19-18-62-63-31-39-17-16-42-27-25-29-40-24-15-53-54-38-36-0-35-56-51-6-55-43-46-26-50-1,0.136035,104.371,0.00208554
dense_64_43,5,0,5782274,5.87027,1738667,100000000,41-22-37-18-29-54-16-35-33-28-60-19-21-53-17-23-38-39-43-59-44-52-26-40-47-46-61-45-51-30-0-1-2-5-6-12-3-4-10-27-20-34-36-31-9-11-7-8-62-15-14-63-13-42-25-32-49-50-56-57-58-48-55-24,0.302398,5.56788,6.92457e-310
dense_64_44,5,0,120175573,21.1536,1536446,100000000,1-37-60-16-21-19-18-61-8-51-17-58-39-7-11-15-50-30-20-31-54-48-27-26-29-46-28-9-59-38-41-42-43-44-45-4-5-35-33-2-22-23-55-53-62-56-57-52-10-12-6-63-25-47-32-13-14-0-36-3-49-40-24-34,0.314765,20.8389,6.93778e-310
dense_64_48,5,1,7728678,5.88261,1217974,100000000,10-9-11-8-61-22-62-20-12-26-19-18-36-30-50-3-29-17-35-1-2-40-21-23-52-37-24-48-33-38-42-31-27-25-7-6-28-13-60-43-39-51-4-34-41-44-46-5-0-53-54-57-55-56-14-47-58-15-16-59-32-63-45-49,0.282781,5.59983,0.00196335
dense_64_49,5,1,8666915,5.83018,1232710,100000000,7-53-28-10-5-41-59-24-2-4-30-34-20-60-47-48-51-6-35-36-49-29-61-19-39-45-43-21-63-46-38-32-27-44-40-52-8-54-22-25-26-16-3-11-42-56-9-31-33-58-18-37-55-50-15-57-12-17-0-13-14-62-23-1,0.268974,5.56121,0.00328661
dense_64_50,5,1,114994315,15.1704,1293876,100000000,31-29-28-25-35-34-30-36-40-33-41-26-32-42-37-27-38-39-21-47-48-51-61-58-49-50-56-24-43-20-19-13-14-18-10-12-17-11-22-16-46-45-6-5-7-1-4-0-3-2-8-52-44-23-9-55-53-54-62-59-15-57-60-63,0.29651,14.8739,0.00201149
dense_64_35,1,1,568998793,48.5932,918798,0,20-41-45-22-14-58-2-48-8-7-23-9-47-52-21-10-37-11-12-13-4-5-60-28-30-59-57-61-3-33-32-34-62-63-49-44-19-18-31-39-17-16-27-25-29-42-43-24-40-15-38-53-54-0-36-35-56-6-51-50-46-55-26-1,0.155906,48.4373,0.00209326
dense_64_48,0,1,626308124,74.1229,1364426,100000000,18-19-20-8-61-22-9-36-12-62-30-26-3-50-29-17-35-2-40-1-21-23-37-24-52-48-33-38-42-31-28-43-27-39-25-60-51-4-34-41-7-6-44-46-5-0-53-54-57-55-56-13-47-58-14-15-10-11-16-59-32-63-45-49,0.137745,73.9851,0.0016896
dense_64_49,0,1,14857480,6.06973,1316729,100000000,7-53-28-10-5-41-59-24-2-4-30-34-20-60-47-48-6-35-36-51-29-49-61-19-45-43-39-21-63-32-38-46-44-27-40-52-8-54-22-25-26-16-3-11-42-56-9-58-18-37-31-33-55-57-50-12-13-15-17-0-14-62-1-23,0.133297,5.93643,0.00263597
dense_64_40,0,0,482296414,60.8795,1794329,100000000,3-19-7-17-6-5-15-8-22-11-29-34-1-13-14-16-23-26-28-33-37-39-40-58-56-57-54-46-62-2-31-44-4-10-12-20-21-25-30-35-43-42-48-49-52-53-59-61-63-0-9-24-27-32-36-38-41-50-55-18-47-51-60-45,0.141288,60.7382,6.91664e-310
dense_64_37,4,1,2556791413,207.718,382044,100000000,34-39-22-59-54-27-40-29-46-48-28-41-42-60-62-26-21-43-31-63-20-16-14-12-18-58-61-35-55-11-10-3-1-24-4-5-7-23-53-49-30-44-45-32-47-33-17-57-6-36-37-38-15-51-52-8-0-13-56-50-19-9-2-25,0.155748,207.562,0.00185012
dense_64_35,4,0,1269099108,155.784,400083,0,14-2-22-58-20-41-45-48-23-52-37-7-11-10-47-8-21-9-13-4-5-57-12-60-28-30-59-3-61-33-32-34-49-62-63-19-18-44-39-31-17-16-15-40-42-24-25-36-38-53-54-0-27-29-35-56-51-6-55-46-26-43-50-1,0.127746,155.656,6.91434e-310
dense_64_37,1,1,1834492783,171.151,1094276,100000000,34-39-22-59-54-27-40-29-46-48-42-28-41-60-43-62-26-21-31-20-16-14-12-18-63-55-35-11-10-3-1-4-5-7-58-61-24-23-53-49-30-32-33-47-44-45-17-56-6-57-15-38-37-36-51-52-50-8-9-13-0-19-25-2,0.188069,170.963,0.00177362
dense_64_35,3,0,2641478004,337.398,406262,0,14-2-22-58-20-41-45-48-37-52-23-7-47-10-8-9-57-11-21-12-13-4-5-60-28-30-59-3-61-33-32-34-49-62-63-19-18-44-31-39-17-16-15-40-42-36-38-53-54-24-25-0-35-27-29-56-51-6-55-46-26-43-50-1,0.12067,337.277,6.93181e-310
dense_64_35,1,0,2192768071,286.1,1093206,0,14-2-22-58-20-41-45-48-23-37-52-8-9-7-11-10-21-47-12-4-5-13-57-60-28-30-3-59-61-33-32-34-62-63-49-19-18-31-39-44-17-16-15-24-25-27-29-35-36-38-40-42-43-53-54-0-56-6-50-51-55-1-26-46,0.123584,285.977,6.94019e-310
dense_64_37,4,0,420896177,49.7447,435937,100000000,34-39-22-59-54-27-46-48-29-40-60-28-41-62-26-21-42-43-31-63-20-12-16-14-18-35-24-23-55-11-10-3-1-4-5-7-30-49-53-58-61-44-45-32-47-33-36-37-38-17-57-15-6-51-52-8-0-13-19-50-9-2-56-25,0.134796,49.6099,6.94534e-310
dense_64_48,5,0,15317441,6.75616,1485478,100000000,10-11-9-8-22-61-12-26-62-20-19-18-36-50-30-3-17-40-52-29-48-1-2-35-27-31-28-43-33-37-38-42-25-21-23-7-6-13-60-24-51-44-46-4-5-39-0-53-54-57-14-47-58-55-56-15-16-41-34-59-32-63-45-49,0.301162,6.455,6.90237e-310
dense_64_43,0,0,399128035,62.2184,2078392,100000000,41-22-37-18-29-54-16-33-35-19-21-28-60-17-23-53-20-26-30-34-36-38-39-43-44-45-46-61-0-1-2-5-6-12-3-4-7-8-10-47-51-52-59-62-9-11-13-14-15-27-31-40-63-24-25-32-42-49-50-56-57-58-48-55,0.144831,62.0735,6.90335e-310
dense_64_41,4,1,7,0.101123,256697,0,56-2-0-5-55-3-4-1-61-62-58-6-57-10-59-60-7-63-16-8-52-9-43-39-13-18-21-44-17-20-51-14-50-11-47-45-12-19-22-30-29-24-35-34-37-38-40-41-49-31-25-36-42-33-23-53-15-32-27-28-46-48-26-54,0.101015,0.000108478,0.00178319
dense_64_41,1,1,31,0.135768,744116,0,56-0-2-62-61-58-59-5-60-6-55-10-16-52-9-43-39-13-18-21-44-14-17-20-51-50-45-47-11-8-3-4-57-63-19-1-12-22-49-30-29-24-25-35-34-37-38-40-41-36-42-31-7-33-15-23-53-46-48-32-27-28-54-26,0.135662,0.00010553,0.00163704
dense_64_41,3,1,14,0.180082,275503,0,56-0-2-55-1-62-61-58-57-5-10-59-3-4-60-63-16-43-39-13-18-21-52-9-17-20-44-6-14-8-47-50-51-45-11-12-19-22-35-34-37-38-40-41-49-30-29-24-25-31-36-42-7-33-23-53-15-32-27-28-46-48-26-54,0.179977,0.000104929,0.0012704
dense_64_43,4,1,129441675,15.2522,393000,100000000,41-35-37-18-22-60-28-38-39-43-59-19-21-29-16-26-54-33-53-17-40-23-31-34-36-20-27-47-46-61-62-44-52-0-1-2-5-12-6-3-4-10-9-11-45-51-30-13-15-63-42-32-25-49-50-56-57-58-24-48-7-8-55-14,0.21943,15.0327,0.00191682
dense_64_45,0,0,5057347217,561.356,1827120,100000000,7-24-17-10-27-46-50-29-30-58-3-2-13-35-61-0-16-8-18-19-33-45-44-47-49-52-54-55-31-43-53-1-5-6-21-22-23-25-26-28-34-36-37-38-42-41-56-57-59-60-62-9-12-40-48-51-63-11-14-15-20-39-4-32,0.141874,561.214,6.92062e-310
dense_64_41,4,0,7,0.13204,317464,0,56-2-0-5-55-3-4-1-61-62-58-6-57-10-59-60-7-63-16-8-52-43-39-13-18-21-9-44-17-20-51-11-47-50-14-45-19-12-49-22-30-29-24-25-33-34-31-35-37-38-40-41-53-23-36-42-15-32-27-28-46-48-26-54,0.13193,0.00010946,6.91283e-310
dense_64_43,1,1,124201438,21.357,1174747,100000000,41-22-37-18-35-60-28-38-39-43-59-19-21-29-54-16-26-33-53-17-40-23-31-34-36-27-20-44-52-47-46-61-62-0-1-2-5-12-6-3-4-10-9-11-45-51-30-15-7-8-14-13-63-42-25-49-50-32-56-57-58-48-55-24,0.237189,21.1198,0.00160008
dense_64_43,3,1,131597566,15.3156,420781,100000000,41-22-37-18-35-60-28-38-39-43-59-29-19-21-54-26-16-33-53-17-40-23-31-34-36-20-47-46-61-62-27-44-52-0-1-2-5-12-6-3-4-10-9-11-30-13-63-15-42-25-32-49-50-56-57-58-24-48-7-8-45-51-55-14,0.215916,15.0997,0.0018185
dense_64_43,4,0,766691091,65.0031,462972,100000000,41-22-37-18-29-54-16-35-33-60-28-19-21-38-39-43-59-26-53-17-23-40-31-44-52-47-46-61-62-45-51-0-1-2-5-12-6-3-4-10-34-36-30-20-27-9-11-15-63-13-42-32-49-50-56-57-58-25-24-48-55-7-8-14,0.19699,64.8061,6.91138e-310
dense_64_41,3,0,14,0.12901,342559,0,56-0-2-55-1-62-61-58-57-5-10-59-3-4-60-63-16-43-39-13-18-21-52-6-9-44-17-20-8-47-51-11-50-14-45-19-12-22-7-49-30-29-24-25-35-34-37-38-40-41-33-23-53-31-36-42-15-32-27-28-46-48-26-54,0.128905,0.000104311,6.92328e-310
dense_64_41,1,0,31,0.13748,1075066,0,56-0-2-62-61-5-58-59-60-6-55-10-16-52-43-39-13-18-21-9-44-8-11-17-20-47-51-57-3-4-63-50-14-45-1-19-12-22-49-7-30-29-24-25-23-31-33-34-35-37-38-40-41-53-36-42-15-27-28-32-54-26-46-48,0.137364,0.000115525,6.9274e-310
dense_64_43,3,0,904191054,81.3316,501392,100000000,41-22-37-18-29-54-35-33-16-60-28-19-21-38-39-43-59-26-53-17-23-40-31-44-52-47-46-61-62-0-34-36-30-20-27-63-15-42-1-2-5-12-6-3-4-10-9-11-13-32-49-50-56-57-58-25-24-48-55-45-51-7-8-14,0.14432,81.1873,6.92899e-310
dense_64_43,1,0,2471401,5.4436,1555681,100000000,41-22-37-18-29-54-16-35-33-19-21-60-28-26-38-39-43-59-17-23-53-31-40-20-34-36-44-45-46-61-62-0-1-2-5-12-6-3-4-7-8-10-47-51-52-30-9-11-13-14-15-27-63-24-25-32-42-49-50-56-57-58-48-55,0.199726,5.24388,6.94548e-310
dense_64_49,0,0,1048501602,125.325,1995603,100000000,7-24-28-10-5-41-59-2-53-20-4-30-32-34-47-49-51-60-61-27-39-48-0-3-6-8-11-12-13-19-22-25-26-31-33-35-36-38-42-56-43-46-50-54-55-57-58-9-14-15-16-21-29-40-44-45-52-63-1-18-37-62-17-23,0.148005,125.177,6.94566e-310
dense_64_50,0,0,143592457,17.9807,1763180,100000000,31-29-34-28-25-35-26-30-32-36-40-27-33-41-24-23-22-21-61-58-56-47-48-51-20-19-13-14-18-10-9-8-7-1-5-4-6-45-0-3-11-12-17-39-42-43-44-46-49-50-52-53-54-55-62-2-16-37-38-59-15-57-60-63,0.149548,17.8312,6.89917e-310
dense_64_48,1,1,515188819,64.6334,908920,0,18-19-20-8-61-22-62-30-36-26-9-10-29-12-17-21-23-11-3-50-1-40-52-48-33-42-35-60-13-24-25-51-34-2-37-38-31-27-28-43-39-4-41-7-6-44-46-5-0-53-54-57-58-55-56-47-14-15-16-59-32-63-45-49,0.220899,64.4125,0.00194185
dense_64_48,4,1,3703608483,450.758,343588,0,10-9-8-61-22-19-18-20-62-36-30-26-29-12-17-11-21-23-3-40-1-50-33-42-60-52-48-35-13-24-25-51-34-37-2-38-31-28-39-43-27-7-5-44-41-0-46-53-4-47-14-15-16-59-58-57-54-6-32-63-56-45-49-55,0.192769,450.565,0.00175572
dense_64_50,1,1,42337,0.172357,742933,0,31-29-28-25-35-30-36-40-26-32-42-34-33-41-37-24-39-21-49-48-50-61-58-20-19-13-14-12-11-47-51-22-46-52-62-10-9-8-7-5-1-6-4-27-18-17-45-38-56-0-3-2-16-43-44-55-23-53-54-59-15-57-60-63,0.164971,0.00738608,0.00203583
dense_64_50,4,1,42302,0.206669,339713,0,31-29-28-25-35-30-36-40-26-32-42-34-33-41-39-21-49-48-50-61-58-37-20-19-24-62-13-14-12-11-22-51-47-46-52-10-9-8-7-5-6-4-1-18-17-27-38-45-56-0-3-43-2-23-16-53-59-15-44-63-55-54-57-60,0.199263,0.0074056,0.00204556
dense_64_50,3,1,42312,0.230596,343662,0,31-29-28-25-35-30-36-40-26-32-42-34-33-41-39-21-61-58-49-48-50-37-20-19-24-62-13-14-22-12-11-47-46-51-52-10-9-8-7-5-6-4-1-18-17-27-45-38-56-0-3-43-2-23-16-53-59-15-63-55-44-54-57-60,0.223189,0.00740799,0.00205777
dense_64_50,4,0,145343,0.168461,374126,0,31-29-34-28-25-35-30-36-40-26-32-42-39-21-61-58-20-19-49-48-50-24-62-22-13-14-12-11-33-41-51-52-47-46-10-9-8-37-7-5-6-4-1-27-18-17-45-56-43-23-3-0-38-53-2-59-16-15-63-44-55-54-57-60,0.148121,0.0203401,6.9202e-310
dense_64_48,3,0,6394563801,579.804,433217,0,18-19-20-36-8-9-10-22-61-11-3-17-40-30-1-62-26-33-42-50-60-29-21-48-12-23-52-13-35-25-51-24-34-2-37-38-43-44-46-5-0-7-47-31-28-14-15-53-4-16-41-59-58-27-32-6-54-63-45-57-49-39-55-56,0.16944,579.634,6.90633e-310
dense_64_50,3,0,145366,0.145582,379613,0,31-29-34-28-25-35-30-36-40-26-32-42-39-21-61-58-20-19-24-62-22-49-48-50-13-14-12-11-33-41-47-46-51-52-10-9-8-37-7-5-6-4-1-27-45-56-18-17-43-0-23-3-53-38-2-59-16-15-63-55-44-54-57-60,0.125082,0.0204994,6.90639e-310
dense_64_50,1,0,145400,0.184268,864656,0,31-29-34-28-25-35-30-36-40-26-32-24-39-21-61-58-20-19-13-14-12-11-22-42-49-48-50-62-10-9-8-33-41-47-46-51-52-37-7-5-1-4-6-18-17-45-56-27-0-3-23-43-44-53-54-55-2-16-38-59-15-57-60-63,0.164376,0.0198929,6.94242e-310
