dense_64_2,5,0,15620802,84.5218,890482,100000000,24-18-52-47-50-63-9-61-17-6-12-36-0-21-8-23-62-54-56-60-38-41-26-28-31-22-15-11-7-3-20-1-16-13-55-58-57-59-53-51-44-45-46-25-30-32-34-42-27-39-29-37-40-48-49-19-10-2-4-14-33-35-43-5,41.7978,42.724,6.91868e-310
dense_64_2,2,0,15620802,92.5932,662859,100000000,24-18-47-50-52-63-9-6-12-17-36-23-0-8-21-61-62-54-56-60-38-41-26-28-31-22-15-11-7-3-20-1-16-13-55-58-57-59-53-51-48-49-44-45-46-25-30-32-34-42-27-39-29-37-40-19-10-14-2-4-43-33-35-5,60.0559,32.5373,6.93911e-310
dense_64_2,2,1,15620802,110.574,662859,100000000,24-18-47-50-52-63-9-6-12-17-36-23-0-8-21-61-62-54-56-60-38-41-26-28-31-22-15-11-7-3-20-1-16-13-55-58-57-59-53-51-48-49-44-45-46-25-30-32-34-42-27-39-29-37-40-19-10-14-2-4-43-33-35-5,63.7825,46.7912,0.0335767
dense_64_2,1,1,15620836,99.4335,2927978,100000000,24-47-18-50-52-63-9-0-17-61-6-8-23-36-21-12-3-7-11-15-22-26-28-31-38-41-54-56-60-62-1-16-20-44-45-46-25-10-30-32-34-42-51-55-27-39-58-2-4-14-19-29-37-40-48-49-57-59-53-13-33-35-43-5,51.7425,47.691,0.0332165
dense_64_2,5,1,15620802,91.4047,890482,100000000,24-18-52-47-50-63-9-61-17-6-12-36-0-21-8-23-62-54-56-60-38-41-26-28-31-22-15-11-7-3-20-1-16-13-55-58-57-59-53-51-44-45-46-25-30-32-34-42-27-39-29-37-40-48-49-19-10-2-4-14-33-35-43-5,45.0373,46.3675,0.0293274
dense_64_2,1,0,15620836,95.4953,2933630,100000000,24-47-18-50-52-63-9-0-17-6-61-8-23-36-21-12-3-7-11-15-22-26-28-31-38-41-54-56-60-62-1-16-20-44-45-46-25-10-30-32-34-42-51-55-27-39-58-2-4-14-19-29-37-40-48-49-57-59-53-13-33-35-43-5,49.0936,46.4016,6.90051e-310
dense_64_2,3,0,1905236,68.438,2771620,100000000,0-47-24-18-50-52-9-63-6-17-61-8-23-36-21-12-3-1-7-11-15-22-26-28-31-38-41-54-56-60-62-16-20-44-45-46-25-10-30-32-34-42-51-55-4-14-19-37-40-59-53-27-39-58-2-29-48-49-57-13-33-35-43-5,53.9344,14.5036,6.9259e-310
dense_64_2,4,0,15620802,82.5299,754970,100000000,24-18-47-50-52-63-9-6-0-8-17-23-36-21-61-12-22-3-7-11-15-26-28-31-38-41-54-56-60-62-20-1-16-10-2-4-14-19-44-45-46-25-30-32-34-42-27-39-29-37-40-51-48-49-55-58-57-59-53-13-33-35-43-5,36.2301,46.2997,6.90815e-310
dense_64_3,0,0,101649000,138.11,16819518,100000000,3-18-45-5-50-22-29-28-60-23-54-43-37-46-2-0-7-15-20-25-27-30-32-35-39-42-47-61-53-24-11-9-13-21-51-52-59-8-10-12-14-38-44-48-49-4-6-16-17-19-26-31-33-34-36-40-41-55-56-57-58-62-63-1,105.54,32.57,6.94773e-310
dense_64_2,3,1,1905236,67.8165,2771101,100000000,0-47-24-18-50-52-9-63-6-17-61-8-23-36-21-12-3-1-7-11-15-22-26-28-31-38-41-54-56-60-62-16-20-44-45-46-25-10-30-32-34-42-51-55-4-14-19-37-40-59-53-27-39-58-2-29-48-49-57-13-33-35-43-5,53.2372,14.5793,0.0253892
dense_64_6,5,0,6292545,46.4339,10197412,100000000,27-19-55-20-53-47-52-24-22-31-48-21-57-59-61-62-63-58-56-60-54-50-51-49-23-25-32-30-33-36-46-34-29-28-43-26-45-18-17-8-16-12-1-0-13-37-35-38-11-9-7-6-10-5-3-2-15-40-41-44-39-42-4-14,35.3112,11.1226,6.91585e-310
dense_64_2,4,1,15620802,81.5029,754970,100000000,24-18-47-50-52-63-9-6-0-8-17-23-36-21-61-12-22-3-7-11-15-26-28-31-38-41-54-56-60-62-20-1-16-10-2-4-14-19-44-45-46-25-30-32-34-42-27-39-29-37-40-51-48-49-55-58-57-59-53-13-33-35-43-5,35.7052,45.7976,0.0287855
dense_64_6,2,0,566131,49.4456,9203635,100000000,27-19-52-55-53-20-47-24-22-31-48-21-61-62-57-59-63-54-50-23-58-60-56-51-49-32-30-25-33-36-46-34-28-29-43-26-45-37-35-38-18-17-8-16-7-6-12-1-0-13-11-9-10-5-3-2-15-44-40-41-39-42-4-14,41.3512,8.09439,6.91182e-310
dense_64_6,2,1,566131,58.9453,9203200,100000000,27-19-52-55-53-20-47-24-22-31-48-21-61-62-57-59-63-54-50-23-58-60-56-51-49-32-30-25-33-36-46-34-28-29-43-26-45-37-35-38-18-17-8-16-7-6-12-1-0-13-11-9-10-5-3-2-15-44-40-41-39-42-4-14,49.976,8.96923,0.0054066
dense_64_5,4,0,10453102,77.8059,12416357,100000000,31-40-29-36-45-46-56-59-26-42-23-19-22-18-24-25-33-37-7-5-0-11-15-13-17-39-27-41-28-1-3-58-60-62-30-21-48-49-51-47-53-55-57-61-63-38-32-34-35-44-54-52-20-10-12-14-16-4-6-43-2-8-9-50,61.2769,16.529,6.94716e-310
dense_64_6,0,1,4188916,57.6822,32695106,100000000,27-52-55-53-19-24-47-22-20-31-48-50-57-59-61-62-54-63-51-58-49-56-60-21-33-36-23-30-38-32-34-25-28-29-43-46-41-40-26-39-37-45-18-17-8-16-13-12-1-0-3-11-9-4-2-7-6-10-15-5-14-35-42-44,46.2012,11.481,0.0180445
dense_64_6,4,0,1591947,48.364,10959100,100000000,27-19-52-55-53-20-47-24-22-31-48-21-23-50-57-59-61-62-54-63-51-49-58-56-60-30-32-25-33-36-46-28-29-34-43-26-45-18-17-8-16-7-6-12-1-0-13-11-9-10-37-5-35-38-3-2-15-40-41-39-4-44-42-14,38.6244,9.73961,6.93268e-310
dense_64_8,5,0,91946188,134.57,11678368,100000000,38-49-42-44-48-41-40-45-46-47-43-37-36-50-39-34-31-27-5-25-7-17-15-3-16-10-12-14-8-4-30-55-26-6-2-24-11-13-9-18-19-33-63-62-28-29-32-1-0-56-58-35-22-20-59-54-61-57-23-60-52-51-21-53,34.0393,100.531,6.90515e-310
dense_64_6,5,1,6291708,44.8166,10193599,100000000,27-19-55-20-53-47-52-24-22-31-48-21-57-59-61-62-63-58-56-60-54-50-51-49-23-25-32-30-33-36-46-34-29-28-43-26-45-18-17-8-16-12-1-0-13-37-35-38-11-9-7-6-10-5-3-2-15-41-40-44-39-42-4-14,33.9394,10.8772,0.0169554
dense_64_6,0,0,75016400,80.7227,32995453,100000000,27-52-55-53-19-24-47-22-20-31-48-50-57-59-61-62-54-63-51-58-21-33-36-49-56-60-23-30-38-25-28-29-32-34-40-41-43-46-26-37-39-45-18-17-8-16-13-12-1-0-3-11-4-9-2-7-6-5-10-15-14-35-42-44,42.6223,38.1004,6.93069e-310
dense_64_6,1,0,25093707,67.2435,14064625,100000000,27-19-52-55-53-20-47-24-22-31-48-21-50-57-59-61-62-54-63-23-51-58-49-56-60-30-33-36-32-25-38-37-35-28-29-34-43-26-46-45-18-17-8-16-7-6-12-1-0-13-11-9-5-10-15-3-2-4-40-41-39-14-42-44,32.7301,34.5135,6.90705e-310
dense_64_6,3,0,3041515,46.3225,11610081,100000000,27-19-52-55-53-20-47-24-22-31-48-50-57-59-61-62-54-63-21-23-51-58-49-56-60-30-32-33-36-25-18-17-8-16-7-6-12-1-0-34-28-29-43-26-13-11-9-5-10-38-37-35-45-3-2-15-46-40-41-39-4-42-44-14,35.1992,11.1233,6.95114e-310
dense_64_6,1,1,201023972,280.845,13991885,100000000,27-19-52-55-53-20-47-24-22-31-48-21-50-57-59-61-62-54-63-23-51-58-49-56-60-30-32-33-36-25-38-37-35-34-28-29-43-26-46-45-18-17-8-16-7-6-12-1-0-13-11-9-10-5-15-3-2-4-41-40-39-14-42-44,32.8248,248.02,0.0212949
dense_64_8,0,1,414204,56.3791,32125835,100000000,25-5-31-7-27-3-17-15-10-12-16-4-8-14-30-55-6-26-56-58-24-9-11-13-28-29-33-63-59-34-36-37-42-38-49-48-44-41-40-43-45-46-47-62-20-22-50-18-61-39-54-1-19-35-57-32-23-2-60-52-21-0-51-53,47.3813,8.99778,0.0233827
dense_64_5,4,1,10453102,157.634,12413926,100000000,31-40-29-36-45-46-56-59-26-42-23-19-22-18-24-25-33-37-7-5-0-11-15-13-17-39-27-41-28-1-3-58-60-62-30-21-48-49-51-47-53-55-57-61-63-38-32-34-35-44-54-52-20-10-12-14-16-4-6-43-2-8-9-50,126.647,30.9878,0.0148952
dense_64_8,4,0,90780300,306.818,11667207,100000000,38-49-42-44-48-41-40-46-43-45-47-37-36-50-39-34-31-5-25-7-27-3-15-17-12-4-8-14-10-16-6-26-30-55-28-29-2-24-9-11-13-18-19-1-0-33-63-62-32-56-58-35-20-22-59-51-54-57-23-61-60-52-21-53,101.345,205.473,6.93122e-310
dense_64_6,4,1,1591947,95.4135,10954503,100000000,27-19-52-55-53-20-47-24-22-31-48-21-23-50-57-59-61-62-54-63-51-49-58-56-60-30-32-25-33-36-46-28-29-34-43-26-45-18-17-8-16-7-6-12-1-0-13-11-9-10-37-5-35-38-3-2-15-41-40-39-4-44-42-14,76.1638,19.2497,0.0146175
dense_64_8,0,0,27093934,153.163,32311213,100000000,25-5-31-7-27-3-17-15-10-12-16-4-8-14-30-55-6-26-56-58-24-9-11-13-28-29-33-34-36-37-42-38-49-48-44-41-40-43-45-46-47-20-22-59-62-63-18-50-61-1-19-35-39-54-2-23-32-52-57-60-0-21-51-53,95.3244,57.8382,6.91745e-310
dense_64_8,3,0,45099511,169.129,14092014,100000000,38-49-44-42-48-41-43-45-46-47-40-37-36-50-39-34-31-5-25-27-7-3-17-15-12-30-55-6-26-10-16-4-8-14-28-29-0-2-33-62-63-32-19-18-56-58-24-9-11-13-1-35-20-22-59-61-54-57-60-23-52-53-21-51,80.9165,88.2129,6.91277e-310
dense_64_8,5,1,91946188,279.107,11673946,100000000,38-49-42-44-48-41-40-45-46-47-43-37-36-50-39-34-31-27-5-25-7-17-15-3-16-10-12-14-8-4-30-55-26-6-2-24-11-13-9-18-19-33-63-62-28-29-32-1-0-56-58-35-22-20-59-54-61-57-23-60-52-51-21-53,77.3873,201.72,0.0189106
dense_64_6,3,1,3041515,75.5981,11603221,100000000,27-19-52-55-53-20-47-24-22-31-48-50-57-59-61-62-54-63-21-23-51-58-49-56-60-30-32-33-36-25-18-17-8-16-7-6-12-1-0-34-28-29-43-26-13-11-9-5-10-38-37-35-45-3-2-15-46-41-40-39-4-42-44-14,62.2787,13.3194,0.010637
dense_64_11,5,0,69277297,175.315,13312647,100000000,24-25-21-16-22-23-17-18-19-20-13-14-15-12-28-31-27-32-33-34-29-30-35-38-37-36-54-55-56-63-62-61-60-59-57-39-40-46-45-48-41-42-43-47-44-49-10-3-4-5-6-7-8-9-11-1-2-0-52-58-26-50-51-53,90.1665,85.1486,6.93009e-310
dense_64_12,0,0,14311849,116.986,26986226,100000000,5-60-59-22-16-20-18-62-21-55-36-40-44-47-39-48-29-1-3-12-14-24-9-42-46-50-52-38-56-53-41-49-51-54-31-37-43-45-11-61-0-2-4-6-7-8-10-13-15-17-19-23-25-26-27-28-34-58-63-32-33-30-35-57,81.9211,35.0645,6.89955e-310
dense_64_8,4,1,90780300,134.758,11662576,100000000,38-49-42-44-48-41-40-46-43-45-47-37-36-50-39-34-31-5-25-7-27-3-15-17-12-4-8-14-10-16-6-26-30-55-28-29-2-24-9-11-13-18-19-1-0-33-63-62-32-56-58-35-20-22-59-51-54-57-23-61-60-52-21-53,40.4421,94.3156,0.00277636
dense_64_8,3,1,45099511,77.9757,14075735,100000000,38-49-44-42-48-41-43-45-46-47-40-37-36-50-39-34-31-5-25-27-7-3-17-15-12-30-55-6-26-10-16-4-8-14-28-29-0-2-33-62-63-32-19-18-56-58-24-9-11-13-1-35-20-22-59-61-54-57-60-23-52-53-21-51,43.3918,34.5839,0.00265789
dense_64_11,2,0,42135116,123.674,13006123,100000000,24-25-21-16-23-22-20-19-18-17-13-15-14-12-28-31-27-34-33-32-30-29-35-38-37-36-10-3-54-55-56-63-62-61-60-59-57-11-9-8-7-6-5-4-2-1-0-39-40-46-45-48-41-42-43-47-44-49-26-58-52-51-50-53,64.9808,58.6932,6.92177e-310
dense_64_11,2,1,42135116,102.889,13005856,100000000,24-25-21-16-23-22-20-19-18-17-13-15-14-12-28-31-27-34-33-32-30-29-35-38-37-36-10-3-54-55-56-63-62-61-60-59-57-11-9-8-7-6-5-4-2-1-0-39-40-46-45-48-41-42-43-47-44-49-26-58-52-51-50-53,67.5377,35.3513,0.00168109
dense_64_12,2,0,243370,72.6893,3882719,100000000,36-40-55-47-39-48-44-29-21-5-60-59-22-62-16-20-18-50-52-46-42-38-24-14-12-9-3-1-53-49-51-54-45-41-43-37-56-30-28-26-27-61-11-57-34-35-33-32-31-25-58-63-23-15-17-19-13-10-6-7-8-4-2-0,61.8346,10.8547,6.93157e-310
dense_64_12,2,1,243370,62.8994,3882711,100000000,36-40-55-47-39-48-44-29-21-5-60-59-22-62-16-20-18-50-52-46-42-38-24-14-12-9-3-1-53-49-51-54-45-41-43-37-56-30-28-26-27-61-11-57-34-35-33-32-31-25-58-63-23-15-17-19-13-10-6-7-8-4-2-0,56.0444,6.85504,0.00931767
dense_64_11,5,1,69277297,138.751,13308860,100000000,24-25-21-16-22-23-17-18-19-20-13-14-15-12-28-31-27-32-33-34-29-30-35-38-37-36-54-55-56-63-62-61-60-59-57-39-40-46-45-48-41-42-43-47-44-49-10-3-4-5-6-7-8-9-11-1-2-0-52-58-26-50-51-53,62.9197,75.8315,0.00140031
dense_64_15,0,1,6230094,109.431,22621386,100000000,25-20-16-14-17-15-4-6-26-30-31-1-3-5-9-12-23-27-29-38-18-36-7-35-8-13-19-33-37-39-0-21-22-28-32-34-40-2-10-11-24-41-61-53-62-49-42-55-48-50-59-46-51-52-56-57-58-54-43-44-45-63-47-60,93.0825,16.3486,0.00681803
dense_64_15,0,0,6228695,111.213,22760735,100000000,25-20-16-14-17-15-4-6-26-30-31-1-3-5-9-12-23-27-29-38-7-18-35-36-8-13-19-33-37-39-0-21-22-28-32-34-40-2-10-11-24-41-61-53-62-49-42-55-48-50-59-46-51-52-56-57-58-43-44-45-54-63-47-60,93.9936,17.2192,6.93936e-310
dense_64_16,0,1,25113867,53.5245,34483145,100000000,16-33-36-35-39-47-46-49-43-45-18-48-13-14-42-31-37-34-40-41-38-32-44-11-50-29-9-12-26-3-0-2-30-8-6-7-5-17-19-15-10-25-28-1-20-22-4-27-51-21-23-24-52-53-54-57-60-62-58-59-61-63-55-56,37.176,16.3485,0.00279001
dense_64_16,0,0,23471815,53.0563,34709092,100000000,16-33-36-35-39-47-46-49-43-45-18-48-13-14-42-31-37-34-40-41-38-32-44-11-50-29-9-12-26-3-0-2-5-6-7-8-30-1-10-15-17-19-20-22-25-28-4-21-23-24-27-51-52-53-54-57-60-62-58-59-55-61-63-56,36.5158,16.5405,6.93065e-310
dense_64_17,0,1,95961477,73.6317,34290652,100000000,48-36-32-59-62-53-58-63-37-33-50-41-38-46-43-57-34-47-49-44-45-55-60-42-39-40-56-61-51-52-54-31-35-30-29-25-24-26-27-28-23-21-20-19-18-16-12-15-17-11-10-8-7-6-3-2-5-1-4-13-14-9-22-0,36.0705,37.5613,0.00364302
dense_64_17,0,0,96035024,66.845,34521885,100000000,48-36-32-59-62-53-58-63-37-33-50-41-38-46-43-57-34-44-45-47-49-55-60-42-39-40-56-31-51-52-54-61-35-30-29-25-24-26-27-28-23-21-20-19-18-16-12-15-17-11-10-8-7-6-3-2-5-1-4-9-13-14-22-0,32.2232,34.6218,6.93694e-310
dense_64_11,1,0,57749184,81.1647,14658449,100000000,24-25-21-16-13-14-15-17-18-19-20-22-23-12-28-31-27-29-30-32-33-34-35-38-37-54-55-56-57-10-3-36-0-1-2-4-5-6-7-8-9-11-63-62-61-60-39-40-46-45-48-41-42-43-47-44-49-59-52-50-51-58-26-53,39.8735,41.2912,6.90006e-310
dense_64_12,4,0,243370,53.0362,4041655,100000000,36-40-55-39-47-44-48-29-21-5-60-59-22-16-20-62-18-46-42-50-52-38-1-3-9-12-14-24-37-41-43-49-51-45-53-54-56-26-27-28-30-11-61-34-32-33-35-57-0-2-4-31-6-7-8-10-13-15-17-19-23-25-58-63,42.2751,10.7611,6.90522e-310
dense_64_12,1,0,8394067,63.094,8363652,100000000,36-55-40-44-47-39-48-29-21-5-60-59-22-16-20-62-18-1-3-12-14-24-9-42-46-50-52-38-53-41-49-51-54-37-43-45-56-26-27-28-30-11-61-34-32-33-35-57-0-2-4-6-7-8-10-13-15-17-19-23-25-58-63-31,41.4163,21.6777,6.89928e-310
dense_64_11,1,1,57749180,64.2096,14615766,100000000,24-25-21-16-13-14-15-17-18-19-20-22-23-12-28-31-27-29-30-32-33-34-35-38-37-54-55-56-57-10-3-36-0-1-2-4-5-6-7-8-9-11-63-62-61-60-39-40-46-45-48-41-42-43-47-44-49-59-52-50-51-58-26-53,38.6782,25.5314,0.00179239
dense_64_12,3,0,8394067,60.78,8083866,100000000,36-55-40-44-47-39-48-29-21-5-60-59-22-16-20-62-18-1-3-12-14-24-9-42-46-50-52-38-53-41-49-51-54-37-43-45-26-56-27-28-30-11-61-0-34-32-33-35-57-2-4-6-7-8-10-13-15-17-19-23-25-58-63-31,42.7692,18.0108,6.92343e-310
dense_64_12,1,1,8394067,64.2686,8285472,100000000,36-55-40-44-47-39-48-29-21-5-60-59-22-16-20-62-18-1-3-12-14-24-9-42-46-50-52-38-53-41-49-51-54-37-43-45-56-26-27-28-30-11-61-34-32-33-35-57-0-2-4-6-7-8-10-13-15-17-19-23-25-58-63-31,40.6191,23.6495,0.0160498
dense_64_19,0,1,7213386,47.902,33819913,100000000,51-59-33-26-30-41-40-39-29-37-25-54-38-55-57-42-47-43-46-44-45-34-27-32-60-31-35-48-36-28-49-56-58-50-61-53-62-24-21-20-6-18-17-3-5-7-1-8-9-4-0-2-19-10-11-14-13-15-16-12-23-52-63-22,34.4357,13.4663,0.00332886
dense_64_19,0,0,2123931,49.8149,34133431,100000000,51-59-33-26-30-41-40-39-29-37-25-54-38-55-57-27-32-34-42-43-44-45-46-47-60-28-31-35-36-48-49-56-58-50-24-21-20-6-18-17-3-5-7-1-8-9-4-0-2-19-10-11-14-13-15-16-12-23-53-61-62-22-52-63,37.1076,12.7074,6.92453e-310
dense_64_20,0,1,273466,43.1584,35351967,100000000,21-18-22-19-11-6-23-24-12-14-15-16-20-13-17-8-10-7-9-26-27-28-30-31-33-34-37-36-38-35-39-40-43-46-44-42-41-48-49-53-54-55-57-58-60-62-45-47-50-59-51-52-56-3-2-61-63-5-25-29-32-4-1-0,34.7294,8.42897,0.00153954
dense_64_20,0,0,7832861,44.8438,35507058,100000000,21-18-22-19-11-6-23-24-12-14-15-16-20-13-17-8-10-7-9-26-5-4-3-2-44-43-40-46-42-41-48-49-53-54-55-57-58-60-62-45-47-50-51-52-56-59-1-25-27-28-30-31-33-34-37-36-38-35-29-32-39-61-63-0,33.4069,11.4369,6.90191e-310
dense_64_12,4,1,243370,42.4618,4041655,100000000,36-40-55-39-47-44-48-29-21-5-60-59-22-16-20-62-18-46-42-50-52-38-1-3-9-12-14-24-37-41-43-49-51-45-53-54-56-26-27-28-30-11-61-34-32-33-35-57-0-2-4-31-6-7-8-10-13-15-17-19-23-25-58-63,35.3536,7.10822,0.0084466
dense_64_12,3,1,8394067,79.5745,8074933,100000000,36-55-40-44-47-39-48-29-21-5-60-59-22-16-20-62-18-1-3-12-14-24-9-42-46-50-52-38-53-41-49-51-54-37-43-45-26-56-27-28-30-11-61-0-34-32-33-35-57-2-4-6-7-8-10-13-15-17-19-23-25-58-63-31,55.3864,24.1882,0.00926585
dense_64_15,1,0,233317,56.7709,7264841,100000000,16-20-25-14-15-17-30-6-4-26-31-1-3-5-9-12-23-27-29-38-7-35-18-36-33-8-13-19-37-39-0-21-22-28-32-34-40-2-41-61-53-62-49-42-55-48-50-59-46-51-52-54-63-43-44-45-56-57-58-47-60-10-11-24,41.8704,14.9005,6.94988e-310
dense_64_15,4,0,171796347,112.564,3956027,100000000,16-20-25-14-30-17-15-6-26-4-31-1-3-5-9-12-23-27-29-38-7-35-18-36-33-8-13-19-37-39-0-28-32-34-21-22-40-2-10-11-24-41-61-53-62-49-42-55-48-50-59-46-51-52-54-63-43-44-45-56-57-58-47-60,52.16,60.404,6.90117e-310
dense_64_16,1,0,9274146,53.5622,24095190,100000000,16-39-35-33-36-48-47-46-49-45-43-13-14-18-42-44-50-37-31-34-40-41-38-32-11-29-15-17-19-12-9-30-20-26-3-0-2-1-5-6-7-8-10-22-25-28-4-21-23-24-27-51-52-53-54-57-60-62-58-59-55-61-63-56,37.889,15.6732,6.9236e-310
dense_64_16,4,0,30760526,62.8448,21428684,100000000,16-39-33-35-36-47-46-49-48-45-43-13-14-18-42-44-50-37-31-34-40-41-38-32-29-11-15-9-17-19-12-30-20-26-3-0-2-1-8-51-10-22-21-5-6-7-52-25-28-23-4-53-54-57-60-62-58-59-55-61-63-24-27-56,44.6835,18.1613,6.91416e-310
dense_64_15,1,1,233317,63.7554,7238516,100000000,16-20-25-14-15-17-30-6-4-26-31-1-3-5-9-12-23-27-29-38-7-35-18-36-33-8-13-19-37-39-0-21-22-28-32-34-40-2-41-61-53-62-49-42-55-48-50-59-46-51-52-54-63-43-44-45-56-57-58-47-60-10-11-24,48.8209,14.9345,0.00658091
dense_64_17,1,0,1297929,45.3645,21476741,100000000,19-18-20-17-16-21-23-24-25-29-26-27-28-30-31-32-33-36-59-62-63-58-48-53-37-50-57-60-41-34-38-55-51-52-54-56-46-43-47-49-35-44-45-42-39-40-12-61-15-11-10-8-7-6-3-2-5-1-4-9-13-14-22-0,36.6605,8.70407,6.90585e-310
dense_64_23,0,1,52915,59.4269,30613716,100000000,23-26-27-30-43-51-48-45-59-47-63-56-49-44-29-39-21-31-19-15-7-8-25-53-58-10-35-34-33-36-37-28-32-41-42-22-24-40-46-55-60-1-38-54-50-57-62-12-13-14-5-52-3-9-16-4-6-17-0-2-18-20-11-61,53.7083,5.71859,0.00392749
dense_64_16,1,1,14352950,60.1259,23977365,100000000,16-39-35-33-36-48-47-46-49-45-43-13-14-18-42-44-50-37-31-34-40-41-38-32-11-29-15-17-19-12-9-30-20-26-3-0-2-1-8-6-7-5-10-25-28-22-4-27-51-21-23-24-52-53-54-57-60-62-58-59-61-63-55-56,42.2521,17.8738,0.00274671
dense_64_17,4,0,19227546,85.0911,20506590,100000000,19-20-18-17-16-21-23-24-25-29-30-31-32-33-36-59-62-63-58-48-53-37-50-57-60-41-34-38-56-35-55-51-52-54-26-27-28-46-43-47-49-44-45-42-39-40-61-12-15-22-11-10-8-7-6-3-2-5-1-4-0-9-14-13,62.1896,22.9015,6.93387e-310
dense_64_24,0,1,2239680,38.7694,36713882,100000000,41-44-40-42-35-39-34-28-29-30-31-32-33-37-36-38-43-45-46-47-48-62-63-61-60-59-53-54-58-55-56-57-4-49-50-51-3-1-27-52-2-5-6-7-10-8-9-11-12-13-15-14-16-17-18-19-20-23-21-22-24-25-26-0,30.0434,8.72594,0.000965625
dense_64_17,1,1,2584153,46.8373,21366393,100000000,19-18-20-17-16-21-23-24-25-29-26-27-28-30-31-32-33-36-59-62-63-58-48-53-37-50-57-60-41-34-38-55-51-52-54-56-46-43-47-49-35-44-45-42-39-40-61-12-15-11-10-8-7-6-3-2-5-1-4-13-14-9-22-0,37.6828,9.1545,0.00354088
dense_64_23,0,0,51147,67.7117,30948164,100000000,23-26-27-30-43-51-48-45-59-47-63-56-49-44-21-29-39-19-15-7-8-31-25-10-53-58-35-33-34-28-32-36-37-41-42-22-24-40-46-1-55-60-5-12-13-14-38-50-54-57-62-3-4-6-9-16-17-52-0-2-18-11-20-61,59.456,8.25564,6.92284e-310
dense_64_24,0,0,4390365,34.575,36853789,100000000,41-44-40-42-35-39-34-28-29-30-31-32-33-37-36-38-43-45-46-47-48-62-63-49-50-51-61-60-59-53-54-55-58-56-57-4-3-1-2-5-6-7-10-8-9-11-12-13-15-14-16-17-18-19-20-23-21-22-24-25-26-27-52-0,24.8461,9.72895,6.93853e-310
dense_64_18,1,0,186641711,213.891,21187228,100000000,44-45-43-46-47-48-49-9-8-10-50-53-52-36-38-35-34-33-32-29-28-31-37-1-0-24-22-23-16-21-25-42-27-30-7-11-39-20-3-2-54-57-61-58-60-62-63-13-12-15-18-59-14-4-6-17-19-26-40-55-41-56-5-51,32.2796,181.612,6.90958e-310
dense_64_19,1,0,4753041,43.697,12549500,100000000,51-40-26-30-39-41-37-33-29-59-25-38-42-36-32-34-31-27-28-47-43-44-45-46-35-48-49-50-54-55-57-60-56-58-53-61-62-52-63-24-21-20-6-18-17-3-5-7-8-9-1-4-0-2-19-16-11-14-13-15-10-12-23-22,32.2375,11.4595,6.93585e-310
dense_64_25,0,0,24538800,58.0333,35625596,100000000,36-32-24-27-25-26-23-34-28-41-29-30-31-20-17-16-49-37-40-43-46-47-45-15-14-12-10-11-7-33-35-39-44-0-2-6-4-8-9-13-18-19-21-38-42-48-50-53-58-55-60-56-59-62-63-51-57-61-1-3-5-22-52-54,31.7354,26.2979,6.89842e-310
dense_64_20,1,0,5290020,34.9424,20108786,100000000,21-18-19-22-11-6-23-24-12-14-15-16-20-13-17-8-10-26-7-9-25-5-4-3-2-44-43-40-39-38-37-36-34-35-46-42-48-49-53-54-55-57-58-56-50-52-60-62-59-51-1-41-33-31-30-28-45-47-27-29-32-61-63-0,26.2558,8.68665,6.93531e-310
dense_64_17,2,0,267824,72.6248,19841202,100000000,19-18-20-17-16-21-23-24-25-29-28-27-26-30-31-32-33-36-59-62-63-58-48-37-53-50-57-60-41-34-38-56-35-55-54-51-52-46-49-43-47-45-44-42-61-40-39-12-22-15-13-14-11-10-8-7-6-3-2-5-1-4-9-0,64.0356,8.58919,6.90719e-310
dense_64_26,0,0,25234213,82.1141,30709651,100000000,40-32-19-20-16-39-23-21-42-30-34-15-17-27-13-25-5-10-2-7-26-28-29-41-9-18-33-36-31-11-35-37-38-3-4-6-8-1-0-43-45-46-52-62-54-63-60-47-49-57-55-48-50-51-53-56-58-44-59-61-12-22-24-14,59.2137,22.9005,6.94478e-310
dense_64_21,1,0,671175,56.4787,9405004,100000000,18-24-12-8-58-59-37-13-41-52-17-61-38-4-35-1-34-10-5-14-16-40-3-21-36-60-48-6-7-9-19-20-43-44-49-50-51-0-2-11-15-22-23-25-26-39-42-45-53-54-55-56-57-62-63-27-33-31-32-28-29-30-47-46,37.2868,19.1919,6.92235e-310
dense_64_17,5,0,102692894,106.472,20396980,100000000,19-18-20-17-16-21-23-24-25-29-30-31-32-33-36-59-63-62-58-48-53-37-50-60-57-41-34-38-56-35-55-54-51-52-27-28-26-46-43-47-49-44-45-42-39-40-61-12-15-22-11-10-8-7-6-3-2-5-1-4-13-14-0-9,46.5532,59.9192,6.94907e-310
dense_64_17,2,1,267824,71.1313,19835537,100000000,19-18-20-17-16-21-23-24-25-29-28-27-26-30-31-32-33-36-59-62-63-58-48-37-53-50-57-60-41-34-38-56-35-55-54-51-52-46-49-43-47-45-44-42-61-40-39-12-22-15-13-14-11-10-8-7-6-3-2-5-1-4-9-0,62.928,8.20333,0.00321244
dense_64_15,4,1,171796347,107.692,3955846,100000000,16-20-25-14-30-17-15-6-26-4-31-1-3-5-9-12-23-27-29-38-7-35-18-36-33-8-13-19-37-39-0-28-32-34-21-22-40-2-10-11-24-41-61-53-62-49-42-55-48-50-59-46-51-52-54-63-43-44-45-56-57-58-47-60,53.2631,54.429,0.0066354
dense_64_19,4,0,4515509,47.0035,8651335,100000000,51-40-26-30-39-29-33-41-37-59-25-38-42-36-32-34-31-27-28-47-43-44-45-46-35-48-49-50-54-55-57-60-56-58-53-61-62-52-63-24-21-20-6-18-17-3-5-7-8-9-4-16-0-2-19-1-11-14-13-15-10-23-12-22,35.9649,11.0386,6.90067e-310
dense_64_16,4,1,33240204,90.6115,21396501,100000000,16-39-33-35-36-47-46-49-48-45-43-13-14-18-42-44-50-37-31-34-40-41-38-32-29-11-15-9-17-19-12-30-20-26-3-0-2-1-8-51-10-22-21-6-7-5-52-25-28-23-4-53-54-57-60-62-58-59-61-63-55-27-24-56,57.0674,33.5442,0.00273187
dense_64_19,1,1,4753041,43.9206,12507551,100000000,51-40-26-30-39-41-33-37-29-59-25-38-42-36-32-34-31-27-28-47-43-46-44-45-35-48-49-50-54-55-57-60-56-58-61-53-62-52-63-24-21-20-6-18-17-3-5-7-8-9-1-4-0-2-19-16-11-14-13-15-10-12-23-22,32.1236,11.797,0.00342051
dense_64_20,4,0,2660630,56.5749,18904323,100000000,21-18-19-22-11-6-23-24-12-14-15-16-20-13-17-26-25-8-10-7-9-5-27-28-30-31-33-34-37-38-36-35-39-40-43-48-49-53-54-55-57-58-56-50-52-51-46-44-42-60-62-59-3-2-1-41-47-45-61-63-4-29-32-0,48.8341,7.74077,6.93112e-310
dense_64_26,0,1,8441852,70.5341,30489127,100000000,40-32-19-20-16-39-23-21-42-30-34-27-17-15-13-25-41-26-28-29-5-10-2-7-18-33-36-9-31-35-37-38-11-3-4-6-8-43-45-46-52-62-54-63-60-47-49-57-55-48-50-51-53-56-58-59-61-1-0-44-12-24-22-14,56.3772,14.1569,0.00370889
dense_64_20,1,1,13474,41.8987,20038109,100000000,21-18-19-22-11-6-23-24-12-14-15-16-20-13-17-8-10-7-9-26-25-5-27-28-30-31-33-34-37-38-36-35-39-40-43-46-44-42-48-49-53-54-55-57-58-56-50-52-60-62-59-51-3-2-1-41-45-47-61-63-29-32-4-0,33.6789,8.21979,0.0017757
dense_64_17,4,1,19227546,84.2027,20492570,100000000,19-18-20-17-16-21-23-24-25-29-30-31-32-33-36-59-62-63-58-48-53-37-50-57-60-41-34-38-56-35-55-51-52-54-26-27-28-46-43-47-49-44-45-42-39-40-61-12-15-22-11-10-8-7-6-3-2-5-1-4-0-9-14-13,61.2731,22.9296,0.00383378
dense_64_21,4,0,22280388,81.1029,6637303,100000000,24-8-12-18-59-58-37-13-4-41-52-61-17-38-35-1-10-3-21-5-14-16-40-34-60-36-6-7-0-2-9-11-15-19-20-22-23-48-43-44-49-50-51-25-26-39-42-45-53-54-55-56-57-62-63-27-33-47-31-32-46-28-29-30,37.7832,43.3197,6.94483e-310
dense_64_21,1,1,671179,75.0561,9243170,100000000,18-24-12-8-58-59-37-13-41-52-61-17-38-4-35-1-34-10-5-14-16-40-3-21-36-60-48-49-6-7-9-19-20-43-44-50-51-0-2-11-15-22-23-25-26-39-42-45-53-54-55-56-57-62-63-27-33-31-32-29-28-30-47-46,41.6024,33.4537,0.0134198
dense_64_22,4,0,5978855,55.5222,15186830,100000000,19-10-23-32-17-37-18-33-38-21-36-24-34-25-12-13-20-22-35-11-31-46-2-41-42-45-3-49-16-9-27-40-7-44-50-54-39-26-4-6-1-5-43-47-48-59-58-55-57-51-53-52-14-8-15-29-30-28-60-56-61-63-0-62,42.9825,12.5397,6.9261e-310
dense_64_19,2,0,4752610,58.9641,8569086,100000000,51-40-26-30-39-41-37-33-29-59-25-38-42-36-34-32-31-47-27-28-46-43-35-45-48-44-49-50-54-57-60-55-58-56-61-53-62-63-52-24-21-20-6-18-17-7-5-3-8-9-1-4-19-2-0-16-15-14-13-11-10-12-23-22,47.5561,11.4079,6.91465e-310
dense_64_23,1,0,7215683,47.6318,17610698,100000000,51-48-59-44-45-63-49-47-56-43-23-27-26-30-53-58-46-21-29-39-31-25-19-7-8-15-10-62-55-54-60-57-50-28-9-5-6-52-35-33-34-32-36-37-41-42-22-24-40-12-13-14-16-1-38-3-4-17-0-2-18-11-20-61,39.8529,7.7789,6.92761e-310
dense_64_19,2,1,4752610,45.4903,8568208,100000000,51-40-26-30-39-41-37-33-29-59-25-38-42-36-34-32-31-47-27-28-46-43-35-45-48-44-49-50-54-57-60-55-58-56-61-53-62-63-52-24-21-20-6-18-17-7-5-3-8-9-1-4-19-2-0-16-15-14-13-11-10-12-23-22,38.2594,7.23087,0.00328486
dense_64_19,5,0,5629700,44.9174,8677281,100000000,26-40-30-51-39-41-37-29-33-59-25-38-42-36-34-32-31-27-28-47-43-44-45-46-35-48-49-50-60-54-55-57-56-58-61-62-53-63-52-24-21-20-6-18-17-3-5-7-8-9-1-4-16-19-0-2-11-14-13-15-10-23-12-22,34.5272,10.3901,6.93318e-310
dense_64_28,0,0,1032483,66.9097,29606836,100000000,15-9-7-25-4-63-28-43-6-10-12-58-39-1-5-21-11-13-46-49-45-3-23-31-62-2-22-24-29-30-32-48-50-52-56-61-8-14-17-18-19-20-26-27-33-34-35-36-41-42-44-53-57-60-51-54-55-59-37-38-0-40-16-47,58.187,8.72264,6.93442e-310
dense_64_23,4,0,76056696,115.611,14294350,100000000,51-48-59-45-44-49-47-63-56-43-23-27-26-30-53-58-46-21-25-29-39-31-55-62-54-60-19-7-8-15-57-10-50-28-52-9-22-35-33-34-32-36-37-41-42-24-40-5-6-12-13-14-16-38-61-1-20-4-3-17-0-2-18-11,51.8502,63.7606,6.9497e-310
dense_64_24,1,0,13014568,36.1822,22897106,100000000,41-44-40-42-35-39-34-28-30-29-31-32-33-43-45-37-36-38-46-27-47-48-62-63-61-60-59-53-54-52-51-50-55-58-4-49-56-57-3-1-2-5-6-7-10-11-12-13-15-8-9-14-16-17-18-19-20-23-21-22-24-25-26-0,26.5753,9.60697,6.90125e-310
dense_64_20,2,0,5492319,61.8979,18502605,100000000,21-18-19-22-11-6-23-24-20-15-14-12-16-17-13-10-8-9-7-26-25-5-4-3-2-44-43-40-39-38-37-36-34-35-48-49-53-54-55-57-58-50-56-52-51-46-42-62-60-59-1-41-47-45-63-61-33-27-28-31-30-32-29-0,52.5376,9.3603,6.91843e-310
dense_64_20,5,0,9774685,37.8293,18716296,100000000,21-18-19-22-23-24-11-6-20-12-14-15-16-13-17-8-10-7-9-5-26-25-4-3-2-44-43-40-39-38-37-36-35-34-48-49-53-54-55-57-58-50-56-52-51-46-42-60-62-59-1-41-47-33-45-31-27-28-30-61-63-32-29-0,30.8855,6.94382,6.94361e-310
dense_64_20,2,1,5492319,62.188,18500148,100000000,21-18-19-22-11-6-23-24-20-15-14-12-16-17-13-10-8-9-7-26-25-5-4-3-2-44-43-40-39-38-37-36-34-35-48-49-53-54-55-57-58-50-56-52-51-46-42-62-60-59-1-41-47-45-63-61-33-27-28-31-30-32-29-0,52.7291,9.45887,0.0015706
dense_64_24,4,0,2309084,57.1088,21680459,100000000,41-44-40-42-35-39-34-28-30-29-31-32-33-43-45-37-36-38-46-27-47-48-62-63-61-60-49-50-51-52-53-54-58-55-59-4-56-57-26-3-1-25-24-23-20-19-18-21-22-17-16-15-13-12-11-10-7-14-5-6-9-2-8-0,48.3405,8.76823,6.90838e-310
dense_64_17,3,0,6560416,66.773,20778119,100000000,19-20-18-17-16-21-23-24-25-29-30-31-32-33-36-59-62-63-58-48-53-37-50-57-60-41-34-38-56-35-55-51-52-54-26-27-28-46-43-47-49-44-45-42-39-40-61-12-22-15-11-10-8-7-6-3-2-5-1-4-0-9-13-14,51.2464,15.5267,6.90727e-310
dense_64_21,5,0,1086922,41.7248,4304728,100000000,24-18-12-8-59-58-37-41-52-61-13-38-17-4-35-40-21-10-1-14-16-5-3-34-60-36-48-43-44-49-50-51-25-26-39-42-45-53-54-55-56-57-62-63-19-20-22-23-9-11-15-6-7-0-2-27-33-31-32-28-29-30-47-46,30.0653,11.6595,6.90416e-310
dense_64_21,2,0,2353770,68.5131,3126330,100000000,24-8-12-18-59-58-37-41-13-52-61-17-38-35-4-10-40-21-14-16-1-5-3-34-60-36-48-50-51-43-44-49-25-26-39-42-45-53-54-55-56-57-62-63-19-20-22-23-15-9-11-6-7-2-0-33-27-47-31-32-28-30-29-46,53.3071,15.206,6.93145e-310
dense_64_21,2,1,2353770,58.7234,3126324,100000000,24-8-12-18-59-58-37-41-13-52-61-17-38-35-4-10-40-21-14-16-1-5-3-34-60-36-48-50-51-43-44-49-25-26-39-42-45-53-54-55-56-57-62-63-19-20-22-23-15-9-11-6-7-2-0-33-27-47-31-32-28-30-29-46,47.506,11.2174,0.0132285
dense_64_25,4,0,24408123,63.3424,18572472,100000000,36-24-26-25-27-32-23-34-28-41-29-30-31-37-33-35-20-17-16-22-15-14-46-47-45-12-11-10-44-21-7-8-9-49-18-19-13-48-43-40-38-42-39-0-50-53-58-62-63-60-55-56-59-57-61-51-6-4-2-54-52-5-3-1,47.2411,16.1012,6.92966e-310
dense_64_22,5,0,41960724,52.1919,15302948,100000000,19-17-10-37-23-33-18-32-38-24-36-21-34-25-35-12-13-20-22-11-16-31-46-2-41-42-45-3-49-27-9-40-7-44-50-54-39-4-26-6-1-5-59-47-48-43-58-57-55-53-51-52-14-29-30-8-15-28-60-56-61-63-0-62,34.6386,17.5533,6.94621e-310
dense_64_17,5,1,14582580,61.3743,20386452,100000000,19-18-20-17-16-21-23-24-25-29-30-31-32-33-36-59-63-62-58-48-53-37-50-60-57-41-34-38-56-35-55-54-51-52-27-28-26-46-43-47-49-44-45-42-39-40-61-12-15-22-13-14-11-10-8-7-6-3-2-5-1-4-0-9,49.0376,12.3367,0.00321132
dense_64_22,2,0,5664159,54.8502,14628990,100000000,19-23-10-32-17-37-33-18-38-36-21-34-24-25-35-20-22-12-13-11-31-46-2-41-42-45-3-49-40-27-7-44-50-54-9-16-39-26-4-6-43-5-48-47-59-1-58-57-55-53-51-52-14-29-30-28-8-56-15-60-63-61-0-62,42.5289,12.3214,6.94681e-310
dense_64_22,2,1,5664159,57.4146,14627273,100000000,19-23-10-32-17-37-33-18-38-36-21-34-24-25-35-20-22-12-13-11-31-46-2-41-42-45-3-49-40-27-7-44-50-54-9-16-39-26-4-6-43-5-48-47-59-1-58-57-55-53-51-52-14-29-30-28-8-56-15-60-63-61-0-62,48.8243,8.5903,0.00175665
dense_64_26,4,0,10167223,54.741,9920852,100000000,40-32-19-20-16-21-23-39-30-42-17-27-34-15-41-13-18-25-26-28-29-31-33-22-36-38-35-37-24-5-10-11-43-45-46-52-62-63-54-60-47-49-57-55-59-61-48-50-51-53-56-58-2-7-1-0-9-44-3-4-6-8-12-14,45.9588,8.7822,6.92867e-310
dense_64_23,5,0,71828346,77.4968,14095217,100000000,51-48-59-44-45-63-49-47-56-43-23-27-26-30-58-53-46-55-39-31-29-21-25-54-60-57-19-7-8-15-10-50-28-62-52-9-35-33-34-32-36-37-41-42-40-22-24-5-6-12-13-14-16-38-61-1-20-17-3-4-18-0-2-11,42.5606,34.9362,6.9399e-310
dense_64_24,5,0,2157163,34.2037,21622784,100000000,41-44-42-40-35-39-34-28-30-29-31-32-33-45-43-37-36-38-46-27-47-48-62-63-61-60-49-50-51-52-53-54-58-55-59-4-56-57-26-3-1-5-25-24-23-20-19-18-21-22-17-16-15-13-12-11-10-7-14-2-6-9-8-0,26.3089,7.89484,6.90639e-310
dense_64_23,2,1,71813814,108.671,13671639,100000000,51-48-59-44-45-49-47-63-56-43-23-27-26-30-58-53-46-62-55-39-31-29-25-21-54-60-57-50-19-7-8-15-10-28-52-9-35-34-42-33-41-36-37-32-40-24-22-5-6-14-13-12-16-38-61-1-4-17-20-3-2-18-0-11,68.7816,39.8889,0.00401756
dense_64_23,2,0,71813814,125.648,13672158,100000000,51-48-59-44-45-49-47-63-56-43-23-27-26-30-58-53-46-62-55-39-31-29-25-21-54-60-57-50-19-7-8-15-10-28-52-9-35-34-42-33-41-36-37-32-40-24-22-5-6-14-13-12-16-38-61-1-4-17-20-3-2-18-0-11,68.9242,56.7238,6.93832e-310
dense_64_29,0,0,431609551,338.095,35386672,100000000,48-57-46-41-34-38-37-44-61-40-35-36-39-55-59-52-54-56-58-60-47-50-51-33-42-43-45-49-53-62-63-32-31-30-28-27-20-21-18-22-23-24-25-26-17-3-6-0-1-4-5-9-15-2-14-11-12-7-8-10-13-19-29-16,32.1338,305.961,6.93028e-310
dense_64_25,5,0,60549913,82.099,18005682,100000000,26-24-36-25-27-32-23-34-28-41-37-33-35-29-30-31-20-17-16-22-15-14-46-47-45-12-11-10-44-21-18-19-49-7-9-8-13-48-43-40-38-42-39-50-53-58-62-63-60-55-56-59-57-0-6-51-61-2-4-52-54-1-5-3,28.9158,53.1832,6.90236e-310
dense_64_28,0,1,1032483,67.4998,29187181,100000000,15-9-7-25-4-63-28-43-6-10-12-58-39-5-21-1-11-13-46-49-45-3-23-31-62-2-22-24-30-32-61-29-48-50-52-56-8-14-17-18-19-20-26-27-33-34-35-36-41-42-44-60-57-53-51-54-55-59-37-38-0-40-16-47,58.987,8.51273,0.00712805
dense_64_24,2,0,21101456,54.8159,21518758,100000000,41-44-42-40-35-39-34-28-30-29-31-32-33-45-43-37-38-36-46-27-47-48-62-63-61-60-49-50-51-52-53-54-59-58-55-4-57-56-3-26-1-5-6-7-10-11-12-13-15-16-17-18-19-20-23-22-21-24-14-25-2-9-8-0,43.9513,10.8645,6.90845e-310
dense_64_24,2,1,22695917,63.4792,21508905,100000000,41-44-42-40-35-39-34-28-30-29-31-32-33-45-43-37-38-36-46-27-47-48-62-63-61-60-49-50-51-52-53-54-59-58-55-4-57-56-3-26-1-5-6-7-10-11-12-13-15-16-17-18-19-20-23-22-21-24-14-25-9-2-8-0,47.4226,16.0566,0.000911287
dense_64_30,0,0,11278554,60.2538,32443673,100000000,21-19-31-40-22-20-39-52-43-62-47-58-63-53-25-17-16-27-29-23-32-41-18-24-26-28-30-49-42-45-50-34-35-37-44-48-60-38-59-13-12-11-33-36-46-61-7-6-4-2-0-1-3-5-8-9-15-51-54-56-57-10-14-55,46.8352,13.4187,6.94338e-310
dense_64_19,4,1,4515509,40.9565,8646072,100000000,51-40-26-30-39-29-33-41-37-59-25-38-42-36-32-34-31-27-28-47-43-44-45-46-35-48-49-50-54-55-57-60-56-58-53-61-62-52-63-24-21-20-6-18-17-3-5-7-8-9-4-16-0-2-19-1-11-14-13-15-10-23-12-22,33.5209,7.43561,0.00329549
dense_64_26,5,0,667047,55.6838,9577414,100000000,32-19-40-20-16-21-23-39-42-30-27-17-41-34-15-33-25-26-28-29-31-13-18-22-36-38-35-37-24-5-10-11-43-45-46-52-62-63-54-60-57-47-49-55-61-59-48-50-51-53-56-58-2-7-9-1-0-44-12-14-3-4-6-8,46.232,9.45182,6.92642e-310
dense_64_25,2,1,15664282,59.9704,17918203,100000000,26-36-24-25-27-32-23-34-28-41-37-35-33-31-30-29-20-17-16-46-45-47-15-14-12-11-10-22-44-21-49-7-9-8-19-18-13-48-43-40-42-38-39-50-53-58-62-63-55-60-56-59-57-61-51-54-6-0-52-2-4-1-5-3,45.9751,13.9953,0.00167899
dense_64_25,2,0,15664282,66.0233,17921318,100000000,26-36-24-25-27-32-23-34-28-41-37-35-33-31-30-29-20-17-16-46-45-47-15-14-12-11-10-22-44-21-49-7-9-8-19-18-13-48-43-40-42-38-39-50-53-58-62-63-55-60-56-59-57-61-51-54-6-0-52-2-4-1-5-3,51.3948,14.6285,6.93975e-310
dense_64_20,4,1,2660630,53.4808,18887407,100000000,21-18-19-22-11-6-23-24-12-14-15-16-20-13-17-26-25-8-10-7-9-5-27-28-30-31-33-34-37-38-36-35-39-40-43-48-49-53-54-55-57-58-56-50-52-51-46-44-42-60-62-59-3-2-1-41-47-45-61-63-4-29-32-0,47.0583,6.42249,0.00159259
dense_64_23,1,1,10239657,57.0007,17448469,100000000,51-48-59-44-45-63-49-47-56-43-23-27-26-30-53-58-46-29-39-21-31-25-19-7-8-15-10-62-55-54-60-57-50-28-9-5-6-52-35-34-33-36-37-32-41-42-22-24-40-12-13-14-16-1-38-3-4-17-0-2-18-20-11-61,43.7644,13.2363,0.00435794
dense_64_26,2,1,5441358,63.6883,9229998,100000000,40-32-19-20-16-21-23-39-42-30-34-15-27-17-41-33-25-26-28-29-31-18-13-22-36-38-37-35-24-43-45-46-52-62-63-54-60-57-47-49-55-61-59-58-56-53-50-48-51-5-10-11-7-9-2-1-0-44-14-8-6-4-12-3,54.9237,8.76453,0.00357331
dense_64_26,2,0,5441358,73.6423,9230628,100000000,40-32-19-20-16-21-23-39-42-30-34-15-27-17-41-33-25-26-28-29-31-18-13-22-36-38-37-35-24-43-45-46-52-62-63-54-60-57-47-49-55-61-59-58-56-53-50-48-51-5-10-11-7-9-2-1-0-44-14-8-6-4-12-3,60.7237,12.9186,6.90607e-310
dense_64_24,1,1,13014568,44.6978,22842815,100000000,41-44-40-42-35-39-34-28-30-29-31-32-33-43-45-37-36-38-46-27-47-48-62-63-61-60-59-53-54-52-51-50-58-55-4-49-56-57-3-1-2-5-6-7-10-11-12-13-15-8-9-14-16-17-18-19-20-23-21-22-24-25-26-0,30.7869,13.9109,0.00103176
dense_64_21,4,1,22106139,103.773,6636921,100000000,24-8-12-18-59-58-37-13-4-41-52-61-17-38-35-1-10-3-21-5-14-16-40-34-60-36-6-7-0-2-9-11-15-19-20-22-23-48-43-44-49-50-51-25-26-39-42-45-53-54-55-56-57-62-63-27-33-47-31-32-46-29-28-30,39.8034,63.9697,0.0135522
dense_64_26,1,0,30561524,71.0983,12699009,100000000,40-32-19-20-16-21-23-39-42-30-34-15-17-27-41-13-25-26-28-29-18-33-31-36-38-22-35-37-5-10-2-7-9-1-0-11-43-45-46-52-62-63-54-60-47-49-57-55-59-61-48-50-51-53-56-58-44-24-3-4-6-8-12-14,36.2057,34.8926,6.9428e-310
dense_64_22,4,1,5978855,57.5879,15178143,100000000,19-10-23-32-17-37-18-33-38-21-36-24-34-25-12-13-20-22-35-11-31-46-2-41-42-45-3-49-16-9-27-40-7-44-50-54-39-26-4-6-1-5-43-47-48-59-58-55-57-51-53-52-14-8-15-29-30-28-56-60-61-63-0-62,43.0975,14.4904,0.00163875
dense_64_25,1,1,211398828,116.435,20968887,100000000,26-27-24-25-36-32-23-34-28-41-29-30-31-37-33-35-46-47-45-44-20-17-16-15-14-12-11-10-13-7-8-9-48-49-22-21-18-19-43-40-39-50-53-58-62-63-60-55-56-59-57-61-38-42-51-0-6-2-4-54-52-3-1-5,32.2249,84.2099,0.00147681
dense_64_19,3,0,5910642,41.3678,10596666,100000000,26-40-51-30-39-41-37-33-29-25-59-38-27-42-36-32-34-31-28-47-43-44-45-46-35-48-49-50-54-55-57-60-56-58-24-53-61-62-52-63-21-20-6-18-17-3-5-7-8-9-16-0-1-4-2-19-11-14-13-15-10-12-23-22,31.0156,10.3521,6.94548e-310
dense_64_20,3,0,4371088,49.1499,19375892,100000000,21-18-19-22-11-6-23-24-12-14-15-16-20-13-17-5-26-8-10-25-7-9-4-3-2-44-43-40-39-38-37-36-34-35-48-49-53-54-55-57-58-50-56-52-51-46-42-60-62-59-1-41-33-47-45-31-30-28-61-63-27-32-29-0,40.2521,8.89783,6.90892e-310
dense_64_19,5,1,5629700,42.2378,8672345,100000000,26-40-30-51-39-41-37-29-33-59-25-38-42-36-34-32-31-27-28-47-43-44-45-46-35-48-49-50-60-54-55-57-56-58-61-62-53-63-52-24-21-20-6-18-17-3-5-7-8-9-1-4-16-19-0-2-11-14-13-15-10-23-12-22,31.9288,10.309,0.00340388
dense_64_23,4,1,76056696,103.895,14289849,100000000,51-48-59-45-44-49-47-63-56-43-23-27-26-30-53-58-46-21-25-29-39-31-55-62-54-60-19-7-8-15-57-10-50-28-52-9-22-35-33-34-32-36-37-41-42-24-40-5-6-12-13-14-16-38-61-1-20-4-3-17-0-2-18-11,51.2121,52.6827,0.00395533
dense_64_20,5,1,9774685,38.7593,18702099,100000000,21-18-19-22-23-24-11-6-20-12-14-15-16-13-17-8-10-7-9-5-26-25-4-3-2-44-43-40-39-38-37-36-35-34-48-49-53-54-55-57-58-50-56-52-51-46-42-60-62-59-1-41-47-33-45-31-27-28-30-61-63-32-29-0,31.7567,7.00255,0.00156872
dense_64_17,3,1,6560416,67.8165,20756583,100000000,19-20-18-17-16-21-23-24-25-29-30-31-32-33-36-59-62-63-58-48-53-37-50-57-60-41-34-38-56-35-55-51-52-54-26-27-28-46-43-47-49-44-45-42-39-40-61-12-15-22-11-10-8-7-6-3-2-5-1-4-0-9-13-14,51.4765,16.34,0.00325126
dense_64_28,4,0,8514498,46.7027,4732426,100000000,15-9-25-7-43-63-6-12-10-28-4-58-39-5-21-13-46-49-45-1-11-29-62-3-59-57-31-2-61-23-22-24-8-14-17-18-19-20-26-27-33-34-35-36-41-42-44-60-30-32-37-38-40-48-50-52-56-51-54-55-0-16-53-47,33.2006,13.5021,6.94784e-310
dense_64_21,3,0,671175,78.6485,9149728,100000000,18-24-12-8-58-59-37-13-41-52-61-17-38-4-35-10-34-1-5-14-16-40-3-21-36-60-48-6-7-9-19-20-43-44-49-50-51-0-2-11-15-22-23-25-26-39-42-45-53-54-55-56-57-62-63-27-33-31-32-28-29-30-47-46,50.6165,28.032,6.92545e-310
dense_64_24,4,1,2252885,58.3634,21660554,100000000,41-44-40-42-35-39-34-28-30-29-31-32-33-43-45-37-36-38-46-27-47-48-62-63-61-60-49-50-51-52-53-54-58-55-59-4-56-57-26-3-1-25-24-23-20-19-18-21-22-17-16-15-13-12-11-10-7-14-5-6-8-9-2-0,49.0195,9.34386,0.000926896
dense_64_29,0,1,541594994,511.492,35170270,100000000,48-57-46-41-34-38-37-44-61-40-55-35-36-39-59-56-58-60-54-52-47-51-50-45-62-63-53-49-33-42-43-32-31-30-28-27-20-21-18-22-23-24-25-26-17-3-6-0-1-4-5-9-15-14-2-11-12-10-19-13-7-8-29-16,30.3972,481.095,0.00148435
dense_64_21,5,1,1086922,50.7426,4304680,100000000,24-18-12-8-59-58-37-41-52-61-13-38-17-4-35-40-21-10-1-14-16-5-3-34-60-36-48-43-44-49-50-51-25-26-39-42-45-53-54-55-56-57-62-63-19-20-22-23-9-11-15-6-7-0-2-27-33-31-32-28-29-30-47-46,36.2315,14.5111,0.0137076
dense_64_25,4,1,24408123,68.6651,18552941,100000000,36-24-26-25-27-32-23-34-28-41-29-30-31-37-33-35-20-17-16-22-15-14-46-47-45-12-11-10-44-21-7-8-9-49-18-19-13-48-43-40-38-42-39-0-50-53-58-62-63-60-55-56-59-57-61-51-6-4-2-54-52-5-3-1,52.2882,16.3769,0.00148377
dense_64_30,0,1,11537292,55.3598,32124923,100000000,21-19-31-40-22-20-39-52-43-62-47-63-58-53-25-17-16-27-29-23-32-41-18-24-26-28-30-49-42-50-45-44-48-34-35-37-60-38-59-33-36-61-46-13-12-11-51-57-7-6-4-2-0-1-56-54-3-5-8-9-15-55-10-14,43.4287,11.9311,0.0047675
dense_64_22,5,1,41975988,69.0465,15295246,100000000,19-17-10-37-23-33-18-32-38-24-36-21-34-25-35-12-13-20-22-11-16-31-46-2-41-42-45-3-49-27-9-40-7-44-50-54-39-4-26-6-5-1-59-47-48-43-58-57-55-53-51-52-14-29-30-8-15-28-60-56-61-63-0-62,39.7003,29.3462,0.00177429
dense_64_26,4,1,10167223,59.5588,9912005,100000000,40-32-19-20-16-21-23-39-30-42-17-27-34-15-41-13-18-25-26-28-29-31-33-22-36-38-35-37-24-5-10-11-43-45-46-52-62-63-54-60-47-49-57-55-59-61-48-50-51-53-56-58-2-7-1-0-9-44-3-4-6-8-12-14,50.8978,8.66096,0.0034496
dense_64_29,4,0,397772105,213.601,14189866,100000000,3-4-6-0-5-1-17-18-2-15-20-21-9-7-14-22-23-24-25-26-19-27-28-30-31-29-11-32-33-34-38-37-41-48-46-57-44-39-35-36-40-61-55-59-54-56-58-60-45-47-52-51-50-53-62-63-49-42-43-10-16-8-12-13,43.1314,170.47,6.95008e-310
dense_64_28,5,0,9466910,48.7856,4304019,100000000,15-9-25-7-12-43-63-6-28-10-4-58-39-21-13-46-49-45-5-1-11-29-62-3-59-57-23-31-22-24-30-32-61-14-17-18-19-20-26-27-33-34-35-36-41-42-44-60-8-2-40-38-37-0-16-50-52-56-51-48-54-55-53-47,32.8337,15.9518,6.9345e-310
dense_64_23,5,1,71828346,92.2854,14090594,100000000,51-48-59-44-45-63-49-47-56-43-23-27-26-30-58-53-46-55-39-31-29-21-25-54-60-57-19-7-8-15-10-50-28-62-52-9-35-33-34-32-36-37-41-42-40-22-24-5-6-12-13-14-16-38-61-1-20-17-3-4-18-0-2-11,42.5299,49.7555,0.00403319
dense_64_29,5,0,32767141,64.8559,14261667,100000000,3-4-6-5-0-1-17-18-2-15-20-21-9-14-7-19-23-24-25-26-22-27-28-30-31-29-11-12-16-10-32-33-34-37-38-41-48-46-57-44-61-59-58-60-55-56-54-47-45-40-39-35-36-52-51-50-62-63-53-49-42-43-8-13,28.9197,35.9363,6.92262e-310
dense_64_24,5,1,2157163,46.3745,21605571,100000000,41-44-42-40-35-39-34-28-30-29-31-32-33-45-43-37-36-38-46-27-47-48-62-63-61-60-49-50-51-52-53-54-58-55-59-4-56-57-26-3-1-5-25-24-23-20-19-18-21-22-17-16-15-13-12-11-10-7-14-2-6-9-8-0,37.0531,9.32139,0.000912094
dense_64_28,2,1,9466893,61.0784,4223285,100000000,15-9-25-7-43-63-12-28-6-10-4-58-39-21-5-13-46-45-49-11-1-29-62-3-59-57-31-30-32-61-26-27-33-34-35-36-41-42-44-60-23-22-24-17-18-19-20-14-8-2-40-37-38-0-16-56-52-50-48-51-54-55-53-47,50.5469,10.5314,0.0068935
dense_64_28,2,0,9466893,64.6235,4223285,100000000,15-9-25-7-43-63-12-28-6-10-4-58-39-21-5-13-46-45-49-11-1-29-62-3-59-57-31-30-32-61-26-27-33-34-35-36-41-42-44-60-23-22-24-17-18-19-20-14-8-2-40-37-38-0-16-56-52-50-48-51-54-55-53-47,48.2223,16.4013,6.92174e-310
dense_64_29,2,1,5675718,45.9782,13569885,100000000,3-4-6-0-5-1-17-18-2-15-20-21-9-14-7-19-26-25-24-23-22-27-28-30-29-31-8-11-10-12-13-32-33-34-38-37-41-48-57-46-44-40-39-36-35-61-55-59-60-58-56-54-47-45-52-51-50-63-62-53-49-43-42-16,39.156,6.82228,0.00177169
dense_64_25,5,1,60510938,90.6047,17992930,100000000,26-24-36-25-27-32-23-34-28-41-37-33-35-29-30-31-20-17-16-22-15-14-46-47-45-12-11-10-44-21-18-19-49-7-9-8-13-48-43-40-38-42-39-50-53-58-62-63-60-55-56-59-57-0-6-51-61-2-4-54-52-1-5-3,30.4913,60.1134,0.00168132
dense_64_29,2,0,5675718,59.2425,13570156,100000000,3-4-6-0-5-1-17-18-2-15-20-21-9-14-7-19-26-25-24-23-22-27-28-30-29-31-8-11-10-12-13-32-33-34-38-37-41-48-57-46-44-40-39-36-35-61-55-59-60-58-56-54-47-45-52-51-50-63-62-53-49-43-42-16,48.4783,10.7642,6.95088e-310
dense_64_28,1,0,102390,44.9206,7862766,100000000,15-9-25-7-63-28-6-10-43-4-12-58-39-5-21-1-11-13-46-49-45-29-3-62-59-57-23-31-2-22-24-30-32-61-8-14-17-18-19-20-26-27-33-34-35-36-41-42-44-60-37-38-40-48-50-52-56-51-54-55-53-47-0-16,36.7398,8.18076,6.91794e-310
dense_64_26,5,1,667047,51.4173,9571922,100000000,32-19-40-20-16-21-23-39-42-30-27-17-41-34-15-33-25-26-28-29-31-13-18-22-36-38-35-37-24-5-10-11-43-45-46-52-62-63-54-60-57-47-49-55-61-59-48-50-51-53-56-58-2-7-9-1-0-44-12-14-3-4-6-8,41.612,9.80527,0.00348376
dense_64_29,1,0,5235874,41.3456,16398875,100000000,3-4-6-0-5-1-17-18-2-20-21-15-22-23-24-25-26-19-9-14-7-27-28-30-29-31-11-12-8-10-13-32-33-34-38-37-41-48-57-46-44-40-35-36-39-61-55-59-54-56-58-60-47-45-52-50-51-49-53-62-63-42-43-16,30.9035,10.4421,6.91825e-310
dense_64_19,3,1,5910642,50.9463,10586112,100000000,26-40-51-30-39-41-37-33-29-25-59-38-27-42-36-32-34-31-28-47-43-44-45-46-35-48-49-50-54-55-57-60-56-58-24-53-61-62-52-63-21-20-6-18-17-3-5-7-8-9-16-0-1-4-2-19-11-14-13-15-10-12-23-22,40.0886,10.8577,0.00356446
dense_64_23,3,0,10369177,66.4472,17251204,100000000,51-48-59-44-45-63-49-47-56-43-23-27-26-30-53-58-21-46-29-39-31-25-19-7-8-15-10-62-55-54-60-57-50-28-9-5-6-52-22-35-33-34-32-36-37-41-42-24-40-12-13-14-16-1-38-0-4-17-3-18-2-20-11-61,53.8665,12.5806,6.92139e-310
dense_64_20,3,1,4371104,54.6956,19354817,100000000,21-18-19-22-11-6-23-24-12-14-15-16-20-13-17-5-26-8-10-25-7-9-4-3-2-44-43-40-39-38-37-36-34-35-48-49-53-54-55-57-58-50-56-52-51-46-42-60-62-59-1-41-33-45-47-31-30-28-61-63-27-32-29-0,46.9943,7.70128,0.00172285
dense_64_24,3,0,7484929,53.1139,22345779,100000000,41-44-40-42-35-34-28-30-29-39-31-32-33-43-45-27-37-36-38-46-47-48-62-63-61-60-4-59-53-54-52-51-50-58-55-49-56-57-3-1-26-25-24-23-20-19-18-21-22-17-16-15-13-12-11-10-7-14-5-6-8-2-9-0,43.2398,9.87413,6.93646e-310
dense_64_21,3,1,671179,63.8805,9148768,100000000,18-24-12-8-58-59-37-13-41-52-61-17-38-4-35-10-34-1-5-14-16-40-3-21-36-60-48-6-7-9-19-20-43-44-49-50-51-0-2-11-15-22-23-25-26-39-42-45-53-54-55-56-57-62-63-27-33-31-32-29-28-30-47-46,45.4587,18.4217,0.0137058
dense_64_25,3,0,29352208,49.3886,19896435,100000000,36-26-24-27-25-32-23-34-28-20-17-16-41-29-30-31-37-33-35-15-14-12-11-10-46-47-45-44-22-7-49-21-18-19-13-8-9-48-40-43-39-50-53-58-62-63-55-60-56-59-57-0-38-61-6-42-51-2-4-54-52-5-3-1,39.6929,9.69573,6.93269e-310
dense_64_33,0,0,11521679,56.2699,34405140,100000000,22-24-29-23-49-48-43-54-42-25-28-30-39-36-62-38-63-10-11-17-9-14-15-52-56-26-27-8-7-2-4-6-1-12-13-37-16-41-51-57-0-3-5-18-34-45-46-53-55-59-19-20-21-31-32-33-40-44-47-61-35-50-58-60,41.2804,14.9894,6.94092e-310
dense_64_28,4,1,8514498,45.712,4732423,100000000,15-9-25-7-43-63-6-12-10-28-4-58-39-5-21-13-46-49-45-1-11-29-62-3-59-57-31-2-61-23-22-24-8-14-17-18-19-20-26-27-33-34-35-36-41-42-44-60-30-32-37-38-40-48-50-52-56-51-54-55-0-16-53-47,33.112,12.6,0.00696695
dense_64_26,3,0,12331119,60.6293,12382829,100000000,40-32-19-20-16-21-23-39-17-30-42-34-15-27-41-22-13-25-26-28-29-18-33-31-36-38-35-37-5-10-2-7-1-0-9-11-43-45-46-52-62-63-54-60-47-49-57-55-59-61-48-50-51-53-56-58-44-24-3-4-6-8-12-14,47.3516,13.2777,6.94834e-310
dense_64_29,4,1,397772105,198.532,14187316,100000000,3-4-6-0-5-1-17-18-2-15-20-21-9-7-14-22-23-24-25-26-19-27-28-30-31-29-11-32-33-34-38-37-41-48-46-57-44-39-35-36-40-61-55-59-54-56-58-60-45-47-52-51-50-62-63-53-49-42-43-10-16-8-12-13,47.8856,150.646,0.00155604
dense_64_28,1,1,1032335,44.4502,7844265,100000000,15-9-25-7-28-63-6-10-43-4-12-58-39-5-21-1-11-13-46-49-45-29-3-62-59-57-23-31-2-22-24-30-32-61-8-14-17-18-19-20-26-27-33-34-35-36-41-42-44-60-37-38-40-48-50-52-56-51-54-55-53-0-16-47,36.6498,7.80036,0.00694943
dense_64_29,1,1,5233047,36.4016,16340741,100000000,3-4-6-0-5-1-17-18-2-20-21-15-22-23-24-25-26-19-9-14-7-27-28-30-29-31-11-12-10-13-8-32-33-34-38-37-41-48-57-46-44-40-35-36-39-61-55-59-56-58-60-54-47-45-52-51-50-62-63-53-49-42-43-16,28.5884,7.81316,0.00183685
dense_64_28,5,1,9466910,47.6681,4304016,100000000,15-9-25-7-12-43-63-6-28-10-4-58-39-21-13-46-49-45-5-1-11-29-62-3-59-57-23-31-22-24-30-32-61-14-17-18-19-20-26-27-33-34-35-36-41-42-44-60-8-2-40-38-37-0-16-50-52-56-51-48-54-55-53-47,29.684,17.9842,0.00675462
dense_64_36,0,0,1904443,40.4246,35930395,100000000,43-39-4-8-3-11-24-26-22-36-33-34-20-23-27-40-62-61-60-44-21-25-37-38-41-42-53-52-51-50-48-17-18-49-55-56-59-1-2-7-9-12-13-15-16-35-45-46-58-0-5-6-14-19-28-29-30-31-32-47-54-57-10-63,31.4398,8.98479,6.92789e-310
dense_64_29,5,1,33219630,75.1089,14259891,100000000,3-4-6-5-0-1-17-18-2-15-20-21-9-14-7-19-23-24-25-26-22-27-28-30-31-29-11-12-16-10-32-33-34-37-38-41-48-46-57-44-61-59-58-60-55-56-54-47-45-40-39-35-36-52-51-50-62-63-53-49-42-43-13-8,37.9391,37.1698,0.00171733
dense_64_33,0,1,5715867,51.7756,34232949,100000000,22-24-29-23-49-48-43-54-42-30-39-36-62-38-63-25-28-10-11-17-9-14-15-52-56-26-27-8-7-2-4-6-12-13-1-37-16-41-51-57-53-55-0-3-5-18-45-46-34-59-40-44-33-31-32-21-47-19-20-61-50-58-35-60,40.6871,11.0885,0.00123108
dense_64_23,3,1,7215694,63.9919,17210803,100000000,51-48-59-44-45-63-49-47-56-43-23-27-26-30-53-58-21-46-29-39-31-25-19-7-8-15-10-62-55-54-60-57-50-28-9-5-6-52-22-35-34-33-36-37-32-41-42-24-40-12-13-14-16-1-38-0-4-17-3-18-2-11-20-61,55.2698,8.72205,0.00411436
dense_64_24,3,1,7613800,57.8938,22322036,100000000,41-44-40-42-35-34-28-30-29-39-31-32-33-43-45-27-37-36-38-46-47-48-62-63-61-60-4-59-53-54-52-51-50-58-55-49-56-57-3-1-26-25-24-23-20-19-18-21-22-17-16-15-13-12-11-10-7-14-5-6-8-9-2-0,47.7163,10.1776,0.00101289
dense_64_28,3,0,2311871,49.0026,7165253,100000000,15-9-25-7-63-28-6-10-43-4-12-58-39-1-5-21-13-46-49-45-11-29-3-62-57-2-59-23-31-22-24-30-32-61-8-14-17-18-19-20-26-27-33-34-35-36-41-42-44-60-37-38-40-54-55-48-50-52-56-51-0-16-47-53,40.2746,8.728,6.9088e-310
dense_64_25,3,1,27755750,50.694,19862277,100000000,36-26-24-27-25-32-23-34-28-20-17-16-41-29-30-31-37-33-35-15-14-12-11-10-46-47-45-44-22-7-49-21-18-19-13-8-9-48-40-43-39-50-53-58-62-63-60-55-56-59-57-0-38-61-42-51-6-2-4-54-52-5-3-1,41.1582,9.53582,0.00163945
dense_64_26,3,1,12331119,65.7456,12366877,100000000,40-32-19-20-16-21-23-39-17-30-42-34-15-27-41-22-13-25-26-28-29-18-33-31-36-38-35-37-5-10-2-7-1-0-9-11-43-45-46-52-62-63-54-60-47-49-57-55-59-61-48-50-51-53-56-58-44-24-3-4-6-8-12-14,47.9387,17.8069,0.00355676
dense_64_29,3,0,400013606,300.817,15004996,100000000,3-4-6-0-5-1-17-18-2-20-21-15-7-22-23-24-25-26-19-9-14-27-28-30-31-29-32-33-34-38-37-41-48-57-46-44-35-36-39-40-61-55-59-54-56-58-60-47-45-52-50-49-53-62-63-51-42-43-11-12-16-8-10-13,36.4199,264.397,6.90459e-310
dense_64_38,0,0,351906,76.7003,26949838,100000000,29-50-61-38-40-54-56-58-30-37-17-9-1-16-6-14-12-26-41-45-52-39-43-47-20-22-24-19-21-23-25-35-32-33-34-36-60-62-5-27-28-42-44-46-48-49-51-53-55-57-59-63-3-7-0-2-4-13-15-8-10-11-18-31,69.183,7.51724,6.94457e-310
dense_64_36,0,1,1961778,39.9689,35694613,100000000,43-39-4-8-3-11-24-26-22-36-33-34-23-20-27-40-62-61-60-44-21-25-37-38-41-42-53-52-51-50-48-17-18-59-49-55-56-15-7-9-45-46-16-1-2-12-13-35-58-0-14-5-6-54-19-28-57-47-32-29-30-31-10-63,31.7941,8.17474,0.00130998
dense_64_28,3,1,2311871,50.2071,7164909,100000000,15-9-25-7-63-28-6-10-43-4-12-58-39-1-5-21-13-46-49-45-11-29-3-62-57-2-59-23-31-22-24-30-32-61-8-14-17-18-19-20-26-27-33-34-35-36-41-42-44-60-37-38-40-54-55-48-50-52-56-51-0-16-47-53,41.1982,9.00897,0.00697618
dense_64_29,3,1,395744923,266.858,14997245,100000000,3-4-6-0-5-1-17-18-2-20-21-15-7-22-23-24-25-26-19-9-14-27-28-30-31-29-32-33-34-38-37-41-48-57-46-44-35-36-39-40-61-55-59-56-58-60-54-47-45-52-50-62-63-53-49-51-42-43-11-12-16-10-13-8,37.9794,228.879,0.00187488
dense_64_38,0,1,254815,68.5896,26400066,100000000,29-50-61-38-40-54-56-58-37-30-17-9-1-16-6-14-12-26-41-45-52-39-43-47-20-22-24-19-21-23-25-35-32-33-34-36-60-62-27-28-42-44-46-48-49-51-53-55-57-59-63-5-3-7-0-2-4-13-15-8-10-11-18-31,59.4121,9.17747,0.0111774
dense_64_34,5,0,1785329,68.705,1670037,100000000,46-33-35-62-9-2-34-53-59-26-4-49-16-31-42-19-56-48-44-37-39-27-21-25-17-10-12-29-6-8-3-1-60-58-43-51-23-5-15-30-20-18-57-50-52-61-63-47-54-55-36-40-41-45-0-7-11-22-24-28-13-14-32-38,56.652,12.053,6.91869e-310
dense_64_35,5,0,2082510,54.318,621243,100000000,38-36-18-30-47-62-5-61-33-23-46-31-29-15-40-8-51-55-41-43-45-32-16-7-9-1-3-13-24-26-28-34-21-22-6-4-11-60-48-35-14-58-39-50-53-54-42-49-52-56-63-37-27-10-12-17-20-44-57-59-19-25-2-0,41.5996,12.7184,6.93362e-310
dense_64_36,5,0,75678868,59.3791,20674429,100000000,61-62-60-59-39-43-26-22-4-8-3-11-36-33-34-40-41-42-37-38-44-24-27-20-23-25-21-35-32-63-12-9-7-45-46-47-48-50-51-52-49-2-17-18-19-53-55-58-16-13-1-15-56-14-6-0-5-10-28-31-57-54-29-30,33.0998,26.2793,6.90722e-310
dense_64_34,2,1,2319043,100.792,1247005,100000000,46-33-62-35-34-59-53-2-9-26-16-42-4-49-31-19-56-48-44-37-39-29-27-21-25-17-12-10-6-8-3-1-60-58-23-30-15-43-51-5-20-18-63-57-61-50-52-47-54-55-45-40-41-36-32-28-24-22-13-14-11-7-0-38,77.174,23.6179,0.0204222
dense_64_34,2,0,2319043,91.3942,1247005,100000000,46-33-62-35-34-59-53-2-9-26-16-42-4-49-31-19-56-48-44-37-39-29-27-21-25-17-12-10-6-8-3-1-60-58-23-30-15-43-51-5-20-18-63-57-61-50-52-47-54-55-45-40-41-36-32-28-24-22-13-14-11-7-0-38,75.7782,15.616,6.92664e-310
dense_64_35,2,1,2082510,85.4168,489721,100000000,36-38-18-47-62-30-61-46-5-33-23-29-31-15-40-8-51-55-41-43-45-32-16-9-7-3-1-24-26-28-13-34-21-22-6-4-60-48-63-56-54-53-52-50-49-58-39-42-11-35-14-20-59-57-37-27-17-10-12-44-19-25-2-0,68.9613,16.4555,0.0189725
dense_64_35,2,0,2082510,84.8555,489721,100000000,36-38-18-47-62-30-61-46-5-33-23-29-31-15-40-8-51-55-41-43-45-32-16-9-7-3-1-24-26-28-13-34-21-22-6-4-60-48-63-56-54-53-52-50-49-58-39-42-11-35-14-20-59-57-37-27-17-10-12-44-19-25-2-0,65.2108,19.6448,6.91501e-310
dense_64_35,4,0,2082510,49.1624,580539,100000000,36-18-38-47-62-30-5-33-61-23-46-29-31-15-8-40-3-1-7-9-16-32-41-43-45-51-55-13-24-26-28-34-4-6-21-22-11-60-35-14-48-20-58-10-12-17-27-37-39-50-53-54-42-49-52-56-63-0-2-19-25-44-57-59,28.6336,20.5288,6.92237e-310
dense_64_36,4,0,455906,52.5236,20868365,100000000,61-62-60-40-43-39-4-8-3-11-36-33-34-59-26-22-35-44-37-38-41-42-24-20-23-27-21-25-32-12-63-7-9-45-46-47-48-50-51-52-49-2-17-18-19-53-58-55-56-15-0-16-1-13-28-31-14-5-6-57-54-30-29-10,46.7414,5.78216,6.94147e-310
dense_64_37,4,0,1354354,51.2708,12944714,100000000,51-30-35-32-37-34-11-19-54-17-16-1-14-10-44-58-41-45-31-36-38-40-25-23-59-33-18-0-6-8-2-9-13-3-22-28-24-21-27-29-26-56-7-52-49-50-53-55-20-5-15-57-46-61-63-42-4-60-39-48-43-47-62-12,41.7963,9.47453,6.95002e-310
dense_64_36,2,1,1807733973,428.152,20240045,100000000,61-62-60-40-43-39-4-8-11-3-36-33-34-35-59-26-22-44-42-41-38-37-24-27-20-23-25-21-32-63-12-9-7-45-46-47-48-50-51-52-49-2-17-18-19-53-15-16-55-13-58-56-14-1-0-6-5-10-54-28-57-31-29-30,55.0842,373.068,0.00129039
dense_64_38,4,0,302096,52.5811,4534250,100000000,29-50-61-37-54-58-56-30-38-40-17-9-16-1-14-12-6-26-41-45-52-39-43-47-60-62-13-15-5-3-7-0-22-2-4-20-24-19-21-23-25-35-32-33-34-36-27-28-42-44-46-48-49-51-53-55-57-59-63-8-10-11-18-31,43.6143,8.96674,6.93034e-310
dense_64_36,2,0,1807733973,477.069,20241872,100000000,61-62-60-40-43-39-4-8-11-3-36-33-34-35-59-26-22-44-42-41-38-37-24-27-20-23-25-21-32-63-12-9-7-45-46-47-48-50-51-52-49-2-17-18-19-53-15-16-55-13-58-56-14-1-0-6-5-10-54-28-57-31-29-30,46.9082,430.161,6.90867e-310
dense_64_37,2,1,1878532,51.1322,10532949,100000000,51-30-35-32-37-34-54-19-17-11-16-1-14-58-41-10-45-44-36-31-38-40-59-18-33-25-23-8-6-56-13-52-9-2-7-49-50-0-26-20-28-3-22-24-29-27-21-57-55-53-63-42-5-61-46-15-4-39-60-43-48-62-47-12,43.9899,7.14222,0.00441345
dense_64_38,5,0,738004,60.9825,6388192,100000000,50-29-58-61-54-37-56-38-40-30-17-9-16-1-14-12-6-52-41-45-39-43-26-47-15-13-7-5-3-62-60-2-4-0-10-11-18-31-8-20-22-24-19-21-23-25-35-32-33-34-36-53-55-57-59-63-51-27-28-42-44-46-48-49,51.4368,9.54572,6.91506e-310
dense_64_37,2,0,1878532,61.1921,10533329,100000000,51-30-35-32-37-34-54-19-17-11-16-1-14-58-41-10-45-44-36-31-38-40-59-18-33-25-23-8-6-56-13-52-9-2-7-49-50-0-26-20-28-3-22-24-29-27-21-57-55-53-63-42-5-61-46-15-4-39-60-43-48-62-47-12,51.323,9.86912,6.94075e-310
dense_64_38,2,1,317860,65.142,3656525,100000000,50-29-54-37-61-58-30-56-40-38-17-9-16-14-1-12-6-52-45-41-43-39-26-47-62-60-15-13-7-5-3-24-20-22-53-55-57-59-63-51-48-49-46-44-42-35-32-33-34-36-25-21-23-19-27-28-4-2-0-18-31-11-10-8,57.5448,7.59721,0.0110898
dense_64_35,1,0,2082820,79.7842,2696925,100000000,36-18-38-30-47-62-33-29-31-61-23-5-46-15-8-40-1-3-7-9-16-32-41-43-45-51-55-13-24-26-28-34-21-4-6-22-14-35-48-60-11-39-50-53-54-10-12-17-27-37-42-49-52-56-63-20-58-19-44-57-59-0-2-25,49.4234,30.3608,6.93845e-310
dense_64_36,1,0,300720,33.7087,22084481,100000000,61-62-60-40-43-39-4-8-3-11-36-33-34-35-59-26-22-37-38-41-42-44-24-20-23-27-21-25-12-32-7-9-45-46-47-48-50-51-52-49-2-63-17-18-19-53-55-56-1-13-15-16-58-0-5-6-14-28-29-30-31-54-57-10,26.6349,7.07378,6.91274e-310
dense_64_38,2,0,317860,57.0336,3656526,100000000,50-29-54-37-61-58-30-56-40-38-17-9-16-14-1-12-6-52-45-41-43-39-26-47-62-60-15-13-7-5-3-24-20-22-53-55-57-59-63-51-48-49-46-44-42-35-32-33-34-36-25-21-23-19-27-28-4-2-0-18-31-11-10-8,50.89,6.14363,6.91619e-310
dense_64_34,5,1,1785329,79.8268,1670037,100000000,46-33-35-62-9-2-34-53-59-26-4-49-16-31-42-19-56-48-44-37-39-27-21-25-17-10-12-29-6-8-3-1-60-58-43-51-23-5-15-30-20-18-57-50-52-61-63-47-54-55-36-40-41-45-0-7-11-22-24-28-13-14-32-38,68.1932,11.6336,0.0203411
dense_64_35,5,1,2082510,54.0898,621243,100000000,38-36-18-30-47-62-5-61-33-23-46-31-29-15-40-8-51-55-41-43-45-32-16-7-9-1-3-13-24-26-28-34-21-22-6-4-11-60-48-35-14-58-39-50-53-54-42-49-52-56-63-37-27-10-12-17-20-44-57-59-19-25-2-0,36.8781,17.2117,0.0188419
dense_64_36,5,1,75682059,63.7319,20666303,100000000,61-62-60-59-39-43-26-22-4-8-3-11-36-33-34-40-41-42-37-38-44-24-27-20-23-25-21-35-32-63-12-9-7-45-46-47-48-50-51-52-49-2-17-18-19-53-55-58-16-15-13-1-56-14-0-6-5-10-28-31-54-57-29-30,35.62,28.1119,0.0013863
dense_64_35,4,1,2082510,54.7433,580539,100000000,36-18-38-47-62-30-5-33-61-23-46-29-31-15-8-40-3-1-7-9-16-32-41-43-45-51-55-13-24-26-28-34-4-6-21-22-11-60-35-14-48-20-58-10-12-17-27-37-39-50-53-54-42-49-52-56-63-0-2-19-25-44-57-59,36.2981,18.4452,0.0155262
dense_64_40,4,0,10048827,49.6896,2903701,100000000,7-30-14-31-51-4-5-50-15-21-29-47-45-58-61-41-1-3-12-19-22-24-26-37-43-10-16-46-17-6-62-59-0-2-11-18-20-8-9-13-23-25-27-28-36-44-53-56-63-32-42-49-52-54-60-33-35-38-40-55-57-39-48-34,34.7141,14.9755,6.93222e-310
dense_64_36,4,1,512023,58.338,20858464,100000000,61-62-60-40-43-39-4-8-3-11-36-33-34-59-26-22-35-44-37-38-41-42-24-20-23-27-21-25-32-12-63-7-9-45-46-47-48-50-51-52-49-2-17-18-19-53-55-58-56-15-0-16-1-13-28-31-14-5-6-57-54-30-29-10,49.6269,8.7111,0.00116939
dense_64_35,1,1,2082820,69.4798,2693136,100000000,36-18-38-30-47-62-33-29-31-61-23-5-46-15-8-40-1-3-7-9-16-32-41-43-45-51-55-13-24-26-28-34-21-4-6-22-14-35-48-60-11-39-50-53-54-10-12-17-27-37-42-49-52-56-63-20-58-19-44-57-59-0-2-25,42.8029,26.6769,0.018649
dense_64_37,4,1,1354354,53.4148,12938664,100000000,51-30-35-32-37-34-11-19-54-17-16-1-14-10-44-58-41-45-31-36-38-40-25-23-59-33-18-0-6-8-2-9-13-3-22-28-24-21-27-29-26-56-7-52-49-50-53-55-20-5-15-57-46-61-63-4-42-60-39-48-43-47-62-12,45.7347,7.68002,0.00487312
dense_64_40,5,0,8370672,65.8307,4174047,100000000,30-7-51-14-15-31-5-4-50-58-61-21-45-47-41-29-43-37-22-24-26-19-12-1-3-10-62-17-46-16-6-59-39-36-44-53-56-63-32-33-35-38-40-42-49-52-54-60-55-57-18-20-11-0-13-23-25-27-28-8-9-2-48-34,51.7659,14.0648,6.95159e-310
dense_64_36,1,1,350538,38.0383,21938423,100000000,61-62-60-40-43-39-4-8-3-11-36-33-34-35-59-26-22-37-38-41-42-44-24-23-20-27-21-25-12-32-7-9-45-46-47-48-50-51-52-49-2-63-17-18-19-53-55-56-15-16-1-13-58-0-14-5-6-54-28-57-29-30-31-10,30.8683,7.17001,0.00141568
dense_64_40,2,1,9944415,65.5897,1703023,100000000,30-7-14-31-51-50-5-4-15-58-47-45-61-41-29-21-37-43-24-26-22-19-12-1-3-10-46-62-16-17-59-6-53-36-63-44-56-49-52-54-60-55-57-42-32-38-40-33-35-27-28-20-18-25-23-11-13-8-9-0-2-48-39-34,52.7217,12.868,0.01304
dense_64_38,4,1,302096,48.5762,4534250,100000000,29-50-61-37-54-58-56-30-38-40-17-9-16-1-14-12-6-26-41-45-52-39-43-47-60-62-13-15-5-3-7-0-22-2-4-20-24-19-21-23-25-35-32-33-34-36-27-28-42-44-46-48-49-51-53-55-57-59-63-8-10-11-18-31,42.3797,6.19653,0.0108763
dense_64_38,1,0,254755,50.9151,7215064,100000000,29-50-56-54-61-58-37-38-40-30-17-9-16-1-14-6-12-26-41-45-52-39-43-47-60-62-13-15-5-3-7-20-22-24-19-21-23-25-35-32-33-34-36-27-28-42-44-46-48-49-51-53-55-57-59-63-0-2-4-8-10-11-18-31,42.0562,8.85899,6.9269e-310
dense_64_40,2,0,9944415,57.5288,1703024,100000000,30-7-14-31-51-50-5-4-15-58-47-45-61-41-29-21-37-43-24-26-22-19-12-1-3-10-46-62-16-17-59-6-53-36-63-44-56-49-52-54-60-55-57-42-32-38-40-33-35-27-28-20-18-25-23-11-13-8-9-0-2-48-39-34,48.1184,9.41038,6.90303e-310
dense_64_45,0,0,865984,32.804,34841989,100000000,48-33-37-31-40-30-29-21-26-20-7-15-13-18-10-41-23-25-36-27-28-35-43-3-5-12-14-16-32-39-45-1-0-11-34-51-42-44-2-22-24-38-46-4-6-9-47-49-52-54-8-17-19-50-53-55-56-57-58-59-60-61-62-63,27.2879,5.51611,6.93597e-310
dense_64_38,5,1,738004,77.2003,6388148,100000000,50-29-58-61-54-37-56-38-40-30-17-9-16-1-14-12-6-52-41-45-39-43-26-47-15-13-7-5-3-62-60-2-4-0-10-11-18-31-8-20-22-24-19-21-23-25-35-32-33-34-36-53-55-57-59-63-51-27-28-42-44-46-48-49,61.3597,15.8407,0.0110003
dense_64_42,4,0,2956845,55.6594,17999325,100000000,54-53-55-7-2-25-17-34-36-18-3-26-50-21-42-38-59-23-31-56-1-43-30-49-33-32-63-35-37-20-4-24-19-40-57-52-45-46-41-16-29-5-9-51-22-58-60-11-14-13-44-61-15-8-10-12-47-48-6-62-39-27-28-0,46.3157,9.34369,6.93897e-310
dense_64_38,1,1,254755,43.9396,7157432,100000000,29-50-56-54-61-58-37-38-40-30-17-9-16-1-14-6-12-26-41-45-52-39-43-47-60-62-13-15-5-3-7-20-22-24-19-21-23-25-35-32-33-34-36-27-28-42-44-46-48-49-51-53-55-57-59-63-0-2-4-8-10-11-18-31,37.4561,6.48342,0.0113978
dense_64_42,5,0,4527942,54.7452,17989603,100000000,54-55-53-7-2-25-34-17-36-18-3-26-50-21-42-38-59-23-1-43-30-31-49-56-63-35-33-32-37-20-4-24-19-40-57-45-46-52-41-16-9-29-5-51-22-60-58-11-13-14-8-10-12-15-44-61-6-47-48-0-27-28-39-62,41.9857,12.7596,6.95102e-310
dense_64_35,3,0,2082820,70.7976,2610025,100000000,36-18-38-30-47-62-33-29-31-61-23-5-46-15-8-40-1-3-7-9-16-32-41-43-45-51-55-0-13-24-26-28-34-21-4-6-22-14-35-48-60-11-39-50-53-54-10-12-17-27-37-42-49-52-56-63-20-58-19-44-57-59-2-25,46.4655,24.3321,6.91137e-310
dense_64_42,2,1,4435603,66.658,16879879,100000000,54-53-55-7-2-25-34-17-36-18-3-26-50-21-42-38-59-23-31-56-1-43-30-49-33-32-63-35-20-37-4-24-19-40-57-46-45-52-51-41-29-16-9-22-5-60-58-44-14-13-11-6-15-12-48-47-61-10-0-8-39-62-28-27,57.59,9.06795,0.00697617
dense_64_40,4,1,10048827,48.7338,2903136,100000000,7-30-14-31-51-4-5-50-15-21-29-47-45-58-61-41-1-3-12-19-22-24-26-37-43-10-16-46-17-6-62-59-0-2-11-18-20-8-9-13-23-25-27-28-36-44-53-56-63-32-42-49-52-54-60-33-35-38-40-55-57-39-48-34,37.5952,11.1386,0.0125396
dense_64_40,1,0,9135384,48.789,5996088,100000000,7-30-14-51-31-4-5-50-47-45-29-21-58-61-41-15-1-3-12-22-24-37-43-19-26-10-16-46-17-62-6-59-0-11-18-20-36-44-53-56-63-8-9-13-23-25-27-28-32-33-35-38-40-42-49-52-54-60-2-55-57-39-48-34,39.9155,8.87355,6.92844e-310
dense_64_42,2,0,4435603,67.4768,16883771,100000000,54-53-55-7-2-25-34-17-36-18-3-26-50-21-42-38-59-23-31-56-1-43-30-49-33-32-63-35-20-37-4-24-19-40-57-46-45-52-51-41-29-16-9-22-5-60-58-44-14-13-11-6-15-12-48-47-61-10-0-8-39-62-28-27,58.3155,9.16125,6.91152e-310
dense_64_36,3,0,73552547,70.9566,21310577,100000000,61-62-60-40-43-39-4-8-3-11-36-33-34-35-59-26-22-37-38-41-42-44-24-32-23-20-27-21-25-12-63-7-9-45-46-47-48-50-51-52-49-2-17-18-19-53-58-55-56-0-13-15-16-1-31-5-6-14-28-10-54-29-57-30,39.0537,31.9029,6.89836e-310
dense_64_40,5,1,8370672,57.5924,4173374,100000000,30-7-51-14-15-31-5-4-50-58-61-21-45-47-41-29-43-37-22-24-26-19-12-1-3-10-62-17-46-16-6-59-39-36-44-53-56-63-32-33-35-38-40-42-49-52-54-60-55-57-18-20-11-0-13-23-25-27-28-8-9-2-48-34,47.1635,10.4289,0.0126775
dense_64_47,0,0,4074414,71.2805,28917876,100000000,44-49-31-22-36-29-27-51-21-26-25-18-41-28-30-32-34-37-46-42-47-38-40-43-48-23-33-35-45-50-14-12-15-17-13-16-24-57-10-3-1-0-2-4-8-7-53-54-6-55-5-11-61-62-60-9-19-20-39-52-56-59-63-58,63.4172,7.86329,6.91325e-310
dense_64_40,1,1,9135384,51.787,5948507,100000000,7-30-14-51-31-4-5-50-47-45-29-21-58-61-41-15-1-3-12-22-24-37-43-19-26-10-16-46-17-62-6-59-0-11-18-20-36-44-53-56-63-8-9-13-23-25-27-28-32-33-35-38-40-42-49-52-54-60-2-55-57-39-48-34,40.0038,11.7833,0.0130194
dense_64_42,4,1,2956845,60.9195,17998801,100000000,54-53-55-7-2-25-17-34-36-18-3-26-50-21-42-38-59-23-31-56-1-43-30-49-33-32-63-35-37-20-4-24-19-40-57-52-45-46-41-16-29-9-5-51-22-58-60-11-14-13-44-61-15-8-10-12-47-48-6-62-39-27-28-0,51.5174,9.40212,0.00701774
dense_64_42,1,0,4666017,49.8492,19683322,100000000,54-53-55-7-2-25-17-34-36-18-3-26-50-21-42-38-59-23-31-56-1-43-30-49-33-32-63-35-4-20-40-37-24-19-45-46-41-57-29-51-52-22-16-9-58-60-5-11-13-14-8-10-12-15-44-61-6-47-48-0-27-28-39-62,35.1729,14.6763,6.90061e-310
dense_64_38,3,0,262357,47.4138,6489222,100000000,29-50-56-54-61-58-37-38-40-30-17-9-16-14-12-1-6-26-41-45-52-39-43-47-13-15-60-62-0-5-3-7-20-22-24-2-4-19-21-23-25-35-32-33-34-36-27-28-42-44-46-48-49-51-53-55-57-59-63-10-11-18-31-8,40.7791,6.6347,6.90557e-310
dense_64_35,3,1,2082820,75.4715,2609675,100000000,36-18-38-30-47-62-33-29-31-61-23-5-46-15-8-40-1-3-7-9-16-32-41-43-45-51-55-0-13-24-26-28-34-21-4-6-22-14-35-48-60-11-39-50-53-54-10-12-17-27-37-42-49-52-56-63-20-58-19-44-57-59-2-25,49.0971,26.3744,0.0187838
dense_64_36,3,1,73552511,71.2526,21290713,100000000,61-62-60-40-43-39-4-8-3-11-36-33-34-35-59-26-22-37-38-41-42-44-24-32-23-20-27-21-25-12-63-7-9-45-46-47-48-50-51-52-49-2-17-18-19-53-58-56-55-0-15-16-13-1-31-14-5-6-28-10-54-29-57-30,39.0833,32.1693,0.00142302
dense_64_45,0,1,959468,39.5723,34558166,100000000,48-33-37-31-40-30-29-21-26-20-7-15-13-18-10-41-23-25-36-27-28-43-35-12-14-16-3-5-32-45-39-11-42-1-0-44-34-51-22-24-2-38-46-4-6-47-9-49-52-54-8-17-19-53-50-55-56-57-58-59-60-61-62-63,30.3182,9.25414,0.00244616
dense_64_42,5,1,4610262,53.4261,17989445,100000000,54-55-53-7-2-25-34-17-36-18-3-26-50-21-42-38-59-23-1-43-30-31-49-56-63-35-33-32-37-20-4-24-19-40-57-45-46-52-41-16-9-29-5-51-22-60-58-11-13-14-12-15-44-8-10-61-6-47-48-0-39-62-27-28,43.9177,9.50835,0.00712694
dense_64_45,4,0,548233,39.3955,14489105,100000000,33-31-48-37-40-30-41-29-21-26-20-7-15-13-18-10-36-39-34-51-38-32-42-43-23-44-46-47-25-35-45-49-12-14-16-27-28-52-54-53-1-0-22-24-11-17-19-50-9-55-3-5-2-4-6-8-56-57-58-59-60-61-62-63,33.9236,5.47185,6.93144e-310
dense_64_45,5,0,548268,40.8234,14288874,100000000,33-40-48-31-37-41-30-29-21-26-20-36-7-15-13-18-10-39-38-34-51-42-32-43-35-45-44-46-47-25-23-49-16-14-12-27-28-52-54-53-1-0-22-24-11-19-17-50-9-55-3-5-2-4-6-8-56-57-58-59-60-61-62-63,32.5194,8.304,6.90274e-310
dense_64_45,2,1,905824,44.0743,14155390,100000000,48-33-40-31-37-41-30-36-29-21-26-20-7-15-13-18-10-39-38-34-51-42-32-43-45-35-44-46-47-25-23-49-16-14-12-28-27-53-52-54-1-0-24-22-11-50-19-17-9-55-5-3-2-6-8-4-56-57-58-59-60-61-62-63,37.8863,6.18805,0.00256211
dense_64_42,1,1,4715587,41.9235,19268392,100000000,54-53-55-7-2-25-17-34-36-18-3-26-50-21-42-38-59-23-31-56-1-43-30-49-33-32-63-35-4-20-40-37-24-19-45-46-41-57-29-51-52-22-16-9-58-60-5-11-13-14-12-15-8-10-44-61-6-47-48-0-39-62-27-28,32.5564,9.36715,0.00724673
dense_64_45,2,0,905824,44.054,14156796,100000000,48-33-40-31-37-41-30-36-29-21-26-20-7-15-13-18-10-39-38-34-51-42-32-43-45-35-44-46-47-25-23-49-16-14-12-28-27-53-52-54-1-0-24-22-11-50-19-17-9-55-5-3-2-6-8-4-56-57-58-59-60-61-62-63,38.6257,5.42831,6.94024e-310
dense_64_40,3,0,9944470,86.7419,5761174,100000000,7-30-14-51-31-4-5-50-15-47-45-29-58-61-21-41-1-3-12-22-24-37-43-19-26-10-16-46-17-62-0-6-59-11-18-20-36-44-53-56-63-8-9-13-23-25-27-28-32-33-35-38-40-42-49-52-54-60-2-55-57-48-39-34,75.7066,11.0353,6.9396e-310
dense_64_47,0,1,6484924,71.8075,28720491,100000000,44-49-31-22-36-29-27-51-21-26-25-18-41-28-30-32-34-37-46-42-47-38-40-43-48-23-33-35-45-50-14-15-12-17-13-24-16-57-10-3-1-0-2-4-8-7-53-54-55-6-5-11-61-62-60-52-39-20-56-59-9-63-19-58,63.5991,8.20844,0.00863602
dense_64_38,3,1,262357,51.9551,6482642,100000000,29-50-56-54-61-58-37-38-40-30-17-9-16-14-12-1-6-26-41-45-52-39-43-47-13-15-60-62-0-5-3-7-20-22-24-2-4-19-21-23-25-35-32-33-34-36-27-28-42-44-46-48-49-51-53-55-57-59-63-10-11-18-31-8,42.6744,9.28074,0.013388
dense_64_45,1,0,905747,31.1119,16634962,100000000,33-31-37-48-40-30-41-36-29-21-26-20-7-15-13-18-10-39-34-51-38-32-42-23-25-12-14-16-43-52-54-35-45-44-46-47-27-28-49-1-0-17-19-9-55-50-53-11-22-24-3-5-2-4-6-8-56-57-58-59-60-61-62-63,25.8421,5.26976,6.90108e-310
dense_64_45,4,1,548233,43.4693,14484892,100000000,33-31-48-37-40-30-41-29-21-26-20-7-15-13-18-10-36-39-34-51-38-32-42-43-23-44-46-47-25-35-45-49-12-14-16-27-28-52-54-53-1-0-22-24-11-17-19-50-9-55-3-5-2-4-6-8-56-57-58-59-60-61-62-63,37.6765,5.79283,0.00230746
dense_64_42,3,0,4508914,54.4933,19043944,100000000,54-53-55-7-2-25-17-34-36-18-3-26-50-42-21-38-59-23-31-1-56-43-30-49-33-32-63-35-4-20-40-37-24-19-41-45-46-57-29-51-52-22-16-58-60-5-9-11-13-14-8-10-44-61-12-15-0-47-48-6-27-28-39-62,40.8072,13.6862,6.93306e-310
dense_64_45,5,1,548268,34.7213,14284530,100000000,33-40-48-31-37-41-30-29-21-26-20-36-7-15-13-18-10-39-38-34-51-42-32-43-35-45-44-46-47-25-23-49-16-14-12-27-28-52-54-53-1-0-22-24-11-19-17-50-9-55-3-5-2-4-6-8-56-57-58-59-60-61-62-63,28.7049,6.0164,0.00257062
dense_64_40,3,1,9944470,54.2923,5757303,100000000,7-30-14-51-31-4-5-50-15-47-45-29-58-61-21-41-1-3-12-22-24-37-43-19-26-10-16-46-17-62-0-6-59-11-18-20-36-44-53-56-63-8-9-13-23-25-27-28-32-33-35-38-40-42-49-52-54-60-2-55-57-48-39-34,44.7245,9.56778,0.0128748
dense_64_45,1,1,905747,32.4787,16547365,100000000,33-31-37-48-40-30-41-36-29-21-26-20-7-15-13-18-10-39-34-51-38-32-42-23-25-12-14-16-43-52-54-35-45-44-46-47-27-28-49-1-0-17-19-9-55-50-53-11-22-24-3-5-2-4-6-8-56-57-58-59-60-61-62-63,27.0593,5.41941,0.00262638
dense_64_42,3,1,4561060,54.6055,19009735,100000000,54-53-55-7-2-25-17-34-36-18-3-26-50-42-21-38-59-23-31-1-56-43-30-49-33-32-63-35-4-20-40-37-24-19-41-45-46-57-29-51-52-22-16-58-60-9-5-11-13-14-8-10-44-61-12-15-0-47-48-6-62-39-27-28,43.7653,10.8402,0.00725592
dense_64_45,3,0,912882,41.8204,16009143,100000000,33-31-37-48-40-30-29-21-26-20-7-15-13-18-10-41-39-34-51-36-38-32-42-23-25-44-46-47-49-12-14-16-43-52-54-35-45-27-28-1-0-53-17-19-9-50-55-11-22-24-3-5-2-4-6-8-56-57-58-59-60-61-62-63,35.4782,6.34213,6.90126e-310
dense_64_50,4,0,118127,44.6336,15186307,100000000,22-24-23-47-46-43-21-26-27-25-48-51-18-40-38-17-20-44-41-39-45-53-42-32-35-30-33-6-36-29-31-34-9-10-56-37-11-52-12-13-14-15-16-49-50-8-59-58-61-2-60-62-3-4-5-7-57-28-54-0-19-55-63-1,39.4879,5.14569,6.90611e-310
dense_64_50,5,0,760847,35.076,15151737,100000000,22-23-24-47-46-43-26-21-25-27-48-51-18-40-38-17-20-41-39-45-44-53-42-32-35-30-33-6-36-29-34-31-9-10-56-37-11-52-12-49-50-13-14-15-16-8-59-58-61-2-60-62-3-4-5-7-57-28-0-19-54-55-1-63,27.8406,7.23549,6.90982e-310
dense_64_50,2,1,760869,44.1366,14871358,100000000,22-23-47-46-24-43-26-21-27-25-48-51-18-40-38-17-20-45-44-41-39-53-42-32-35-30-33-6-36-29-34-31-9-10-56-37-52-11-50-49-12-16-15-14-13-8-59-58-61-60-2-62-3-7-4-5-57-28-19-0-54-55-1-63,37.8795,6.25719,0.000938013
dense_64_50,2,0,760869,42.5464,14871977,100000000,22-23-47-46-24-43-26-21-27-25-48-51-18-40-38-17-20-45-44-41-39-53-42-32-35-30-33-6-36-29-34-31-9-10-56-37-52-11-50-49-12-16-15-14-13-8-59-58-61-60-2-62-3-7-4-5-57-28-19-0-54-55-1-63,37.2557,5.29065,6.92893e-310
dense_64_45,3,1,912882,41.9807,15976485,100000000,33-31-37-48-40-30-29-21-26-20-7-15-13-18-10-41-39-34-51-36-38-32-42-23-25-44-46-47-49-12-14-16-43-52-54-35-45-27-28-1-0-53-17-19-9-50-55-11-22-24-3-5-2-4-6-8-56-57-58-59-60-61-62-63,36.7563,5.22445,0.00232561
dense_64_50,1,0,1572515,30.1414,16686782,100000000,22-23-24-47-46-43-21-26-27-25-18-40-38-17-20-41-39-48-51-45-44-52-42-32-35-30-33-6-29-36-31-34-9-10-56-11-12-13-14-15-16-37-49-50-53-8-59-58-61-2-3-4-5-7-60-62-57-0-28-1-19-54-55-63,24.6743,5.46707,6.91822e-310
dense_64_50,4,1,118127,47.7635,15182138,100000000,22-24-23-47-46-43-21-26-27-25-48-51-18-40-38-17-20-44-41-39-45-53-42-32-35-30-33-6-36-29-31-34-9-10-56-37-11-52-12-13-14-15-16-49-50-8-59-58-61-2-60-62-3-4-5-7-57-28-54-0-19-55-63-1,41.6567,6.10682,0.00101073
dense_64_48,3,0,5281799,40.2985,6401044,100000000,3-16-13-19-54-34-42-35-45-8-28-37-38-50-63-5-7-9-11-20-25-30-41-27-61-36-15-18-2-0-33-39-17-62-58-23-24-40-53-57-59-4-6-10-12-14-21-22-26-29-31-32-43-44-46-47-48-49-51-52-55-56-60-1,33.4156,6.88284,6.93148e-310
dense_64_50,5,1,760847,32.6257,15149282,100000000,22-23-24-47-46-43-26-21-25-27-48-51-18-40-38-17-20-41-39-45-44-53-42-32-35-30-33-6-36-29-34-31-9-10-56-37-11-52-12-49-50-13-14-15-16-8-59-58-61-2-60-62-3-4-5-7-57-28-0-19-54-55-1-63,27.3444,5.28132,0.00102176
dense_64_50,1,1,2759962,30.6971,16647070,100000000,22-23-24-47-46-43-21-26-27-25-18-40-38-17-20-41-39-48-51-45-44-52-42-32-35-30-33-6-29-36-31-34-9-10-56-11-12-13-14-15-16-37-49-50-53-8-59-58-61-2-3-4-5-7-60-62-57-28-0-19-1-55-54-63,25.0208,5.67629,0.000967652
dense_64_50,3,0,118824,40.3209,15833954,100000000,22-24-23-47-46-43-21-26-25-27-44-18-40-38-17-41-20-39-48-51-45-53-37-36-35-30-33-6-32-29-31-34-9-10-56-42-11-52-12-13-14-15-16-49-50-8-59-58-61-2-62-7-3-4-5-57-60-28-0-54-19-55-63-1,34.7375,5.58337,6.94376e-310
dense_64_48,3,1,5281799,37.6631,6400785,100000000,3-16-13-19-54-34-42-35-45-8-28-37-38-50-63-5-7-9-11-20-25-30-41-27-61-36-15-18-2-0-33-39-17-62-58-23-24-40-53-57-59-4-6-10-12-14-21-22-26-29-31-32-43-44-46-47-48-49-51-52-55-56-60-1,31.017,6.64611,0.0139834
dense_64_50,3,1,118824,41.241,15823807,100000000,22-24-23-47-46-43-21-26-25-27-44-18-40-38-17-41-20-39-48-51-45-53-37-36-35-30-33-6-32-29-31-34-9-10-56-42-11-52-12-13-14-15-16-49-50-8-59-58-61-2-62-7-3-4-5-57-60-28-0-54-19-55-63-1,36.0887,5.15223,0.00103436
