dense_64_1,1,0,12,0.00791285,17771,0,8-46-9-42-14-25-20-19-22-45-27-62-11-40-52-54-10-18-61-6-21-51-49-47-44-16-32-50-53-63-28-39-48-37-31-24-26-34-30-36-56-43-7-55-23-12-5-4-3-1-57-15-29-0-2-13-58-35-41-17-33-38-59-60,0.00782359,8.9269e-05,6.90416e-310
dense_64_1,2,0,0,0.0087377,606,0,8-42-22-14-39-19-25-46-6-23-32-44-5-7-16-28-51-45-61-18-40-48-56-49-50-52-58-9-20-27-29-30-34-37-47-53-55-10-11-12-13-15-17-21-31-33-35-36-38-54-62-24-41-43-57-59-60-63-26-4-3-1-2-0,0.00872211,1.5594e-05,6.91911e-310
dense_64_2,2,0,0,0.0135647,7698,0,42-46-44-45-51-61-39-40-48-49-50-52-58-47-53-55-56-54-62-41-43-57-59-60-63-8-22-14-25-6-23-32-7-28-29-30-17-5-16-34-31-36-18-35-38-19-9-11-33-37-12-27-24-13-20-15-10-26-21-4-3-1-2-0,0.0134738,9.0972e-05,6.93843e-310
dense_64_1,3,0,16,0.00659314,9015,0,8-42-14-25-46-20-19-5-45-9-22-62-52-27-54-47-11-40-49-37-21-10-44-51-39-18-43-61-4-3-6-63-53-16-56-32-7-28-50-12-48-1-26-31-23-36-24-34-30-15-13-55-38-0-2-41-57-29-33-58-17-35-60-59,0.00650428,8.8857e-05,6.92288e-310
dense_64_1,4,0,0,0.00326082,2652,0,8-51-22-9-34-37-10-11-12-13-42-14-19-25-46-6-7-45-20-35-36-44-5-48-56-49-52-27-54-62-43-39-61-40-47-55-21-32-28-4-50-53-16-18-38-3-41-57-63-23-31-29-33-30-24-58-1-26-15-60-0-2-17-59,0.00320113,5.9684e-05,6.90513e-310
dense_64_2,4,0,706,0.00647989,10714,0,8-42-22-14-25-46-23-44-45-40-48-56-50-52-47-53-43-6-5-16-49-55-32-7-51-29-54-28-17-41-39-9-11-18-38-30-12-24-31-34-20-27-61-36-13-10-19-37-35-33-26-15-57-21-63-58-59-62-60-4-3-1-2-0,0.00621861,0.000261287,6.90863e-310
dense_64_1,1,1,12,0.00866714,16728,0,8-46-9-42-14-25-20-19-22-62-45-27-11-40-52-54-10-18-61-21-6-51-49-47-44-16-32-50-53-63-39-28-48-24-37-31-26-30-34-36-56-43-7-55-23-12-5-4-3-1-57-15-29-13-0-2-58-35-41-17-33-38-60-59,0.00857309,9.4053e-05,0.00210284
dense_64_1,2,1,0,0.00944945,603,0,8-42-22-14-39-19-25-46-6-23-32-44-5-7-16-28-51-45-61-18-40-48-56-49-50-52-58-9-20-27-29-30-34-37-47-53-55-10-11-12-13-15-17-21-31-33-35-36-38-54-62-24-41-43-57-59-60-63-26-4-3-1-2-0,0.00943152,1.7928e-05,0.00184756
dense_64_2,2,1,0,0.013004,7689,0,42-46-44-45-51-61-39-40-48-49-50-52-58-47-53-55-56-54-62-41-43-57-59-60-63-8-22-14-25-6-23-32-7-28-29-30-17-5-16-34-31-36-18-35-38-19-9-11-33-37-12-27-24-13-20-15-10-26-21-4-3-1-2-0,0.0129187,8.5294e-05,0.00251461
dense_64_1,3,1,16,0.00849178,8945,0,8-42-14-25-46-20-19-5-45-9-22-62-52-27-54-47-11-40-49-37-21-10-44-51-39-18-43-61-4-3-6-63-53-16-56-32-7-28-50-12-48-1-26-31-23-36-24-34-30-15-13-55-38-0-2-41-57-29-33-58-17-35-60-59,0.00839677,9.5009e-05,0.00185378
dense_64_2,1,0,7770062,1.12452,22213,0,46-45-14-25-50-42-52-53-44-54-22-8-40-16-29-55-6-17-51-32-28-49-18-47-7-30-56-43-27-20-31-48-24-26-39-41-34-36-35-23-33-19-57-58-13-12-11-10-9-5-38-59-15-21-61-63-37-60-62-4-3-1-2-0,0.0144448,1.11007,6.92799e-310
dense_64_1,4,1,0,0.00371258,2645,0,8-51-22-9-34-37-10-11-12-13-42-14-19-25-46-6-7-45-20-35-36-44-5-48-56-49-52-27-54-62-43-39-61-40-47-55-21-32-28-4-50-53-16-18-38-3-41-57-63-23-31-29-33-30-24-58-1-26-15-60-0-2-17-59,0.00364752,6.5065e-05,0.00207256
dense_64_2,4,1,706,0.00762844,10680,0,8-42-22-14-25-46-23-44-45-40-48-56-50-52-47-53-43-6-5-16-49-55-32-7-51-29-54-28-17-41-39-9-11-18-38-30-12-24-31-34-20-27-61-36-13-10-19-37-35-33-26-15-57-21-63-58-59-62-60-4-3-1-2-0,0.00732087,0.000307575,0.00292009
dense_64_3,2,0,2040926,8.21007,2542,100000000,8-42-22-14-39-25-6-23-44-7-16-28-51-45-40-48-56-49-50-52-9-20-47-55-10-11-12-13-17-38-43-19-46-32-5-61-37-21-41-26-53-54-18-57-63-58-29-35-27-30-60-31-36-15-33-34-24-62-4-3-1-59-0-2,0.011146,8.19892,6.91683e-310
dense_64_1,0,0,4567996,9.12143,48713,100000000,25-20-19-14-45-46-8-54-9-11-42-18-49-47-10-21-43-63-56-27-62-28-34-36-31-30-57-22-52-39-6-23-32-44-5-4-3-7-16-51-61-40-48-50-58-29-37-53-55-1-0-2-12-13-15-17-33-35-38-24-41-59-60-26,0.0107233,9.1107,6.91905e-310
dense_64_3,2,1,2040926,8.95213,2519,100000000,8-42-22-14-39-25-6-23-44-7-16-28-51-45-40-48-56-49-50-52-9-20-47-55-10-11-12-13-17-38-43-19-46-32-5-61-37-21-41-26-53-54-18-57-63-58-29-35-27-30-60-31-36-15-33-34-24-62-4-3-1-59-0-2,0.0123265,8.9398,0.00180621
dense_64_3,4,0,5007336,9.59774,4760,100000000,8-42-22-39-25-6-44-7-45-40-56-50-52-9-20-55-10-11-12-13-51-37-41-43-26-46-16-49-48-17-21-14-19-61-38-57-47-23-5-35-53-18-36-63-32-28-34-54-60-15-27-24-29-4-3-58-1-62-0-31-59-30-33-2,0.0052692,9.59247,6.93144e-310
dense_64_3,4,1,5007336,9.34269,4738,100000000,8-42-22-39-25-6-44-7-45-40-56-50-52-9-20-55-10-11-12-13-51-37-41-43-26-46-16-49-48-17-21-14-19-61-38-57-47-23-5-35-53-18-36-63-32-28-34-54-60-15-27-24-29-4-3-58-1-62-0-31-59-30-33-2,0.00571185,9.33698,0.00301739
dense_64_1,0,1,8135936,10.0877,42350,100000000,25-20-19-14-45-46-8-54-9-11-42-18-47-49-21-10-63-43-56-27-62-28-34-36-31-30-57-22-52-39-6-23-32-44-16-51-5-4-3-7-61-40-48-50-53-55-58-29-15-13-17-37-33-24-38-12-35-1-0-2-41-60-59-26,0.0125287,10.0752,0.00200514
dense_64_3,1,0,5904325,9.85964,19770,100000000,25-20-26-22-56-7-50-6-8-9-55-52-11-46-10-40-42-16-53-17-21-12-18-14-23-28-13-44-61-49-27-39-32-19-47-43-63-24-48-37-15-41-5-60-4-3-1-57-35-38-29-51-0-45-58-59-31-30-62-34-36-33-54-2,0.00887561,9.85077,6.9283e-310
dense_64_2,3,0,33846079,14.6998,15239,0,14-25-45-46-50-42-44-52-53-6-16-47-17-54-40-29-22-8-7-49-43-55-28-51-32-30-41-18-56-48-39-34-36-31-26-27-5-23-13-12-11-20-24-38-19-33-9-15-35-21-63-57-10-58-59-62-61-37-60-4-3-1-2-0,0.00849816,14.6913,6.91746e-310
dense_64_2,3,1,33846079,15.1397,15101,0,14-25-45-46-50-42-44-52-53-6-16-47-17-54-40-29-22-8-7-49-43-55-28-51-32-30-41-18-56-48-39-34-36-31-26-27-5-23-13-12-11-20-24-38-19-33-9-15-35-21-63-57-10-58-59-62-61-37-60-4-3-1-2-0,0.0104184,15.1293,0.00188744
dense_64_4,2,0,3216829,8.93212,6537,100000000,8-42-22-14-39-19-6-44-5-28-51-45-61-48-56-49-52-27-29-62-23-58-30-55-54-41-46-7-40-57-53-32-47-31-16-13-60-50-34-18-43-24-21-15-33-25-36-63-9-38-59-20-17-37-35-12-4-11-10-26-3-1-2-0,0.0169961,8.91513,6.94593e-310
dense_64_5,2,0,0,0.011209,6671,0,8-42-22-14-39-19-25-46-6-23-32-44-5-7-16-28-51-45-61-18-40-48-56-49-50-52-58-9-20-27-29-30-34-37-47-53-55-10-11-12-13-15-17-21-31-33-35-36-38-54-62-24-41-43-57-59-60-63-26-4-3-1-2-0,0.0111226,8.6399e-05,6.91208e-310
dense_64_6,2,0,0,0.0133543,1464,0,8-42-22-14-39-19-25-46-6-23-32-44-7-16-28-51-45-61-18-40-48-56-49-50-52-58-9-20-27-29-30-34-37-47-53-55-10-11-12-13-15-17-21-31-33-35-36-38-54-62-24-41-43-57-59-60-63-26-5-4-3-1-0-2,0.0132846,6.9748e-05,6.91652e-310
dense_64_7,2,0,0,0.0166784,6992,0,42-46-44-45-51-61-39-40-48-49-50-52-58-47-53-55-56-38-54-62-41-43-57-59-60-63-8-22-6-7-28-20-19-13-23-27-14-9-11-25-32-16-34-10-18-37-12-29-21-36-24-5-35-31-30-33-4-17-15-26-3-1-0-2,0.016593,8.5424e-05,6.90288e-310
dense_64_2,0,0,1581883,8.49859,51187,100000000,25-14-45-46-53-52-55-50-42-54-16-17-28-29-44-49-30-47-32-41-43-56-31-33-34-36-35-8-57-22-39-19-6-23-5-7-51-61-18-40-48-58-59-9-11-12-20-27-37-10-13-15-21-38-62-4-3-1-2-24-60-63-0-26,0.0125399,8.48605,6.94466e-310
dense_64_4,2,1,3216829,8.92663,6532,100000000,8-42-22-14-39-19-6-44-5-28-51-45-61-48-56-49-52-27-29-62-23-58-30-55-54-41-46-7-40-57-53-32-47-31-16-13-60-50-34-18-43-24-21-15-33-25-36-63-9-38-59-20-17-37-35-12-4-11-10-26-3-1-2-0,0.0177892,8.90884,0.00317199
dense_64_5,2,1,0,0.0117628,6666,0,8-42-22-14-39-19-25-46-6-23-32-44-5-7-16-28-51-45-61-18-40-48-56-49-50-52-58-9-20-27-29-30-34-37-47-53-55-10-11-12-13-15-17-21-31-33-35-36-38-54-62-24-41-43-57-59-60-63-26-4-3-1-2-0,0.0116717,9.116e-05,0.00211324
dense_64_6,2,1,0,0.0134854,1451,0,8-42-22-14-39-19-25-46-6-23-32-44-7-16-28-51-45-61-18-40-48-56-49-50-52-58-9-20-27-29-30-34-37-47-53-55-10-11-12-13-15-17-21-31-33-35-36-38-54-62-24-41-43-57-59-60-63-26-5-4-3-1-0-2,0.0134103,7.5103e-05,0.00204153
dense_64_4,1,0,2744140,7.95922,25063,100000000,62-27-19-22-61-52-6-42-54-28-29-40-16-18-48-8-55-5-30-56-51-14-58-60-50-53-13-15-32-49-31-20-39-44-41-46-21-7-23-57-33-24-25-38-17-59-45-47-12-34-36-37-43-63-35-4-3-1-2-9-0-10-11-26,0.010885,7.94833,6.91887e-310
dense_64_5,1,0,37,0.00940351,23528,0,25-20-22-62-42-46-7-8-45-51-9-53-27-54-61-14-39-6-10-56-16-18-50-55-40-37-49-47-28-23-44-19-13-32-36-15-24-11-21-26-52-31-34-33-58-12-59-48-29-5-35-41-17-38-30-43-63-60-4-3-1-2-57-0,0.00930148,0.00010203,6.90094e-310
dense_64_7,2,1,0,0.0165481,6979,0,42-46-44-45-51-61-39-40-48-49-50-52-58-47-53-55-56-38-54-62-41-43-57-59-60-63-8-22-6-7-28-20-19-13-23-27-14-9-11-25-32-16-34-10-18-37-12-29-21-36-24-5-35-31-30-33-4-17-15-26-3-1-0-2,0.0164809,6.7198e-05,0.00286557
dense_64_4,4,0,3255385,8.98844,8744,100000000,22-42-14-6-44-5-61-52-8-19-23-56-27-54-62-41-7-40-55-28-51-29-16-49-32-13-45-46-48-18-47-50-53-58-30-43-39-57-31-60-38-9-21-25-20-15-33-24-12-63-37-36-59-34-17-10-11-4-35-26-3-1-2-0,0.00670058,8.98174,6.92608e-310
dense_64_6,1,0,1318,0.0100716,21158,0,25-20-19-14-42-46-54-50-39-29-27-16-51-48-8-53-44-49-47-24-32-22-6-18-40-30-7-38-15-21-45-61-26-52-28-31-5-4-3-60-1-56-55-23-33-13-12-11-10-9-43-0-17-59-63-58-41-34-37-62-57-35-36-2,0.00970064,0.000370974,6.92577e-310
dense_64_5,4,0,0,0.00417873,7721,0,8-56-22-9-10-11-12-13-42-14-39-25-46-23-7-45-61-50-20-34-37-35-36-38-54-62-51-53-6-44-5-49-52-27-47-19-16-28-40-48-32-18-21-31-41-55-15-33-24-63-29-30-58-26-43-17-59-57-60-4-3-1-2-0,0.00409231,8.6419e-05,6.93642e-310
dense_64_6,4,0,16,0.00439677,4703,0,8-42-14-39-19-25-46-6-44-7-51-45-50-20-47-38-54-22-5-48-56-52-29-49-16-27-53-32-61-4-40-30-37-21-3-23-41-60-28-31-55-18-15-24-43-9-11-12-57-13-33-58-1-26-34-62-17-10-63-0-59-2-35-36,0.00432157,7.5196e-05,6.92967e-310
dense_64_7,1,0,12444,0.0138309,24473,0,62-22-61-39-20-51-54-49-46-50-47-8-27-42-28-19-6-25-16-48-40-13-18-21-41-7-56-12-11-10-43-45-23-52-55-9-37-36-35-44-24-53-38-14-58-57-5-4-33-17-59-32-29-34-15-31-63-3-1-0-60-30-2-26,0.0112424,0.00258843,6.94468e-310
dense_64_7,4,0,39,0.0102713,12229,0,42-8-46-50-22-62-39-5-61-49-47-6-7-51-56-54-13-20-45-48-14-19-23-55-25-27-38-28-16-21-40-52-9-11-10-57-53-18-34-36-41-32-58-37-44-12-35-33-43-24-63-29-31-4-59-17-15-30-60-3-26-1-0-2,0.0101691,0.000102236,6.90804e-310
dense_64_2,0,1,1960748,8.60724,44538,100000000,25-14-45-46-50-52-53-55-42-54-16-17-28-29-44-47-49-30-43-32-41-56-31-33-34-36-35-8-57-22-39-19-6-23-51-5-7-61-18-40-48-20-58-59-27-15-21-9-11-12-13-62-37-63-24-38-10-4-60-3-1-2-26-0,0.0126125,8.59462,0.00200912
dense_64_4,4,1,3258276,8.98723,8706,100000000,22-42-14-6-44-5-61-52-8-19-23-56-27-54-62-41-7-40-55-28-51-29-16-49-32-13-45-46-48-18-47-50-53-58-30-43-39-57-31-60-38-9-21-20-25-15-33-24-12-63-37-36-59-34-17-10-11-4-35-26-3-1-2-0,0.00844046,8.97879,0.00223318
dense_64_5,4,1,0,0.00468645,7711,0,8-56-22-9-10-11-12-13-42-14-39-25-46-23-7-45-61-50-20-34-37-35-36-38-54-62-51-53-6-44-5-49-52-27-47-19-16-28-40-48-32-18-21-31-41-55-15-33-24-63-29-30-58-26-43-17-59-57-60-4-3-1-2-0,0.00459814,8.8313e-05,0.00206417
dense_64_6,4,1,16,0.00469841,4659,0,8-42-14-39-19-25-46-6-44-7-51-45-50-20-47-38-54-22-5-48-56-52-29-49-16-27-53-32-61-4-40-30-37-21-3-23-41-60-28-31-55-18-15-24-43-9-11-12-57-13-33-58-1-26-34-62-17-10-63-0-59-2-35-36,0.00461447,8.3944e-05,0.00206484
dense_64_7,4,1,35,0.0109288,12156,0,42-8-46-50-22-39-62-5-61-49-47-6-7-51-56-20-54-13-45-48-14-19-23-55-25-27-38-28-21-16-40-52-9-11-10-57-53-18-34-36-41-32-58-37-44-12-35-33-24-43-63-29-4-31-59-17-15-30-60-3-26-1-0-2,0.0108158,0.000112964,0.00208444
dense_64_1,5,1,69301468,19.4148,2110,100000000,8-42-22-14-19-25-46-6-45-49-52-9-20-34-47-55-10-11-12-13-35-36-44-5-7-48-56-50-27-37-21-54-62-43-39-51-61-40-53-38-28-31-4-16-32-18-57-3-41-23-63-29-30-58-24-1-26-60-15-33-17-0-2-59,0.00516079,19.4096,0.00208133
dense_64_1,5,0,69301468,20.4879,2116,100000000,8-42-22-14-19-25-46-6-45-49-52-9-20-34-47-55-10-11-12-13-35-36-44-5-7-48-56-50-27-37-21-54-62-43-39-51-61-40-53-38-28-31-4-16-32-18-57-3-41-23-63-29-30-58-1-24-26-60-15-33-17-0-2-59,0.00513367,20.4827,6.91431e-310
dense_64_3,3,0,7837694,9.28506,9931,100000000,8-7-56-22-25-50-52-9-20-55-6-26-11-12-13-42-57-46-5-10-40-16-47-17-19-53-21-44-43-49-18-23-28-41-14-63-39-34-61-27-24-32-60-15-48-37-4-3-1-35-45-54-51-0-38-62-29-58-31-59-36-30-33-2,0.00740722,9.27765,6.94682e-310
dense_64_3,0,0,2714343,7.25022,45802,100000000,7-55-50-52-6-44-16-25-20-26-17-23-28-61-15-21-43-63-56-8-9-11-49-47-10-12-13-57-22-42-41-14-39-19-46-32-5-60-51-45-18-40-48-58-27-29-30-34-35-37-53-31-33-36-38-54-62-4-3-1-0-24-59-2,0.0134216,7.2368,6.94747e-310
dense_64_3,3,1,7837694,9.97786,9780,100000000,8-7-56-22-25-50-52-9-20-55-6-26-11-12-13-42-57-46-5-10-40-16-47-17-19-53-21-44-43-49-18-23-28-41-14-63-39-34-61-27-24-32-60-15-48-37-4-3-1-35-45-54-51-0-38-62-29-58-31-59-36-30-33-2,0.00990464,9.96796,0.0019513
dense_64_8,2,0,3023484,8.77173,4837,100000000,8-42-22-46-6-44-7-51-32-45-48-56-49-55-14-19-20-27-62-39-28-61-13-54-41-23-5-52-31-50-47-57-25-26-40-53-16-58-34-18-21-63-29-38-33-30-12-9-43-4-10-37-59-60-24-36-35-11-15-17-3-1-2-0,0.0145168,8.75721,6.93188e-310
dense_64_8,2,1,3023484,7.84924,4833,100000000,8-42-22-46-6-44-7-51-32-45-48-56-49-55-14-19-20-27-62-39-28-61-13-54-41-23-5-52-31-50-47-57-25-26-40-53-16-58-34-18-21-63-29-38-33-30-12-9-43-4-10-37-59-60-24-36-35-11-15-17-3-1-2-0,0.0161007,7.83314,0.00289026
dense_64_8,4,1,5435792,8.3148,6517,100000000,8-46-6-7-51-22-32-56-55-42-19-45-20-27-62-39-5-28-31-44-52-13-41-23-49-57-14-61-47-12-25-26-48-50-40-53-16-18-21-58-30-10-4-38-29-63-33-54-9-34-43-59-60-11-24-37-17-15-3-1-2-35-36-0,0.00544356,8.30935,0.00201466
dense_64_3,0,1,2815255,8.84375,40563,100000000,7-50-52-55-6-44-16-25-20-17-26-23-28-61-15-21-63-43-56-8-9-11-47-49-10-12-13-57-22-42-41-14-39-19-46-32-51-5-60-45-18-40-48-53-58-27-29-30-54-34-35-62-37-31-33-24-38-36-4-3-1-0-59-2,0.0147916,8.82896,0.00208171
dense_64_8,4,0,5435792,9.56086,6545,100000000,8-46-6-7-51-22-32-56-55-42-19-45-20-27-62-39-5-28-31-44-52-13-41-23-49-57-14-61-47-12-25-26-48-50-40-53-16-18-21-58-30-10-4-38-29-63-33-54-9-34-43-59-60-11-24-37-17-15-3-1-2-35-36-0,0.00511122,9.55575,6.9298e-310
dense_64_2,5,1,2246586,8.46666,6078,100000000,8-42-22-14-39-25-46-6-23-44-5-7-28-51-45-40-48-56-49-50-52-29-47-53-55-17-38-43-32-16-30-54-41-37-31-36-61-18-34-35-57-19-9-11-58-33-27-60-20-12-4-24-13-15-59-10-21-26-63-62-3-1-2-0,0.00735828,8.45931,0.00405079
dense_64_8,1,0,7598313,10.4642,24621,100000000,46-7-6-55-56-8-22-19-20-27-62-39-42-61-50-53-48-16-18-40-25-26-32-49-28-13-12-14-51-41-21-10-31-47-63-45-44-58-33-23-57-17-59-11-5-4-29-15-9-37-38-52-30-3-1-2-34-35-36-54-60-0-24-43,0.0106601,10.4535,6.93016e-310
dense_64_2,5,0,2246894,8.80234,6079,100000000,8-42-22-14-39-25-46-6-23-44-5-7-28-51-45-40-48-56-49-50-52-29-47-53-55-17-38-43-32-16-30-54-41-37-31-36-61-18-34-35-57-19-9-11-58-33-27-60-20-12-4-24-13-15-59-10-21-26-63-62-3-1-2-0,0.00675958,8.79558,6.94223e-310
dense_64_4,3,0,1604922,7.80388,16069,100000000,19-22-62-52-27-61-42-54-5-6-28-29-13-40-56-55-16-18-8-48-51-58-49-44-30-41-50-31-53-60-14-21-57-7-20-46-39-32-15-23-45-33-24-25-43-38-17-12-59-47-34-36-4-9-63-37-35-3-1-2-10-11-0-26,0.00880024,7.79508,6.92502e-310
dense_64_5,3,0,16,0.00867376,14956,0,8-42-46-7-61-9-22-25-20-62-44-45-54-14-51-53-27-6-49-39-19-34-56-10-16-18-40-50-55-37-23-28-13-47-36-15-32-52-26-21-31-24-5-12-11-38-58-35-33-57-63-48-41-17-59-29-43-30-60-4-3-1-2-0,0.00857094,0.000102827,6.92364e-310
dense_64_6,3,0,67,0.0091339,13281,0,19-20-25-14-42-46-44-29-8-54-50-39-16-27-51-47-48-53-49-24-32-22-6-30-18-40-38-7-21-15-26-52-45-61-41-56-31-5-4-3-1-60-28-43-23-55-9-11-12-13-0-10-63-17-33-34-62-59-58-37-57-2-35-36,0.00901153,0.000122365,6.8995e-310
dense_64_7,3,0,9030,0.0133789,18704,0,62-22-51-61-54-39-20-42-46-50-27-47-49-8-19-28-48-56-52-23-6-25-40-13-16-14-18-41-7-21-12-11-10-43-38-37-36-55-57-24-35-9-45-53-58-44-5-4-59-33-29-17-32-34-31-15-63-3-26-30-1-0-60-2,0.0119762,0.00140272,6.92049e-310
dense_64_2,1,1,86411900,32.3837,20986,0,46-45-14-25-50-42-52-53-44-54-22-8-40-16-29-17-55-6-51-32-28-49-18-47-7-30-56-43-27-20-24-31-48-26-39-41-34-36-35-23-33-19-57-13-12-11-10-9-58-5-38-59-15-21-63-61-37-62-60-4-3-1-2-0,0.00903597,32.3746,0.0024197
dense_64_4,3,1,1642822,8.30131,15890,100000000,19-22-62-52-27-61-42-54-5-6-28-29-13-40-56-55-16-18-8-48-51-58-49-41-44-30-50-31-53-60-14-21-57-20-7-46-39-32-15-23-24-45-33-25-43-38-17-12-59-47-34-36-4-63-9-37-35-3-1-2-10-11-0-26,0.00706394,8.29425,0.00242477
dense_64_5,3,1,16,0.00998368,14841,0,8-42-46-7-61-9-22-25-20-62-44-45-54-14-51-53-27-6-49-39-19-34-56-10-16-18-40-50-55-37-23-28-13-47-36-15-32-52-26-21-31-5-24-12-11-38-58-35-33-57-63-48-41-17-59-29-43-30-60-4-3-1-2-0,0.00987388,0.000109798,0.00283972
dense_64_6,3,1,67,0.0102069,13036,0,19-20-25-14-42-46-44-29-8-54-50-39-16-27-51-47-48-53-49-24-32-22-6-30-18-40-38-7-21-15-26-52-45-61-56-41-31-5-4-3-1-60-28-43-23-55-9-11-12-13-0-10-63-33-17-62-34-59-58-37-57-2-35-36,0.0100814,0.000125482,0.00193386
dense_64_7,3,1,3925,0.0154236,18253,0,62-22-51-61-54-39-20-42-46-50-27-47-49-19-8-28-48-56-52-23-6-25-13-40-16-18-14-41-7-21-43-12-11-10-38-24-37-36-55-57-35-45-9-53-58-44-5-4-59-33-29-17-32-34-31-15-63-3-30-26-1-0-60-2,0.0145506,0.000872965,0.00198715
dense_64_3,5,1,1894239,8.09203,1754,100000000,8-42-22-14-39-25-6-44-7-28-45-40-48-56-49-50-52-9-20-37-47-55-10-11-12-13-17-38-43-19-46-23-5-16-51-61-21-41-26-18-53-35-63-32-58-36-57-31-27-60-29-15-54-4-3-34-30-24-33-62-1-59-0-2,0.00555295,8.08648,0.00216104
dense_64_3,5,0,1894239,8.6514,1754,100000000,8-42-22-14-39-25-6-44-7-28-45-40-48-56-49-50-52-9-20-37-47-55-10-11-12-13-17-38-43-19-46-23-5-16-51-61-21-41-26-18-53-35-63-32-58-36-57-31-27-60-29-15-54-4-3-34-30-24-33-62-1-59-0-2,0.00438115,8.64702,6.91214e-310
dense_64_9,1,0,33693990,9.96064,22166,100000000,25-20-19-26-22-52-50-53-46-40-27-8-39-21-48-42-14-24-16-32-18-6-28-44-7-58-43-51-38-61-56-45-31-49-15-47-55-63-57-37-29-23-9-10-54-5-4-3-1-0-62-34-11-12-33-41-59-13-17-30-35-36-2-60,0.0108969,9.94974,6.90328e-310
dense_64_9,4,0,61257790,13.6877,8363,100000000,39-20-19-25-22-52-50-46-53-8-42-6-40-38-26-7-45-44-21-51-56-27-47-5-28-48-14-49-16-61-58-55-43-32-57-23-24-31-18-29-63-15-54-62-9-4-3-1-37-10-34-41-0-13-33-30-17-59-11-2-12-35-36-60,0.00775615,13.6799,6.94291e-310
dense_64_8,3,0,4521311,10.6536,13376,100000000,46-7-6-55-56-51-5-8-22-19-20-62-27-42-39-57-44-61-16-40-48-49-50-53-25-26-18-41-32-14-28-45-4-13-52-12-31-47-63-21-10-33-38-58-9-34-54-43-37-17-23-29-15-30-11-59-3-1-2-35-36-60-0-24,0.00995912,10.6436,6.92416e-310
dense_64_3,1,1,5470456,10.0638,18261,100000000,25-20-26-22-56-7-50-6-8-9-55-52-11-46-10-40-42-16-53-17-21-12-18-14-23-13-28-44-61-47-49-27-63-39-43-19-32-24-48-37-15-41-5-60-4-3-1-57-35-38-29-51-45-0-58-59-31-62-30-34-36-54-33-2,0.00936465,10.0544,0.00209572
dense_64_8,3,1,2963389,8.82342,12923,100000000,46-7-6-55-56-51-5-8-22-19-20-62-27-42-39-57-44-61-16-40-48-49-50-53-25-26-18-41-32-14-45-28-13-4-52-12-31-47-63-21-10-33-38-58-9-54-34-43-37-17-23-29-15-30-11-59-3-1-2-35-36-60-24-0,0.0114016,8.81202,0.00197098
dense_64_4,5,0,2966053,6.83559,8548,100000000,42-6-44-5-45-61-19-62-22-52-27-29-54-41-8-7-28-55-56-40-31-51-49-13-57-14-46-30-60-58-23-16-48-18-50-53-39-43-32-4-38-24-21-20-63-33-15-25-59-34-12-36-47-9-37-17-3-1-2-35-11-10-26-0,0.0094218,6.82616,6.91249e-310
dense_64_4,5,1,2956276,8.70878,8494,100000000,42-6-44-5-45-61-19-62-22-52-27-29-54-41-8-7-28-55-56-40-31-51-49-13-57-14-46-30-60-58-23-16-48-18-50-53-39-43-32-4-38-24-20-21-63-33-15-25-59-34-12-36-47-9-37-17-3-1-2-35-11-10-26-0,0.0100193,8.69876,0.00261515
dense_64_9,4,1,61429725,18.8068,8306,100000000,39-20-19-25-22-52-50-46-53-8-42-6-40-38-26-7-45-44-21-51-56-27-47-5-28-48-14-49-16-61-58-55-43-32-24-57-23-31-18-29-63-15-54-62-9-4-3-1-37-10-34-41-0-13-33-30-17-59-11-2-12-35-36-60,0.00732809,18.7995,0.00271765
dense_64_10,1,0,1080492,8.73984,24380,100000000,62-22-19-61-14-48-27-17-40-28-29-44-13-12-11-39-16-10-18-25-26-43-15-32-41-20-47-6-42-56-31-5-4-3-60-1-8-50-52-30-23-46-24-9-7-34-38-33-45-57-58-63-51-21-59-49-55-35-36-37-53-54-0-2,0.0129108,8.72693,6.93422e-310
dense_64_11,1,0,7,0.00886767,17830,0,46-7-6-8-42-9-56-11-14-19-18-61-50-55-53-17-40-32-12-13-44-29-28-23-47-16-48-10-22-25-26-37-39-45-27-20-31-30-24-5-4-3-1-60-59-49-51-36-33-38-63-15-58-21-52-34-62-43-35-41-54-57-0-2,0.00877302,9.4652e-05,6.90649e-310
dense_64_12,1,0,13,0.0106655,23507,0,19-61-62-27-22-42-45-8-9-11-44-54-10-14-16-18-29-6-17-28-51-39-32-50-46-48-13-58-63-59-60-40-20-37-21-12-23-25-30-5-7-4-24-52-34-38-35-43-33-15-31-56-49-3-1-36-41-57-47-53-55-0-2-26,0.0105585,0.000106988,6.91462e-310
dense_64_13,1,0,177,0.0103794,22192,0,22-19-14-25-45-62-61-40-52-27-6-50-32-53-8-42-44-9-13-46-24-23-5-4-3-16-1-18-20-28-63-51-12-10-11-48-49-7-26-37-31-39-34-33-38-21-58-57-29-56-30-43-15-41-47-54-60-35-36-55-0-2-17-59,0.0102298,0.000149588,6.92591e-310
dense_64_14,1,0,1418569,0.329098,21641,0,54-42-14-8-5-55-23-28-53-50-13-39-20-19-25-56-46-7-51-61-16-60-40-48-58-21-41-6-18-52-43-44-27-12-11-10-24-22-33-9-37-36-45-38-15-17-32-59-63-62-34-49-57-35-29-31-30-47-4-3-1-0-2-26,0.0116932,0.317405,6.94694e-310
dense_64_4,1,1,1174934,8.53525,23337,100000000,62-27-19-22-61-52-6-42-54-28-29-40-16-18-48-8-55-5-30-56-51-14-58-13-60-50-53-15-32-49-31-20-39-41-21-44-46-7-23-24-57-33-25-38-17-59-45-47-12-34-36-37-43-63-35-4-9-3-1-2-10-11-0-26,0.011637,8.52361,0.00214038
dense_64_5,1,1,37,0.010401,22301,0,25-20-22-62-42-46-7-8-45-51-9-53-27-54-61-14-39-6-10-56-16-18-50-55-40-37-49-47-28-23-44-13-19-32-36-15-24-11-21-26-31-52-34-33-58-12-59-48-29-5-17-35-41-38-30-43-63-60-57-4-3-1-2-0,0.0102888,0.0001122,0.00201665
dense_64_6,1,1,1717,0.0116744,19973,0,25-20-19-14-42-46-54-50-39-29-27-16-51-48-53-8-44-24-49-47-32-22-6-18-40-30-7-38-15-21-45-61-26-52-28-31-56-55-5-4-3-60-1-23-33-13-12-11-10-9-43-0-17-63-58-59-41-62-34-37-57-35-36-2,0.0112026,0.000471832,0.00215561
dense_64_7,1,1,195425,0.048102,22741,0,62-22-61-39-20-51-54-49-46-50-47-8-27-42-28-19-6-25-13-16-48-40-18-21-41-7-24-56-43-12-11-10-45-23-52-55-9-37-36-35-53-44-38-14-58-33-57-5-4-17-32-59-29-34-15-31-63-3-30-1-0-60-26-2,0.0122512,0.0358509,0.00215261
dense_64_5,5,0,2439984,7.6911,6163,100000000,8-42-22-14-39-19-25-46-7-28-51-45-61-48-49-9-20-27-37-47-10-11-12-13-35-36-62-44-5-50-52-53-54-6-23-16-40-56-32-34-38-31-18-33-58-55-21-41-29-30-15-43-24-63-17-59-60-26-4-57-3-1-2-0,0.00566286,7.68543,6.94468e-310
dense_64_9,2,1,157140348,27.8555,3317,100000000,8-42-22-14-39-19-25-46-6-44-7-51-45-40-48-56-50-52-20-53-55-38-49-57-26-58-21-54-32-28-43-27-47-23-61-5-16-41-31-24-29-18-63-34-15-9-37-10-62-33-30-4-3-1-59-60-0-11-17-13-36-35-12-2,0.0155424,27.84,0.00216454
dense_64_5,5,1,2439984,8.75044,6160,100000000,8-42-22-14-39-19-25-46-7-28-51-45-61-48-49-9-20-27-37-47-10-11-12-13-35-36-62-44-5-50-52-53-54-6-23-16-40-56-32-34-38-31-18-33-58-55-21-41-29-30-15-43-24-63-17-59-60-26-4-57-3-1-2-0,0.00631598,8.74412,0.00219892
dense_64_15,1,0,4201218,7.36687,18451,100000000,25-26-22-42-7-8-6-52-53-40-9-62-56-61-11-14-54-46-50-27-16-32-18-55-5-4-3-24-23-1-28-13-39-60-10-51-48-20-37-59-19-44-12-34-45-57-15-58-17-63-29-21-41-31-30-49-33-47-38-43-35-36-0-2,0.00972391,7.35714,6.89917e-310
dense_64_16,1,0,130,0.0110298,22140,0,22-19-40-52-50-16-48-17-28-29-61-44-8-9-11-10-39-27-55-18-23-14-6-13-25-26-51-53-43-32-49-46-15-7-37-20-31-12-24-30-56-42-38-34-58-57-5-4-3-1-2-62-47-45-63-21-41-33-35-36-54-0-59-60,0.0109075,0.000122243,6.92919e-310
dense_64_9,2,0,157140348,31.2819,3319,100000000,8-42-22-14-39-19-25-46-6-44-7-51-45-40-48-56-50-52-20-53-55-38-49-57-26-58-21-54-32-28-43-27-47-23-61-5-16-41-31-24-29-18-63-34-15-9-37-10-62-33-30-4-3-1-59-60-0-11-17-13-36-35-12-2,0.0149271,31.2669,6.93154e-310
dense_64_10,4,0,66578175,15.4859,11103,100000000,19-14-61-62-13-22-12-10-39-29-11-44-28-48-17-42-27-16-23-40-18-43-9-41-6-47-31-24-30-32-56-5-4-3-45-8-50-25-26-20-15-52-58-1-63-60-57-38-33-21-51-7-46-34-49-59-55-54-53-37-0-2-35-36,0.0105295,15.4754,6.9062e-310
dense_64_11,4,0,0,0.00230583,1471,0,8-50-52-22-9-10-11-12-13-42-14-39-19-46-6-23-32-44-5-7-16-28-51-45-61-48-56-49-29-47-55-17-38-30-37-31-18-34-54-40-36-53-33-4-3-57-35-24-43-27-60-58-25-26-1-41-15-63-20-62-59-21-0-2,0.00227441,3.1418e-05,6.90555e-310
dense_64_12,4,0,0,0.00797782,5111,0,8-42-22-14-46-45-9-10-11-12-13-19-6-23-32-44-5-16-28-61-50-27-29-38-62-39-30-37-51-48-17-31-18-52-58-34-54-63-25-40-56-7-35-47-60-33-4-36-57-21-24-41-43-59-20-49-15-53-55-3-1-26-0-2,0.00791488,6.2944e-05,6.93e-310
dense_64_13,4,0,0,0.00459305,2852,0,8-42-22-14-39-44-28-45-9-29-37-10-11-12-13-38-19-25-6-32-5-61-40-50-52-27-53-62-23-46-51-56-7-49-4-63-34-41-30-16-33-3-24-48-54-1-18-55-47-20-57-43-31-60-21-26-35-36-15-58-0-2-17-59,0.00455153,4.1519e-05,6.94075e-310
dense_64_14,4,0,58965,0.0197267,8640,0,42-61-54-8-14-23-28-46-6-5-13-22-48-55-16-19-20-56-50-39-58-44-27-53-41-25-40-45-7-18-51-21-60-24-43-52-12-11-10-33-29-32-9-63-38-37-36-49-62-30-15-59-57-4-31-34-47-17-35-26-3-1-0-2,0.00843098,0.0112957,6.93404e-310
dense_64_9,3,1,68981788,16.3396,14799,100000000,19-20-25-26-22-52-50-46-53-8-40-42-27-39-48-61-5-21-6-24-14-16-18-58-38-32-44-28-7-43-51-31-56-15-63-4-3-1-45-47-57-55-49-37-0-29-23-9-10-54-34-41-17-33-13-62-2-11-12-30-59-35-36-60,0.0116279,16.328,0.00211055
dense_64_8,1,1,2783923,9.03555,22506,100000000,46-7-6-55-56-8-22-19-62-20-27-39-42-61-50-53-48-16-18-40-25-26-32-49-28-13-12-14-51-41-21-10-31-63-47-45-44-58-33-23-57-17-59-11-5-4-29-15-9-37-52-38-30-3-1-2-54-34-35-36-60-24-43-0,0.0115528,9.024,0.00213803
dense_64_6,5,0,1554499,8.58709,2853,100000000,8-42-14-39-19-25-46-6-44-7-51-45-48-49-50-20-29-47-55-38-22-5-56-52-53-54-16-40-37-32-61-27-4-30-9-11-21-31-41-3-23-60-28-15-24-18-43-34-57-12-33-13-10-1-58-26-35-36-62-63-0-17-59-2,0.00665336,8.58043,6.92633e-310
dense_64_10,2,1,1875180,7.34917,8244,100000000,19-14-23-28-29-39-61-62-13-12-22-48-17-42-44-11-43-27-30-31-45-16-40-18-32-24-10-6-41-47-56-25-26-58-15-5-4-3-20-51-60-63-46-50-52-33-57-8-1-7-38-34-49-21-9-54-55-53-59-37-36-35-2-0,0.0219452,7.32723,0.00212738
dense_64_11,2,1,0,0.00990822,985,0,8-42-22-14-39-19-25-46-6-23-32-44-5-7-16-28-51-45-61-18-40-48-56-49-50-52-58-9-20-27-29-30-34-37-47-53-55-10-11-12-13-15-17-21-31-33-35-36-38-54-62-24-41-43-57-59-60-63-26-4-3-1-0-2,0.00987089,3.7329e-05,0.00203635
dense_64_12,2,1,0,0.0120355,4373,0,8-42-22-14-39-19-25-46-6-23-32-44-5-7-16-28-51-45-61-18-40-48-56-49-50-52-58-9-20-27-29-30-34-37-47-53-55-10-11-12-13-15-17-21-31-33-35-36-38-54-62-24-41-43-57-59-60-63-26-4-3-1-2-0,0.0119509,8.4673e-05,0.00209023
dense_64_13,2,1,0,0.0108523,924,0,8-42-22-14-39-19-25-46-6-23-32-44-5-7-16-28-51-45-61-18-40-48-56-49-50-52-58-9-20-27-29-30-34-37-47-53-55-10-11-12-13-15-17-21-31-33-35-36-38-54-62-24-41-43-57-59-60-63-26-4-3-1-2-0,0.0108173,3.5e-05,0.00212473
dense_64_14,2,1,0,0.0187904,5182,0,50-52-53-8-42-14-6-44-51-45-48-28-56-46-55-54-7-61-23-22-49-41-58-47-13-43-5-9-11-16-39-20-27-57-40-10-19-25-34-37-18-29-32-21-24-31-36-60-12-30-33-38-63-62-15-59-35-17-26-4-3-1-0-2,0.0187088,8.1613e-05,0.00211231
dense_64_6,5,1,1554499,8.03441,2844,100000000,8-42-14-39-19-25-46-6-44-7-51-45-48-49-50-20-29-47-55-38-22-5-56-52-53-54-16-40-37-32-61-27-4-30-9-11-21-31-41-3-23-60-28-15-24-18-43-34-57-12-33-13-10-1-58-26-35-36-62-63-0-17-59-2,0.00714752,8.02726,0.00211792
dense_64_10,4,1,77925132,16.9402,10873,100000000,19-14-61-62-13-22-12-10-39-29-11-44-28-48-17-42-27-16-23-40-18-43-9-41-6-47-31-24-30-32-56-5-4-3-45-8-50-20-25-26-15-52-58-1-63-60-57-38-33-21-51-7-46-34-49-55-59-54-53-37-0-2-35-36,0.0111061,16.9291,0.00208776
dense_64_11,4,1,0,0.00249817,1471,0,8-50-52-22-9-10-11-12-13-42-14-39-19-46-6-23-32-44-5-7-16-28-51-45-61-48-56-49-29-47-55-17-38-30-37-31-18-34-54-40-36-53-33-4-3-57-35-24-43-27-60-58-25-26-1-41-15-63-20-62-59-21-0-2,0.00246798,3.0192e-05,0.00206288
dense_64_12,4,1,0,0.00398768,5104,0,8-42-22-14-46-45-9-10-11-12-13-19-6-23-32-44-5-16-28-61-50-27-29-38-62-39-30-37-51-48-17-31-18-52-58-34-54-63-25-40-56-7-35-47-60-33-4-36-57-21-24-41-43-59-20-49-15-53-55-3-1-26-0-2,0.00390584,8.1838e-05,0.00202432
dense_64_13,4,1,0,0.00494685,2837,0,8-42-22-14-39-44-28-45-9-29-37-10-11-12-13-38-19-25-6-32-5-61-40-50-52-27-53-62-23-46-51-56-7-49-4-63-34-41-30-16-33-3-24-48-54-1-18-55-47-20-57-43-31-60-21-26-35-36-15-58-0-2-17-59,0.00490482,4.2035e-05,0.00214473
dense_64_14,4,1,116,0.0087278,8575,0,42-46-61-54-8-14-23-28-6-5-13-22-48-55-19-20-50-16-39-56-58-44-27-53-25-41-40-45-18-7-21-51-60-24-43-52-12-11-10-33-29-32-9-63-38-37-36-49-62-30-15-59-57-4-31-34-47-17-35-26-3-1-0-2,0.00863408,9.3724e-05,0.0020624
dense_64_10,2,0,1875152,7.27188,8295,100000000,19-14-23-28-29-39-61-62-13-12-22-48-17-42-44-43-27-30-11-31-45-16-40-18-32-24-6-10-41-47-56-25-26-58-15-5-4-3-20-51-60-63-46-50-52-33-57-8-7-38-1-34-49-21-9-54-55-53-59-37-36-35-0-2,0.0213749,7.2505,6.9394e-310
dense_64_9,3,0,68982725,21.9523,15012,100000000,19-20-25-26-22-52-50-46-53-8-40-42-27-39-48-61-5-21-6-14-24-16-18-58-38-32-44-28-7-43-51-31-56-15-4-3-1-63-45-47-57-55-49-37-0-29-23-9-10-54-34-41-33-17-13-62-2-11-12-30-59-35-36-60,0.00982054,21.9425,6.90603e-310
dense_64_11,2,0,0,0.00936444,985,0,8-42-22-14-39-19-25-46-6-23-32-44-5-7-16-28-51-45-61-18-40-48-56-49-50-52-58-9-20-27-29-30-34-37-47-53-55-10-11-12-13-15-17-21-31-33-35-36-38-54-62-24-41-43-57-59-60-63-26-4-3-1-0-2,0.00934401,2.0427e-05,6.9442e-310
dense_64_12,2,0,0,0.0114851,4374,0,8-42-22-14-39-19-25-46-6-23-32-44-5-7-16-28-51-45-61-18-40-48-56-49-50-52-58-9-20-27-29-30-34-37-47-53-55-10-11-12-13-15-17-21-31-33-35-36-38-54-62-24-41-43-57-59-60-63-26-4-3-1-2-0,0.0114081,7.6999e-05,6.93455e-310
dense_64_13,2,0,0,0.0101492,924,0,8-42-22-14-39-19-25-46-6-23-32-44-5-7-16-28-51-45-61-18-40-48-56-49-50-52-58-9-20-27-29-30-34-37-47-53-55-10-11-12-13-15-17-21-31-33-35-36-38-54-62-24-41-43-57-59-60-63-26-4-3-1-2-0,0.0101114,3.7817e-05,6.91699e-310
dense_64_14,2,0,118,0.0167445,5231,0,8-42-14-6-45-56-50-46-44-48-28-55-54-7-51-61-52-53-23-22-41-58-13-43-49-47-5-9-11-16-57-39-20-40-10-27-19-34-25-37-18-29-32-24-21-31-36-60-12-30-33-38-63-62-15-59-35-17-26-4-3-1-0-2,0.0166327,0.000111838,6.94178e-310
dense_64_15,4,0,3907175,8.15871,1843,100000000,8-42-22-14-25-6-23-32-5-7-28-61-56-52-9-53-10-11-12-13-62-39-51-40-50-37-26-16-27-38-54-44-45-48-46-4-57-18-24-29-3-58-30-34-31-47-55-41-60-19-1-20-35-36-63-59-49-33-43-21-15-17-0-2,0.00227544,8.15644,6.95214e-310
dense_64_16,4,0,0,0.00714913,6941,0,8-9-53-52-22-10-11-12-13-19-50-23-40-16-17-28-29-61-48-37-44-27-39-42-18-31-14-55-32-30-6-51-24-43-46-25-26-56-38-7-45-49-20-15-5-58-62-4-3-1-57-34-63-47-2-41-35-36-21-54-33-0-59-60,0.00707383,7.5299e-05,6.90153e-310
dense_64_7,5,1,2016639,5.63347,6349,100000000,8-42-22-14-39-46-6-28-51-45-61-48-56-49-50-20-47-62-19-7-27-54-5-52-13-38-44-58-37-55-41-57-40-31-35-43-53-36-9-11-18-16-10-12-25-21-23-32-4-33-34-63-29-24-17-30-60-15-59-26-3-1-0-2,0.00996359,5.62351,0.00278567
dense_64_15,2,1,3751558,6.25933,1379,100000000,8-42-22-14-39-25-6-23-32-44-5-7-16-28-51-45-61-40-48-56-50-52-9-53-55-10-11-12-13-62-19-46-49-27-37-47-38-54-26-31-4-57-34-58-29-60-33-41-30-24-35-36-3-18-43-1-59-20-17-63-21-15-2-0,0.0116827,6.24765,0.00213705
dense_64_16,2,1,0,0.0117845,1020,0,8-42-22-14-39-19-25-46-6-23-32-44-5-7-16-28-51-45-61-18-40-48-56-49-50-52-58-9-20-27-29-30-34-37-47-53-55-10-11-12-13-15-17-21-31-33-35-36-38-54-62-24-41-43-57-59-60-63-26-4-3-1-2-0,0.0117493,3.5227e-05,0.00296566
dense_64_7,5,0,2016685,8.1016,6361,100000000,8-42-22-14-39-46-6-28-51-61-48-56-49-50-20-47-62-19-7-45-27-54-5-52-13-38-44-58-37-55-41-57-40-35-43-53-36-9-11-31-18-16-10-12-25-21-23-32-4-34-33-63-29-24-17-30-60-15-59-26-3-1-0-2,0.0100173,8.09158,6.91175e-310
dense_64_15,4,1,3907175,6.2591,1841,100000000,8-42-22-14-25-6-23-32-5-7-28-61-56-52-9-53-10-11-12-13-62-39-51-40-50-37-26-16-27-38-54-44-45-48-46-4-57-18-24-29-3-58-30-34-31-47-55-41-60-19-1-20-35-36-63-59-49-33-43-21-15-17-0-2,0.00229692,6.2568,0.00208666
dense_64_16,4,1,0,0.00754479,6910,0,8-9-53-52-22-10-11-12-13-19-50-23-40-16-17-28-29-61-48-37-44-27-39-42-18-31-14-55-32-30-6-51-24-43-46-25-26-56-38-7-45-49-20-15-5-58-62-4-3-1-57-63-34-47-2-41-35-36-21-54-33-0-59-60,0.00746473,8.0062e-05,0.00197789
dense_64_8,5,1,3018888,5.57038,4817,100000000,8-46-6-7-51-22-39-14-32-45-56-49-20-55-42-19-28-27-31-62-5-13-12-41-52-47-54-44-48-50-61-25-26-40-57-58-53-16-33-18-21-23-63-4-38-29-34-9-10-30-37-59-43-60-15-11-35-36-24-17-3-1-2-0,0.0116869,5.55869,0.0030204
dense_64_15,2,0,3751558,9.1749,1379,100000000,8-42-22-14-39-25-6-23-32-44-5-7-16-28-51-45-61-40-48-56-50-52-9-53-55-10-11-12-13-62-19-46-49-27-37-47-38-54-26-31-4-57-34-58-29-60-33-41-30-24-35-36-3-18-43-1-59-20-17-63-21-15-2-0,0.0114354,9.16346,6.92024e-310
dense_64_16,2,0,0,0.011584,1020,0,8-42-22-14-39-19-25-46-6-23-32-44-5-7-16-28-51-45-61-18-40-48-56-49-50-52-58-9-20-27-29-30-34-37-47-53-55-10-11-12-13-15-17-21-31-33-35-36-38-54-62-24-41-43-57-59-60-63-26-4-3-1-2-0,0.01155,3.4028e-05,6.9002e-310
dense_64_9,1,1,34772194,16.763,20997,100000000,25-20-19-26-22-52-50-53-46-40-27-8-39-21-48-42-24-14-16-32-18-6-28-44-7-43-58-51-38-61-56-15-45-31-63-49-47-55-57-37-29-23-9-10-54-5-4-3-1-0-62-34-11-12-41-13-17-33-30-59-35-36-2-60,0.0115018,16.7515,0.00209044
dense_64_17,2,1,4211314,9.20663,2317,100000000,8-42-22-19-46-6-44-7-45-49-47-14-51-48-56-52-27-53-55-54-62-5-61-13-29-12-41-40-34-50-57-58-32-4-3-38-28-60-39-33-1-25-26-31-9-16-37-30-10-43-23-20-15-24-18-36-35-21-63-59-2-11-17-0,0.013727,9.19291,0.00316245
dense_64_8,5,0,3018888,8.77641,4834,100000000,8-46-6-7-51-22-39-14-32-45-56-49-20-55-42-19-28-27-31-62-5-13-12-41-52-47-54-44-48-50-61-25-26-40-57-58-53-16-33-18-21-23-63-4-38-29-34-9-10-30-37-59-43-60-15-11-35-36-24-17-3-1-2-0,0.00669497,8.76972,6.94844e-310
dense_64_17,4,0,10889266,13.7053,4688,100000000,46-7-47-42-22-48-56-55-62-8-19-52-27-53-54-51-13-61-12-45-5-14-41-44-6-29-49-50-4-3-10-57-40-1-34-38-28-9-25-26-16-58-39-32-33-18-20-37-15-60-43-24-11-2-31-30-23-21-63-35-36-59-0-17,0.00576952,13.6995,6.92296e-310
dense_64_17,4,1,10948267,11.4095,4649,100000000,46-7-47-42-22-48-56-55-62-8-19-52-27-53-54-51-13-61-12-45-5-14-41-44-6-29-49-50-4-3-10-57-40-1-34-38-28-9-25-26-58-16-39-32-33-18-20-37-15-24-43-60-11-2-31-30-23-21-63-35-36-59-0-17,0.00584867,11.4036,0.00204519
dense_64_17,2,0,4211314,9.25007,2318,100000000,8-42-22-19-46-6-44-7-45-49-47-14-51-48-56-52-27-53-55-54-62-5-61-13-29-12-41-40-34-50-57-58-32-4-3-38-28-60-39-33-1-25-26-31-9-16-37-30-10-43-23-20-15-24-18-36-35-21-63-59-2-11-17-0,0.0134453,9.23663,6.92688e-310
dense_64_9,5,1,7302802,9.75968,3323,100000000,8-46-6-44-7-51-22-39-19-25-40-48-50-52-20-47-53-55-38-42-45-56-49-43-26-21-57-37-54-5-58-27-14-28-32-16-41-31-29-61-18-23-24-9-36-34-35-63-4-3-1-10-15-62-30-13-33-0-59-11-60-17-12-2,0.00783673,9.75184,0.00199915
dense_64_10,1,1,1282935,8.55427,22517,100000000,62-22-19-61-14-48-17-27-40-13-28-29-44-12-11-39-16-10-18-25-26-43-15-47-32-41-20-6-24-42-56-31-5-4-3-60-1-8-50-52-30-23-46-7-9-34-38-33-45-57-58-51-63-21-59-49-55-53-35-36-54-37-0-2,0.0129881,8.54128,0.00208358
dense_64_11,1,1,7,0.00910349,16702,0,46-7-6-8-42-9-56-11-14-19-18-17-61-50-55-53-40-32-13-12-23-28-29-44-47-16-48-10-22-25-26-37-39-45-27-24-20-31-30-51-5-4-3-1-60-59-36-49-33-38-63-15-58-21-52-34-62-43-54-35-41-57-0-2,0.00901647,8.7021e-05,0.00382971
dense_64_12,1,1,13,0.0111473,21494,0,19-61-62-27-22-42-45-8-9-11-44-54-10-14-16-17-18-29-6-28-51-39-32-50-46-48-13-58-63-59-60-40-20-37-21-12-23-24-25-30-5-4-7-52-34-38-35-43-15-33-56-31-49-36-3-1-41-57-53-55-47-0-2-26,0.0110545,9.2742e-05,0.00333446
dense_64_13,1,1,185,0.0106135,20749,0,22-19-14-25-45-62-61-40-52-50-27-6-53-32-8-42-44-9-13-24-46-23-5-4-3-16-1-18-20-28-63-51-12-10-11-49-48-7-26-37-31-39-34-33-38-21-58-57-29-56-43-15-30-41-47-54-55-60-35-36-17-0-2-59,0.0104701,0.000143362,0.00292579
dense_64_18,2,1,3177441,8.99137,3823,100000000,8-42-22-14-39-19-25-6-32-44-7-51-45-61-48-56-49-50-52-9-37-55-13-12-17-38-62-43-46-5-16-40-10-11-26-27-47-53-54-18-63-28-58-23-41-34-15-57-24-29-21-20-31-36-35-30-59-60-4-33-3-1-2-0,0.0141875,8.97719,0.0020238
dense_64_19,2,1,157,0.0130594,4802,0,8-42-22-14-39-19-25-46-6-44-5-28-51-45-40-48-50-52-29-53-38-43-23-49-27-17-62-41-32-7-61-56-58-34-54-16-30-47-31-18-4-60-33-35-24-36-57-55-21-20-15-37-9-13-26-59-63-10-11-12-3-1-2-0,0.0129515,0.000107885,0.00296248
dense_64_14,1,1,1535546,0.349569,20212,0,20-39-14-42-54-8-55-5-50-53-23-13-28-19-25-56-46-7-16-51-61-40-60-48-58-18-21-41-6-52-24-43-27-44-12-11-10-22-33-9-37-36-45-38-15-17-32-63-59-62-49-29-34-57-35-31-47-30-4-3-1-0-2-26,0.011758,0.337811,0.00296919
dense_64_20,2,1,0,0.011716,3065,0,8-42-22-14-39-19-25-46-6-23-32-44-5-7-16-28-51-45-61-18-40-48-56-49-50-52-58-9-20-27-29-30-34-37-47-53-55-10-11-12-13-15-17-21-31-33-35-36-38-54-62-24-41-43-57-59-60-63-26-4-3-1-0-2,0.0116449,7.1085e-05,0.0029113
dense_64_21,2,1,0,0.0122795,790,0,8-42-22-14-39-19-25-46-6-23-32-44-5-7-16-28-51-45-61-18-40-48-56-49-50-52-58-9-20-27-29-30-34-37-47-53-55-10-11-12-13-15-17-21-31-33-35-36-38-54-62-24-41-43-57-59-60-63-26-4-3-1-2-0,0.0122563,2.3151e-05,0.00292217
dense_64_22,2,1,226,0.0128223,4433,0,8-42-22-14-39-19-25-46-6-44-7-28-51-45-48-49-52-29-47-53-43-23-5-16-40-56-27-55-54-62-41-32-61-50-34-30-58-31-57-24-9-11-18-36-20-38-33-4-59-37-60-35-21-13-17-26-15-63-10-12-3-1-0-2,0.0126906,0.000131654,0.00534622
dense_64_18,4,1,3908808,5.69806,5497,100000000,8-42-22-14-39-19-25-44-45-61-56-9-37-38-62-6-5-16-40-52-10-11-12-43-26-51-48-47-17-55-13-63-46-7-18-49-34-35-36-32-50-27-53-15-23-24-20-21-41-29-58-33-28-31-54-4-30-59-57-3-1-2-60-0,0.00739456,5.69066,0.00302234
dense_64_19,4,1,56,0.00300068,4694,0,8-42-14-39-25-46-6-44-5-45-50-52-29-53-38-37-22-19-40-9-27-34-62-41-32-7-28-51-61-49-36-35-4-56-60-23-16-17-48-58-47-33-18-55-24-54-31-43-20-15-21-30-57-26-59-13-63-3-10-11-1-0-2-12,0.00294057,6.0113e-05,0.00209737
dense_64_20,4,1,0,0.00674069,5145,0,8-42-14-44-45-9-10-11-12-13-22-39-46-6-7-48-49-50-52-37-47-53-38-19-40-62-51-61-56-27-5-29-30-23-34-35-36-55-17-41-32-28-16-54-18-33-21-4-63-24-25-20-43-31-57-60-58-59-15-3-1-0-2-26,0.00666715,7.3541e-05,0.00341844
dense_64_21,4,1,0,0.0027056,2716,0,8-50-52-22-9-34-37-10-11-12-13-38-42-14-46-6-5-7-45-61-56-55-35-36-62-44-51-23-32-40-48-63-16-49-27-47-60-54-4-3-28-18-21-53-30-19-39-15-31-57-41-43-59-29-25-1-24-33-58-20-0-2-17-26,0.00265945,4.6147e-05,0.00234356
dense_64_22,4,1,813,0.00514057,8117,0,8-42-22-14-39-19-25-46-6-44-7-45-40-52-47-53-43-5-48-49-27-55-62-41-16-51-61-56-29-54-28-23-32-50-18-34-24-57-20-36-9-11-30-58-38-31-33-26-15-13-21-4-63-59-10-35-17-12-37-3-1-0-60-2,0.0049349,0.000205669,0.00203465
dense_64_10,3,1,125609377,28.2382,14943,100000000,19-22-62-61-14-13-48-17-12-11-27-44-29-40-18-10-28-39-16-47-56-41-15-32-20-25-26-43-52-50-42-31-6-5-4-3-1-60-23-33-24-8-38-45-30-34-46-63-51-7-21-9-58-57-55-59-49-53-54-0-2-37-35-36,0.0121857,28.226,0.00208467
dense_64_11,3,1,10,0.00656109,6463,0,8-46-7-9-42-22-6-19-56-5-11-44-12-18-29-47-14-17-13-28-55-40-4-3-61-50-53-16-1-32-48-23-45-10-34-49-27-60-25-26-20-31-36-24-37-41-43-39-52-51-57-59-33-54-30-38-63-15-58-0-2-21-35-62,0.00651196,4.9131e-05,0.0029683
dense_64_12,3,1,0,0.00697973,10689,0,9-37-8-45-42-11-54-44-61-19-62-27-22-10-14-39-46-29-6-16-17-5-7-18-51-28-47-32-60-56-48-50-13-49-53-55-12-4-63-58-21-59-43-40-20-38-30-41-23-24-25-57-35-52-34-15-31-3-1-33-36-0-2-26,0.00689804,8.1688e-05,0.00298121
dense_64_13,3,1,96,0.00627751,9787,0,8-5-22-14-25-50-52-42-19-45-62-61-40-27-6-44-53-32-9-13-23-4-3-24-38-63-16-28-46-1-20-10-31-51-18-12-11-41-49-37-34-7-26-39-48-43-29-21-15-30-33-56-47-54-55-57-0-2-58-60-35-36-17-59,0.00616649,0.000111022,0.00295696
dense_64_18,4,0,3908736,9.17261,5505,100000000,8-42-22-14-39-19-25-44-45-61-56-9-37-38-62-6-5-16-40-52-10-11-12-43-26-51-48-47-17-55-13-63-46-7-18-49-34-35-36-32-50-27-53-15-23-24-20-21-41-29-58-33-28-31-54-30-4-59-57-3-1-2-60-0,0.00476276,9.16785,6.90997e-310
dense_64_19,4,0,56,0.00386311,4725,0,8-42-14-39-25-46-6-44-5-45-50-52-29-53-38-37-22-19-40-9-27-34-62-41-32-7-28-51-61-49-36-35-4-56-60-23-16-17-48-58-47-33-18-55-24-54-31-43-20-15-21-30-57-26-59-13-63-3-10-11-1-0-2-12,0.00378249,8.0619e-05,6.93687e-310
dense_64_20,4,0,0,0.00429339,5146,0,8-42-14-44-45-9-10-11-12-13-22-39-46-6-7-48-49-50-52-37-47-53-38-19-40-62-51-61-56-27-5-29-30-23-34-35-36-55-17-41-32-28-16-54-18-33-21-4-63-24-25-20-43-31-57-60-58-59-15-3-1-0-2-26,0.00422473,6.8655e-05,6.9169e-310
dense_64_21,4,0,0,0.00357795,2720,0,8-50-52-22-9-34-37-10-11-12-13-38-42-14-46-6-5-7-45-61-56-55-35-36-62-44-51-23-32-40-48-63-16-49-27-47-60-54-4-3-28-18-21-53-30-19-39-15-31-57-41-43-59-29-25-1-24-33-58-20-0-2-17-26,0.00351732,6.0634e-05,6.93752e-310
dense_64_22,4,0,813,0.00684085,8137,0,8-42-22-14-39-19-25-46-6-44-7-45-40-52-47-53-43-5-48-49-27-55-62-41-16-51-61-56-29-54-28-23-32-50-18-34-24-57-20-36-9-11-30-58-38-31-33-26-15-13-21-4-63-59-10-35-17-12-37-3-1-0-60-2,0.00653693,0.000303929,6.90294e-310
dense_64_10,5,1,1017707,7.71115,9083,100000000,19-61-62-22-14-13-12-11-10-39-29-23-44-28-48-17-42-27-43-40-16-18-31-41-45-6-30-47-24-56-9-5-4-3-32-15-60-63-25-26-20-58-52-50-8-1-38-57-46-7-51-33-21-34-49-54-55-59-37-53-35-36-0-2,0.0113426,7.6998,0.00207683
dense_64_14,3,1,14673055,3.65532,15190,0,42-54-14-61-13-23-8-19-20-55-5-46-50-53-41-39-28-25-43-56-21-60-51-24-6-7-16-22-40-27-48-18-58-52-9-11-10-12-44-37-36-33-15-63-38-45-32-17-59-57-34-62-49-47-29-4-35-26-31-30-3-1-0-2,0.0120342,3.64329,0.00296235
dense_64_18,2,0,3177441,8.85052,3824,100000000,8-42-22-14-39-19-25-6-32-44-7-51-45-61-48-56-49-50-52-9-37-55-13-12-17-38-62-43-46-5-16-40-10-11-26-27-47-53-54-18-63-28-58-23-41-34-15-57-24-29-21-20-31-36-35-30-59-60-4-33-3-1-2-0,0.0137361,8.83679,6.94517e-310
dense_64_19,2,0,157,0.0127918,4802,0,8-42-22-14-39-19-25-46-6-44-5-28-51-45-40-48-50-52-29-53-38-43-23-49-27-17-62-41-32-7-61-56-58-34-54-16-30-47-31-18-4-60-33-35-24-36-57-55-21-20-15-37-9-13-26-59-63-10-11-12-3-1-2-0,0.0126805,0.000111275,6.92218e-310
dense_64_20,2,0,0,0.00813936,3069,0,8-42-22-14-39-19-25-46-6-23-32-44-5-7-16-28-51-45-61-18-40-48-56-49-50-52-58-9-20-27-29-30-34-37-47-53-55-10-11-12-13-15-17-21-31-33-35-36-38-54-62-24-41-43-57-59-60-63-26-4-3-1-0-2,0.00808191,5.7451e-05,6.93236e-310
dense_64_21,2,0,0,0.0120032,794,0,8-42-22-14-39-19-25-46-6-23-32-44-5-7-16-28-51-45-61-18-40-48-56-49-50-52-58-9-20-27-29-30-34-37-47-53-55-10-11-12-13-15-17-21-31-33-35-36-38-54-62-24-41-43-57-59-60-63-26-4-3-1-2-0,0.0119815,2.1729e-05,6.94223e-310
dense_64_22,2,0,226,0.0124427,4433,0,8-42-22-14-39-19-25-46-6-44-7-28-51-45-48-49-52-29-47-53-43-23-5-16-40-56-27-55-54-62-41-32-61-50-34-30-58-31-57-24-9-11-18-36-20-38-33-4-59-37-60-35-21-13-17-26-15-63-10-12-3-1-0-2,0.0123136,0.000129101,6.95065e-310
dense_64_10,3,0,150589812,31.4432,15414,100000000,19-22-62-61-14-13-48-17-12-11-27-44-29-40-18-10-28-39-16-47-56-41-15-32-20-25-26-43-52-50-42-31-6-5-4-3-1-60-23-33-24-8-45-38-30-34-63-46-51-7-21-58-9-57-55-59-49-53-0-2-54-37-35-36,0.0111981,31.432,6.90542e-310
dense_64_11,3,0,10,0.00587863,6549,0,8-46-7-9-42-22-6-19-56-5-11-44-12-18-29-47-14-17-13-55-28-40-4-3-61-50-53-16-1-32-48-23-45-10-34-49-60-27-25-26-31-20-36-37-24-41-43-39-52-51-57-59-33-54-30-38-63-15-58-0-2-21-35-62,0.00582486,5.3769e-05,6.94555e-310
dense_64_15,1,1,4299167,9.35433,17657,100000000,25-26-22-42-7-62-8-6-52-53-40-9-56-61-11-14-54-46-50-27-16-32-18-55-5-24-4-3-23-13-1-28-39-60-10-51-48-20-37-59-19-44-12-34-45-57-15-17-58-63-29-21-41-31-49-30-47-33-43-38-35-36-0-2,0.0101181,9.34421,0.00300666
dense_64_12,3,0,0,0.00640137,10792,0,9-37-8-45-42-11-54-44-61-19-62-27-22-10-14-39-46-6-16-17-29-5-7-18-51-28-47-32-60-56-48-13-49-53-55-12-50-4-63-58-21-59-43-40-20-38-30-41-23-25-24-57-35-52-34-15-31-3-1-33-36-0-2-26,0.00631935,8.202e-05,6.9042e-310
dense_64_16,1,1,27,0.0111898,20664,0,50-52-22-19-40-16-17-48-28-29-61-44-8-9-11-10-39-27-55-18-23-13-14-6-25-26-53-51-43-32-49-46-15-24-7-20-37-31-12-56-30-42-34-38-57-58-5-4-3-1-2-62-45-47-63-21-54-41-33-35-36-0-60-59,0.0110978,9.2049e-05,0.00293369
dense_64_13,3,0,96,0.00599235,9962,0,8-5-22-14-25-50-52-42-19-45-62-61-40-27-6-44-53-32-9-13-23-4-3-24-38-63-16-28-46-1-20-10-31-51-18-12-11-41-37-49-34-7-26-39-48-43-29-21-15-30-33-56-47-54-55-57-0-2-58-60-35-36-17-59,0.00588201,0.00011034,6.90976e-310
dense_64_15,3,1,3984525,6.79088,5292,100000000,8-42-22-25-6-5-7-56-9-52-62-26-53-54-40-61-55-11-14-13-34-46-23-50-32-27-4-3-24-44-16-1-57-18-28-51-45-47-39-60-12-10-41-49-43-48-20-59-19-35-36-37-15-63-58-21-29-31-30-33-17-38-0-2,0.00471789,6.78616,0.00314131
dense_64_16,3,1,297,0.0111085,13767,0,50-52-22-19-40-61-16-17-48-28-29-18-27-39-44-23-13-8-9-11-10-37-55-53-12-14-51-56-38-32-6-15-25-26-20-43-31-24-49-46-7-30-62-42-47-34-41-58-5-4-3-1-2-57-45-33-63-21-0-35-36-54-59-60,0.0109549,0.000153619,0.00292681
dense_64_11,5,1,3728962,7.37073,1303,100000000,8-42-22-14-39-19-46-6-23-32-44-5-7-16-28-51-45-61-48-56-49-9-29-47-55-10-11-12-13-17-30-37-31-18-54-4-40-50-52-36-60-33-53-38-3-41-25-26-58-57-34-43-27-35-24-1-62-20-59-15-63-21-0-2,0.00432754,7.36641,0.00379951
dense_64_14,3,0,14249592,3.52059,15495,0,42-54-14-61-13-23-8-55-19-20-5-46-50-53-41-39-28-25-56-43-21-60-51-6-7-24-16-22-27-40-48-58-18-52-9-11-10-12-44-37-36-15-33-63-38-45-32-59-17-57-34-62-49-47-4-29-35-26-31-30-3-1-0-2,0.0110932,3.5095,6.9225e-310
dense_64_23,2,1,37653645,15.224,2870,100000000,8-42-22-14-19-25-6-44-5-28-51-45-61-48-49-47-17-62-39-23-56-27-26-46-32-7-16-52-54-18-53-13-43-40-30-55-58-29-41-57-31-15-4-3-50-34-20-21-9-63-24-60-33-37-1-12-38-2-36-35-0-11-10-59,0.0159384,15.208,0.00297605
dense_64_24,2,1,0,0.011045,2563,0,8-42-22-14-39-19-25-46-6-23-32-44-5-7-16-28-51-45-61-18-40-48-56-49-50-52-58-9-20-27-29-30-34-37-47-53-55-10-11-12-13-15-17-21-31-33-35-36-38-54-62-24-41-43-57-59-60-63-26-4-3-1-0-2,0.0109724,7.2624e-05,0.00206033
dense_64_25,2,1,33,0.0157803,5845,0,8-42-22-14-39-6-44-5-7-51-45-40-48-50-52-20-29-53-38-46-32-16-61-49-17-21-54-41-56-30-13-25-26-19-18-47-63-58-34-57-28-55-23-31-15-43-37-27-60-9-59-33-62-36-35-24-11-10-12-4-3-1-0-2,0.0156865,9.3803e-05,0.00207139
dense_64_9,5,0,104586872,24.7849,3343,100000000,8-46-6-44-7-51-22-39-19-25-40-48-50-52-20-47-53-55-38-42-45-56-49-43-26-21-57-37-54-5-58-27-14-28-32-16-41-31-29-61-18-23-24-9-34-36-35-63-4-3-1-10-15-62-30-13-33-0-59-11-60-17-2-12,0.00730049,24.7776,6.9284e-310
dense_64_12,5,1,2566493,5.63128,4952,100000000,8-42-22-14-19-6-23-44-28-45-61-50-9-29-37-10-11-12-13-62-39-5-27-54-46-16-51-17-32-58-31-63-48-56-35-7-34-36-52-18-30-47-60-40-49-4-41-57-21-43-24-25-55-53-59-20-38-15-33-3-1-26-0-2,0.00689141,5.62439,0.00391888
dense_64_23,2,0,37653646,15.4296,2876,100000000,8-42-22-14-19-25-6-44-5-28-51-45-61-48-49-47-17-62-39-23-56-27-26-46-32-7-16-52-54-18-53-13-43-40-30-55-58-29-41-57-31-15-4-50-3-34-20-21-9-63-24-60-33-37-1-12-38-2-36-35-0-11-10-59,0.0154808,15.4142,6.94573e-310
dense_64_24,2,0,0,0.010693,2567,0,8-42-22-14-39-19-25-46-6-23-32-44-5-7-16-28-51-45-61-18-40-48-56-49-50-52-58-9-20-27-29-30-34-37-47-53-55-10-11-12-13-15-17-21-31-33-35-36-38-54-62-24-41-43-57-59-60-63-26-4-3-1-0-2,0.0106197,7.3375e-05,6.93375e-310
dense_64_25,2,0,33,0.0155745,5847,0,8-42-22-14-39-6-44-5-7-51-45-40-48-50-52-20-29-53-38-46-32-16-61-49-17-21-54-41-56-30-13-25-26-19-18-47-63-58-34-57-28-55-23-31-15-43-37-27-60-9-59-33-62-36-35-24-11-10-12-4-3-1-0-2,0.0154852,8.9346e-05,6.9443e-310
dense_64_17,3,1,3551295,10.1727,7872,100000000,46-7-8-42-22-62-19-27-53-55-54-47-48-56-61-6-5-4-3-50-41-1-34-51-44-29-14-57-13-40-38-12-60-28-49-33-25-26-45-10-20-58-16-52-32-9-43-2-15-18-24-39-37-31-30-35-36-17-11-0-23-59-21-63,0.00678591,10.1659,0.00296473
dense_64_15,3,0,3987837,9.17716,5322,100000000,8-42-22-25-6-5-7-56-9-52-62-26-53-54-40-61-55-11-14-13-34-46-23-50-32-27-4-3-24-16-44-1-57-18-28-51-45-47-39-60-12-10-41-49-43-48-59-20-19-35-36-37-15-63-58-21-29-31-30-33-17-38-0-2,0.00428056,9.17288,6.91241e-310
dense_64_16,3,0,673,0.0101649,14067,0,52-22-19-50-40-61-16-17-48-28-29-18-27-44-39-13-23-8-9-11-10-37-55-12-53-14-51-38-32-56-6-15-25-26-20-43-31-49-24-46-7-30-62-42-47-41-58-34-5-4-3-1-2-57-45-33-0-63-21-35-36-54-59-60,0.00993022,0.000234644,6.9414e-310
dense_64_26,2,1,1424580,8.71941,5015,100000000,8-42-22-14-39-19-46-6-32-44-7-28-51-45-61-48-56-49-50-52-47-53-55-62-23-5-40-58-54-41-57-31-27-30-63-43-16-38-29-4-59-18-34-3-15-25-20-60-9-33-21-1-17-13-24-37-36-35-2-11-10-26-12-0,0.0165063,8.7029,0.00205283
dense_64_27,2,1,0,0.0116075,4920,0,8-42-22-14-39-19-25-46-6-23-32-44-5-7-16-28-51-45-61-18-40-48-56-49-50-52-58-9-20-27-29-30-34-37-47-53-55-10-11-12-13-15-17-21-31-33-35-36-38-54-62-24-41-43-57-59-60-63-26-4-3-1-0-2,0.0115234,8.4092e-05,0.00208827
dense_64_28,2,1,0,0.0129138,4468,0,51-54-8-22-42-14-39-19-25-6-44-5-45-48-50-9-20-10-11-12-13-38-43-46-23-32-7-49-27-37-17-62-16-61-40-56-52-53-55-18-47-34-35-28-36-60-21-57-41-63-29-31-33-30-24-58-26-15-4-59-3-1-2-0,0.012838,7.5845e-05,0.00207024
dense_64_10,5,0,1018219,8.52578,9229,100000000,19-61-62-22-14-13-12-11-10-39-29-28-23-44-48-17-42-27-43-40-16-18-31-41-45-6-30-47-24-56-9-5-4-3-32-15-60-63-25-26-20-58-52-50-8-1-57-38-46-7-51-33-21-34-49-54-59-55-37-53-35-36-0-2,0.0108162,8.51496,6.90365e-310
dense_64_13,5,1,3985751,9.34679,2089,100000000,8-42-22-14-39-19-25-6-32-44-5-28-45-61-40-50-52-9-37-53-38-23-51-49-10-11-12-31-62-46-27-47-13-7-16-48-56-4-63-34-29-35-36-41-57-30-3-54-24-43-1-18-58-55-20-33-60-21-26-15-17-59-0-2,0.00579293,9.34099,0.00315914
dense_64_26,2,0,1424580,8.70498,5023,100000000,8-42-22-14-39-19-46-6-32-44-7-28-51-45-61-48-56-49-50-52-47-53-55-62-23-5-40-58-54-41-57-31-27-30-63-43-16-38-29-4-59-18-34-3-15-25-20-60-9-33-21-1-17-13-24-37-36-35-2-11-10-26-12-0,0.0160067,8.68897,6.93207e-310
dense_64_27,2,0,0,0.0111853,4924,0,8-42-22-14-39-19-25-46-6-23-32-44-5-7-16-28-51-45-61-18-40-48-56-49-50-52-58-9-20-27-29-30-34-37-47-53-55-10-11-12-13-15-17-21-31-33-35-36-38-54-62-24-41-43-57-59-60-63-26-4-3-1-0-2,0.0111055,7.9781e-05,6.94029e-310
dense_64_28,2,0,0,0.0125166,4475,0,51-54-8-22-42-14-39-19-25-6-44-5-45-48-50-9-20-10-11-12-13-38-43-46-23-32-7-49-27-37-17-62-16-61-40-56-52-53-55-18-47-34-35-28-36-60-21-57-41-63-29-31-33-30-24-58-26-15-4-59-3-1-2-0,0.0124379,7.8676e-05,6.93664e-310
dense_64_18,3,1,8531974,10.001,12256,100000000,25-26-22-62-19-61-52-14-40-16-17-42-8-9-48-32-56-5-55-44-27-18-37-24-63-43-39-20-50-53-49-21-38-6-15-45-46-7-58-51-10-11-47-23-4-28-54-33-13-34-59-31-57-41-29-30-3-1-2-60-35-36-12-0,0.00863712,9.99239,0.00202869
dense_64_19,3,1,1584,0.00939853,12785,0,42-14-46-5-8-19-25-45-50-52-53-22-62-40-27-6-44-29-18-17-61-49-16-7-28-24-39-43-15-21-48-41-32-20-51-60-4-58-38-54-26-34-36-47-23-13-63-56-35-55-30-33-59-31-3-37-57-9-1-0-2-12-10-11,0.00887388,0.000524652,0.00209755
dense_64_20,3,1,17,0.00849429,12052,0,8-46-7-50-9-37-42-22-6-52-53-10-62-19-27-11-5-38-47-44-48-14-49-17-29-56-61-41-40-55-45-4-16-23-51-30-18-63-28-21-20-34-54-43-24-32-39-33-57-25-13-15-3-35-36-58-59-31-12-1-0-2-60-26,0.00840627,8.8017e-05,0.00199863
dense_64_23,4,0,211272382,29.7988,6085,100000000,22-42-19-25-6-5-45-61-62-14-26-8-44-56-27-32-48-17-4-39-16-51-18-49-47-52-13-46-23-40-53-7-3-57-41-55-28-20-43-50-58-15-60-63-54-30-24-21-33-31-1-29-38-12-34-37-0-2-9-59-10-11-35-36,0.00514766,29.7937,6.93491e-310
dense_64_21,3,1,0,0.00948798,13139,0,8-5-4-3-1-22-9-11-62-6-52-46-61-55-10-40-37-56-51-34-50-53-14-42-23-45-27-7-36-60-63-12-44-35-18-47-16-15-49-48-21-28-59-19-54-39-25-57-13-0-2-31-32-17-38-41-20-24-30-29-43-58-33-26,0.0094047,8.3285e-05,0.00292809
dense_64_24,4,0,0,0.00552636,5818,0,8-42-22-39-5-16-28-51-48-56-58-9-29-37-47-10-11-12-13-38-14-25-46-44-7-45-53-55-62-6-52-49-61-27-50-23-41-40-24-54-34-57-43-30-15-33-35-32-20-18-26-19-31-36-63-21-4-60-17-59-3-1-0-2,0.00545689,6.9467e-05,6.91396e-310
dense_64_25,4,0,94,0.00766221,9831,0,14-39-44-5-40-52-50-7-53-22-42-6-45-8-16-51-61-29-46-20-32-17-38-21-18-56-25-26-34-41-13-55-48-19-30-63-49-54-47-57-58-15-43-27-9-28-31-37-23-59-33-35-36-62-24-12-60-10-11-4-3-1-0-2,0.00755097,0.000111237,6.91541e-310
dense_64_17,3,0,3457766,10.1507,8125,100000000,46-7-8-42-22-62-19-27-53-55-54-47-48-56-61-6-5-4-3-50-41-1-34-51-44-29-14-57-13-40-38-12-60-28-49-33-25-26-45-10-58-20-16-52-32-9-43-2-18-15-39-37-30-31-24-35-36-17-11-0-23-59-21-63,0.00624543,10.1445,6.94282e-310
dense_64_22,3,1,1435295,0.247215,10545,0,42-46-7-22-25-19-52-53-62-6-27-55-54-56-40-8-14-49-5-28-29-50-16-18-41-43-44-61-47-39-34-45-51-24-20-57-32-36-9-11-48-26-23-33-58-4-15-13-21-30-63-17-35-31-38-12-10-59-3-1-0-37-60-2,0.0112452,0.23597,0.00300041
dense_64_29,2,1,2706702,8.82157,4937,100000000,8-42-22-14-39-46-6-32-44-5-7-51-45-50-52-43-61-40-48-29-30-47-54-28-56-49-53-41-38-63-23-4-60-55-9-11-34-37-10-3-57-16-19-33-58-15-24-31-25-62-27-21-12-18-1-20-13-36-35-59-17-26-2-0,0.0181314,8.80344,0.00200608
dense_64_30,2,1,24,0.0131504,2163,0,8-42-22-14-39-25-46-6-44-7-28-51-45-48-56-52-29-53-55-19-5-49-30-17-54-26-40-41-23-32-50-34-47-31-16-18-61-58-27-57-24-36-43-37-15-60-33-9-4-20-3-10-38-35-62-12-21-1-63-13-11-59-2-0,0.0131177,3.2736e-05,0.00257176
dense_64_11,5,0,3728962,9.08253,1303,100000000,8-42-22-14-39-19-46-6-23-32-44-5-7-16-28-51-45-61-48-56-49-9-29-47-55-10-11-12-13-17-30-37-31-18-54-4-40-50-52-36-60-33-53-38-3-41-25-26-58-57-34-43-27-35-24-1-62-20-59-15-63-21-0-2,0.00367499,9.07886,6.93967e-310
dense_64_14,5,1,9334663,9.74561,8712,100000000,6-42-45-54-14-46-55-61-43-8-44-7-41-53-13-23-28-5-51-56-50-22-39-20-19-16-48-49-58-40-25-18-21-24-27-12-11-10-60-52-9-33-63-62-37-36-32-38-31-15-29-30-57-34-59-4-47-17-26-35-3-1-0-2,0.0114098,9.7342,0.00208447
dense_64_29,2,0,2706702,8.81326,4948,100000000,8-42-22-14-39-46-6-32-44-5-7-51-45-50-52-43-61-40-48-29-30-47-54-28-56-49-53-41-38-63-23-4-60-55-9-11-34-37-10-3-57-16-19-33-58-15-24-31-25-62-27-21-12-18-1-20-13-36-35-59-17-26-2-0,0.0176448,8.79561,6.93771e-310
dense_64_30,2,0,24,0.0128387,2168,0,8-42-22-14-39-25-46-6-44-7-28-51-45-48-56-52-29-53-55-19-5-49-30-17-54-26-40-41-23-32-50-34-47-31-16-18-61-58-27-57-24-36-43-37-15-60-33-9-4-20-3-10-38-35-62-12-21-1-63-13-11-59-2-0,0.012809,2.9722e-05,6.92771e-310
dense_64_18,3,0,8572745,10.0226,12364,100000000,25-26-22-62-19-61-52-14-40-16-17-42-8-9-48-32-56-5-55-44-27-18-37-63-43-24-39-20-50-53-49-21-38-6-15-45-46-7-58-51-10-11-23-47-4-28-54-33-13-34-59-57-41-31-29-30-3-1-2-60-35-36-12-0,0.00780661,10.0148,6.9017e-310
dense_64_19,3,0,1709,0.00837172,13009,0,42-14-46-5-8-19-25-45-50-52-53-22-62-40-27-6-44-29-18-17-61-49-16-7-28-39-24-15-21-43-41-32-48-20-51-60-4-58-38-54-26-34-36-47-23-13-63-56-35-55-30-33-59-31-3-37-57-9-1-0-2-12-10-11,0.00784369,0.000528039,6.91416e-310
dense_64_20,3,0,17,0.00762306,12184,0,8-46-7-50-9-37-42-22-6-52-53-10-62-19-27-11-5-38-47-44-48-14-49-17-29-56-61-41-40-55-45-4-16-23-51-30-18-63-28-21-34-20-43-54-32-39-24-33-57-25-13-15-3-35-36-58-59-31-1-0-2-12-60-26,0.00753865,8.4415e-05,6.89845e-310
dense_64_21,3,0,0,0.00863747,13515,0,8-5-4-3-1-22-9-11-62-6-52-46-61-55-10-40-37-56-51-34-50-53-14-42-23-45-7-27-36-60-63-12-44-35-47-16-18-15-49-48-21-28-59-19-54-39-25-57-13-0-2-32-31-17-38-41-30-24-20-29-58-43-33-26,0.00855751,7.9957e-05,6.92225e-310
dense_64_12,5,0,2566493,8.8263,4953,100000000,8-42-22-14-19-6-23-44-28-45-61-50-9-29-37-10-11-12-13-62-39-5-27-54-46-16-51-17-32-58-31-63-48-56-35-7-34-36-52-18-30-47-60-40-49-4-41-57-21-43-24-25-55-53-59-20-38-15-33-3-1-26-0-2,0.00618494,8.82011,6.92961e-310
dense_64_22,3,0,1437071,0.415245,10600,0,42-46-7-22-25-19-52-53-62-6-27-55-54-56-40-8-14-49-5-28-29-50-16-18-41-43-44-61-47-39-34-45-51-24-20-57-32-36-9-11-48-26-23-33-58-4-15-13-21-30-63-17-35-31-38-12-10-59-3-1-0-37-60-2,0.00634062,0.408904,6.94126e-310
dense_64_23,4,1,211272382,44.2202,6030,100000000,22-42-19-25-6-5-45-61-62-14-26-8-44-56-27-32-48-17-4-39-16-51-18-49-47-52-13-46-23-40-53-7-3-57-41-55-28-20-43-50-58-15-60-63-54-30-24-21-33-31-1-29-38-12-34-37-0-2-9-59-10-11-35-36,0.00706124,44.2132,0.00479302
dense_64_24,4,1,0,0.00596691,5796,0,8-42-22-39-5-16-28-51-48-56-58-9-29-37-47-10-11-12-13-38-14-25-46-44-7-45-53-55-62-6-52-49-61-27-50-23-41-40-24-54-34-57-30-43-15-33-35-32-20-18-26-19-31-36-63-21-4-60-17-59-3-1-0-2,0.00589042,7.6494e-05,0.00204001
dense_64_25,4,1,95,0.00801369,9741,0,14-39-44-5-40-52-50-7-53-22-42-6-45-8-16-51-61-20-29-46-32-17-38-18-21-25-26-56-34-41-13-55-48-19-30-63-49-54-47-57-58-15-27-43-9-28-31-37-23-59-33-35-36-62-24-12-60-10-11-4-3-1-0-2,0.00789636,0.000117336,0.00205704
dense_64_15,5,1,3750835,9.12952,1582,100000000,8-42-22-14-39-25-6-32-5-7-28-45-61-56-52-9-53-55-10-11-12-13-62-46-23-44-40-50-37-54-26-16-51-27-31-38-4-48-58-57-60-18-30-34-47-3-24-33-41-49-19-36-35-29-1-43-59-20-63-21-15-17-0-2,0.00476453,9.12476,0.0020418
dense_64_26,4,0,41338767,17.2675,8363,100000000,8-42-22-19-46-6-7-61-56-50-52-47-53-55-62-23-5-28-40-48-27-39-32-51-54-41-44-49-30-31-57-16-58-63-45-38-18-14-4-3-43-29-59-20-33-15-25-1-60-34-9-24-17-13-21-2-37-0-35-36-10-11-26-12,0.00534737,17.2621,6.91335e-310
dense_64_27,4,0,0,0.00560936,7934,0,8-42-22-14-23-32-5-51-45-61-56-9-10-11-12-13-39-25-6-7-49-50-20-37-55-38-46-44-54-62-41-29-34-40-52-53-21-28-27-33-35-36-63-16-19-47-18-48-58-24-15-30-57-31-43-26-17-59-60-4-3-1-0-2,0.00552896,8.0399e-05,6.94474e-310
dense_64_28,4,0,95,0.00382948,3762,0,8-42-22-14-39-19-25-6-5-51-45-50-9-20-37-10-11-12-13-38-32-44-62-46-61-56-52-27-34-7-35-48-53-55-36-18-17-23-60-16-40-21-49-54-28-43-47-33-57-30-63-31-41-4-24-58-29-26-15-59-3-1-2-0,0.00371975,0.00010973,6.90991e-310
dense_64_4,0,1,258244028,109.564,44506,100000000,62-61-19-42-54-16-5-18-28-29-48-60-49-58-15-30-6-52-41-56-55-27-31-33-8-57-22-13-21-14-39-38-25-24-46-23-32-44-51-7-45-40-50-20-53-47-9-34-36-17-37-63-12-43-35-10-11-4-59-3-1-2-26-0,0.0133984,109.551,0.00200525
dense_64_13,5,0,3985751,9.14751,2095,100000000,8-42-22-14-39-19-25-6-32-44-5-28-45-61-40-50-52-9-37-53-38-23-51-49-10-11-12-31-62-46-27-47-13-7-16-48-56-4-63-34-29-35-36-41-57-30-3-54-24-43-1-18-58-55-20-33-60-21-26-15-17-59-0-2,0.00504658,9.14246,6.94897e-310
dense_64_29,4,0,3596633,9.06154,8857,100000000,8-42-22-39-46-6-32-5-7-45-50-52-44-51-40-61-54-41-14-29-47-4-38-60-49-23-56-53-3-63-55-48-30-43-37-9-11-10-57-15-28-16-24-19-1-34-25-33-62-18-58-12-59-27-13-21-20-31-35-36-17-0-2-26,0.00760678,9.05394,6.93961e-310
dense_64_30,4,0,2904,0.00455465,3740,0,8-46-6-5-22-25-7-51-56-52-53-42-44-45-55-26-29-19-40-14-16-28-34-47-17-18-27-48-49-50-33-30-41-24-36-37-23-32-9-35-20-10-61-39-15-60-4-3-12-31-43-57-54-38-1-58-62-13-11-21-0-2-63-59,0.00399656,0.00055809,6.91481e-310
dense_64_5,0,1,3420279,9.15748,47443,100000000,7-46-45-53-42-54-22-25-62-20-13-23-16-39-18-40-28-61-47-49-15-51-27-31-8-9-10-34-36-37-33-14-19-6-32-44-5-56-48-50-52-55-58-59-29-30-21-17-63-24-38-12-43-35-11-41-57-4-60-3-1-2-26-0,0.0119934,9.14549,0.00200877
dense_64_14,5,0,9332837,9.68088,8962,100000000,6-42-45-54-14-46-55-61-8-7-41-44-13-53-43-23-28-5-51-56-50-22-39-20-19-16-49-48-58-40-25-18-21-24-12-11-10-60-27-52-9-33-63-62-37-36-32-38-31-15-57-34-30-29-59-4-47-17-35-26-3-1-0-2,0.0111103,9.66977,6.91033e-310
dense_64_26,4,1,40733778,17.1669,8263,100000000,8-42-22-19-46-6-7-61-56-50-52-47-53-55-62-23-5-28-40-48-27-39-32-51-54-41-44-49-30-31-57-16-58-63-45-38-18-14-4-3-43-29-59-20-33-15-25-1-60-34-9-24-17-13-21-2-37-35-36-0-10-11-26-12,0.00559929,17.1613,0.00204752
dense_64_27,4,1,0,0.00607157,7918,0,8-42-22-14-23-32-5-51-45-61-56-9-10-11-12-13-39-25-6-7-49-50-20-37-55-38-46-44-54-62-41-29-34-40-52-53-21-28-27-33-35-36-63-16-19-47-18-48-58-24-15-30-57-31-43-26-17-59-60-4-3-1-0-2,0.00599084,8.0725e-05,0.00203288
dense_64_28,4,1,95,0.0039733,3762,0,8-42-22-14-39-19-25-6-5-51-45-50-9-20-37-10-11-12-13-38-32-44-62-46-61-56-52-27-34-7-35-48-53-55-36-18-17-23-60-16-40-21-49-54-28-43-47-33-57-30-63-31-41-4-24-58-29-26-15-59-3-1-2-0,0.0038671,0.000106203,0.00201342
dense_64_6,0,1,1607378,8.77754,45161,100000000,25-20-19-14-42-54-46-50-53-16-39-29-48-44-47-49-15-30-24-6-51-56-27-31-38-8-22-23-32-33-5-60-4-3-28-7-45-61-18-40-52-55-58-21-9-11-12-34-13-62-17-37-63-43-35-36-10-1-0-41-57-59-26-2,0.0122625,8.76528,0.00207519
dense_64_16,5,1,77315724,24.0397,1795,100000000,8-42-22-14-39-19-6-44-28-51-45-61-40-49-50-52-9-29-37-10-11-12-13-38-43-46-23-5-16-17-48-55-54-56-53-31-7-47-32-35-36-27-34-41-57-25-26-18-30-15-24-4-3-58-1-62-20-63-21-60-2-33-0-59,0.00712065,24.0326,0.00206949
dense_64_15,5,0,3750835,9.12038,1584,100000000,8-42-22-14-39-25-6-32-5-7-28-45-61-56-52-9-53-55-10-11-12-13-62-46-23-44-40-50-37-54-26-16-51-27-31-38-4-48-58-57-60-18-30-34-47-3-24-33-41-49-19-36-35-29-1-43-59-20-63-21-15-17-0-2,0.0040868,9.11629,6.93086e-310
dense_64_29,4,1,3599494,9.27846,8736,100000000,8-42-22-39-46-6-32-5-7-45-50-52-44-51-40-61-54-41-14-29-47-4-38-60-49-23-56-53-3-63-55-48-30-43-37-57-9-11-10-15-28-16-24-19-1-34-25-33-62-18-58-12-59-27-21-13-20-31-35-36-17-0-2-26,0.00795591,9.2705,0.00202505
dense_64_30,4,1,2904,0.00490867,3731,0,8-46-6-5-22-25-7-51-56-52-53-42-44-45-55-26-29-19-40-14-16-28-34-47-17-18-27-48-49-50-33-30-41-24-36-37-23-32-9-35-20-10-61-39-15-60-4-3-12-57-31-43-54-38-1-58-62-13-11-21-0-2-63-59,0.00434419,0.000564484,0.00207203
dense_64_4,0,0,274123074,139.714,50288,100000000,52-6-42-54-5-60-61-62-19-16-28-29-18-48-49-58-30-15-41-56-55-27-31-33-8-57-22-13-21-14-39-38-25-24-46-23-32-44-7-51-45-40-50-9-20-34-36-37-47-53-10-11-12-17-35-4-3-1-2-43-59-63-0-26,0.0101595,139.704,6.90252e-310
dense_64_7,0,1,6990813,9.68075,43971,100000000,62-22-13-39-20-16-18-40-28-48-61-47-46-50-49-6-41-51-54-56-8-57-42-43-14-19-25-24-23-32-33-44-5-4-7-45-52-53-55-58-59-27-29-15-30-21-9-11-10-37-36-35-34-17-31-63-38-12-60-3-1-0-26-2,0.0133371,9.66741,0.00207418
dense_64_17,5,1,3777555,9.11775,3029,100000000,8-46-7-47-42-22-19-48-56-49-27-53-55-54-62-51-52-5-13-12-45-44-61-50-29-34-14-57-6-41-58-33-4-3-40-38-32-60-1-28-39-9-10-37-16-31-25-26-18-20-30-15-24-43-36-35-2-59-23-11-21-17-63-0,0.00739563,9.11036,0.00205437
dense_64_5,0,0,3034180,9.18865,54522,100000000,7-46-45-53-42-54-22-25-62-20-13-39-23-28-16-61-18-40-49-47-15-51-27-31-8-9-10-34-36-37-33-14-19-6-32-44-5-48-56-50-52-58-59-29-30-55-11-12-17-21-35-38-4-3-1-2-24-41-43-57-60-63-0-26,0.011911,9.17674,6.95001e-310
dense_64_8,0,1,3498754,9.10376,43763,100000000,7-46-55-49-6-51-48-19-20-16-39-18-40-28-32-41-56-27-62-31-33-8-57-22-13-12-10-42-14-63-25-26-23-44-5-4-45-61-50-52-53-58-59-47-29-15-30-21-54-9-37-34-17-24-38-43-35-36-11-60-3-1-2-0,0.0139349,9.08983,0.00199929
dense_64_16,5,0,99480268,18.7494,1816,100000000,8-42-22-14-39-19-6-44-28-51-45-61-49-50-9-29-37-10-11-12-13-38-43-46-23-5-16-17-40-48-52-55-54-56-53-31-7-47-32-35-36-27-34-57-41-18-30-15-25-26-4-3-58-1-24-62-20-63-21-60-2-33-0-59,0.00654725,18.7429,6.93411e-310
dense_64_18,5,1,13348874,11.7391,4225,100000000,8-42-14-25-44-7-45-61-9-37-55-43-22-19-46-6-56-10-11-62-26-32-51-48-50-52-47-5-49-63-40-16-53-17-36-39-35-18-38-27-41-54-4-24-15-29-34-58-20-21-23-31-57-28-59-30-60-33-13-12-3-1-2-0,0.00757039,11.7315,0.00205431
dense_64_6,0,0,1414170,8.61953,52097,100000000,25-20-19-14-42-54-46-53-50-39-29-16-44-48-49-30-47-15-6-51-56-24-27-31-38-8-22-23-32-33-5-60-4-3-7-28-45-61-18-40-52-58-9-11-12-34-37-55-1-0-10-13-17-21-35-36-62-41-43-57-59-63-2-26,0.012217,8.60731,6.93159e-310
dense_64_17,5,0,3736974,5.65698,3053,100000000,8-46-7-47-42-22-19-48-56-49-27-53-55-54-62-51-52-5-13-12-45-44-61-50-29-14-34-57-6-41-58-33-4-3-40-38-32-60-1-28-39-9-10-37-16-31-25-26-18-20-30-15-43-24-36-35-2-59-23-11-21-17-63-0,0.00691396,5.65007,6.90278e-310
dense_64_9,0,1,7398465,10.077,44886,100000000,25-20-19-26-22-52-50-46-53-8-42-39-28-48-44-58-21-24-43-51-56-27-31-38-37-57-14-15-63-6-23-32-16-5-7-45-61-18-40-49-55-47-29-30-54-9-10-34-13-62-17-33-12-35-36-11-41-4-3-1-0-60-59-2,0.0126425,10.0644,0.00203385
dense_64_19,5,1,8759411,9.68169,4721,100000000,8-42-22-14-39-19-25-46-6-44-5-45-40-50-52-29-53-38-43-28-27-62-41-7-51-61-32-16-48-49-34-47-36-58-17-56-37-4-35-23-60-31-18-55-21-24-54-20-57-15-30-9-13-26-59-33-63-3-11-10-12-1-0-2,0.00720968,9.67448,0.00205629
dense_64_18,5,0,13799216,7.06418,4244,100000000,8-42-14-25-44-7-45-61-9-37-55-43-22-19-46-6-56-10-11-62-26-32-51-48-50-52-47-5-49-63-40-16-53-17-36-39-35-18-38-27-41-54-4-24-15-29-34-58-20-21-23-31-57-28-59-30-60-33-13-12-3-1-2-0,0.00500754,7.05918,6.91859e-310
dense_64_7,0,0,5984882,9.39867,50319,100000000,62-22-13-39-20-28-16-61-18-40-48-47-46-50-49-6-51-54-41-56-8-57-42-43-14-19-25-24-23-32-33-44-5-4-7-45-52-58-59-9-11-10-37-36-35-27-29-30-34-53-55-12-15-17-21-31-38-3-1-0-60-63-2-26,0.0133858,9.38528,6.89924e-310
dense_64_19,5,0,8759481,6.10271,4751,100000000,8-42-22-14-39-19-25-46-6-44-5-45-40-50-52-29-53-38-43-28-27-62-41-7-51-61-32-16-48-49-34-47-36-58-17-56-37-4-35-23-60-31-18-55-21-24-54-20-57-15-30-9-13-26-59-33-63-3-11-10-12-1-0-2,0.00661277,6.0961,6.94601e-310
dense_64_20,5,1,9012283,9.94873,3675,100000000,8-42-22-14-39-19-46-6-44-7-51-45-40-48-49-50-52-9-37-47-53-11-12-17-38-23-5-16-27-29-10-62-41-32-28-61-18-56-30-54-13-34-31-33-35-36-25-55-4-21-24-43-63-20-58-15-60-57-59-26-3-1-0-2,0.00570582,9.94302,0.00204834
dense_64_10,0,1,29743619,15.1567,42184,100000000,62-22-19-14-13-39-29-40-28-48-17-44-61-47-15-12-11-10-43-6-41-56-31-8-50-34-33-57-42-25-26-24-46-23-32-16-51-5-60-4-3-7-45-18-49-52-20-53-55-58-27-30-21-54-9-37-63-38-35-36-1-59-0-2,0.0137915,15.1429,0.00205908
dense_64_8,0,0,4527795,9.49296,50194,100000000,7-46-55-49-6-51-48-19-20-39-28-16-18-40-32-41-56-27-62-31-33-8-57-22-13-12-10-42-14-63-25-26-23-44-5-4-45-61-50-52-58-59-9-37-29-30-34-47-53-11-15-17-21-35-36-38-54-3-1-2-24-43-60-0,0.014137,9.47883,6.91006e-310
dense_64_20,5,0,9012283,6.1295,3675,100000000,8-42-22-14-39-19-46-6-44-7-51-45-40-48-49-50-52-9-37-47-53-11-12-17-38-23-5-16-27-29-10-62-41-32-28-61-18-56-30-54-13-34-31-33-35-36-25-55-4-21-24-43-63-20-58-15-60-57-59-26-3-1-0-2,0.00367678,6.12582,6.91048e-310
dense_64_21,5,1,1589895,8.72867,3036,100000000,8-42-22-14-46-6-5-7-51-45-61-56-50-52-9-34-37-55-10-11-12-13-35-36-38-49-62-44-40-47-53-33-54-48-63-39-32-16-60-23-4-3-28-41-18-27-21-30-15-43-29-31-57-59-19-58-1-25-20-0-2-24-17-26,0.00764858,8.72102,0.00205708
dense_64_11,0,1,3867155,8.33471,43444,100000000,7-46-47-6-44-29-14-19-13-23-18-17-40-28-61-24-12-11-9-32-51-56-31-33-8-22-42-39-38-25-26-16-5-60-4-3-1-59-45-48-49-50-52-20-53-55-58-27-15-30-21-54-34-36-62-37-63-43-35-10-41-57-0-2,0.0127368,8.32197,0.00208934
dense_64_21,5,0,1589895,8.6979,3059,100000000,8-42-22-14-46-6-5-7-51-45-61-56-50-52-9-34-37-55-10-11-12-13-35-36-38-49-62-44-40-47-53-33-54-48-63-39-32-16-60-23-4-3-28-41-18-27-21-30-15-43-29-31-57-59-19-58-1-25-20-0-2-24-17-26,0.00710301,8.6908,6.93525e-310
dense_64_9,0,0,5159527,9.63037,50984,100000000,25-20-19-26-22-52-53-46-50-8-42-39-28-44-48-58-21-51-43-56-24-27-31-38-37-57-14-15-63-6-23-32-5-7-16-45-61-18-40-49-9-10-29-30-34-47-55-11-12-13-17-33-35-36-54-62-4-3-1-0-41-59-60-2,0.012696,9.61768,6.90595e-310
dense_64_12,0,1,2890433,5.62465,45551,100000000,62-22-19-42-45-54-13-16-17-39-29-18-28-44-61-58-21-63-6-32-27-8-9-50-11-10-34-35-59-60-14-25-24-46-23-51-5-4-7-40-56-48-49-52-20-53-55-47-15-30-37-31-33-38-12-43-36-41-57-3-1-26-0-2,0.0130298,5.61162,0.00208851
dense_64_22,5,1,3038691,8.47657,4084,100000000,8-42-22-14-39-19-25-46-6-44-7-45-40-49-52-47-53-43-5-28-48-56-27-29-55-54-62-41-16-51-61-50-23-34-32-58-33-18-9-11-24-57-31-4-38-20-36-30-59-15-13-21-35-60-26-37-10-17-63-12-3-1-0-2,0.00633781,8.47023,0.00202223
dense_64_22,5,0,3038699,9.1053,4085,100000000,8-42-22-14-39-19-25-46-6-44-7-45-40-49-52-47-53-43-5-28-48-56-27-29-55-54-62-41-16-51-61-50-23-34-32-58-33-18-9-11-24-31-57-4-38-20-36-30-59-15-13-21-35-60-26-37-10-17-63-12-3-1-0-2,0.00562608,9.09967,6.9212e-310
dense_64_13,0,1,4038048,6.16074,47473,100000000,25-14-45-19-22-62-52-50-53-42-13-23-5-40-28-44-61-49-24-12-63-6-32-4-3-27-31-33-34-1-8-9-39-46-16-51-7-18-56-57-48-20-55-58-47-29-15-30-21-54-17-37-38-43-35-36-10-11-41-60-59-26-0-2,0.012572,6.14817,0.00207238
dense_64_10,0,0,32635675,15.135,47834,100000000,62-22-19-14-13-39-29-28-44-61-40-48-17-47-12-11-10-15-6-41-43-56-31-8-50-34-33-57-42-25-26-24-46-23-32-5-60-4-3-7-16-51-45-18-49-52-58-9-20-27-30-37-53-55-1-21-35-36-38-54-59-63-0-2,0.0138535,15.1211,6.94691e-310
dense_64_14,0,1,13647110,13.9396,43503,100000000,20-39-14-42-54-13-23-16-5-18-40-28-48-60-61-58-24-43-6-41-56-55-27-33-8-50-53-22-19-25-46-32-44-51-7-45-49-52-47-29-15-30-21-9-11-10-37-36-34-62-17-31-63-38-12-35-57-4-59-3-1-0-2-26,0.0129768,13.9267,0.00212541
dense_64_11,0,0,3799393,9.09688,50739,100000000,7-46-47-6-44-29-14-19-13-23-28-61-18-17-40-12-11-9-32-51-56-24-31-33-8-22-42-39-38-25-26-5-60-4-3-1-59-16-45-48-49-50-52-58-20-27-30-34-36-37-53-55-10-15-21-35-54-62-41-43-57-63-0-2,0.0127407,9.08414,6.95138e-310
dense_64_23,5,1,216497528,25.8807,6190,100000000,42-6-45-61-22-25-14-19-5-62-26-8-47-44-7-49-53-51-13-46-16-18-48-17-43-39-4-40-27-41-56-3-32-23-28-55-50-52-30-54-20-31-29-15-21-63-24-57-1-33-58-12-60-34-9-37-38-0-2-35-36-59-11-10,0.00960244,25.8711,0.00203269
dense_64_15,0,1,3818503,9.1411,44452,100000000,7-53-52-42-54-14-25-26-13-23-16-39-5-18-40-28-48-60-61-62-24-6-32-56-4-3-1-8-9-11-34-57-59-22-19-46-44-51-45-49-50-20-55-58-27-47-29-15-30-21-17-37-31-33-63-38-12-43-35-36-10-41-0-2,0.0123775,9.12872,0.00210906
dense_64_12,0,0,1631578,8.80545,52029,100000000,45-42-54-22-62-19-13-39-29-28-16-17-44-61-18-58-21-6-32-63-27-8-9-50-11-10-34-35-59-60-14-25-24-46-23-5-4-7-51-40-48-56-49-52-20-30-37-47-53-55-12-15-31-33-36-38-3-1-41-43-57-0-2-26,0.0129862,8.79247,6.90812e-310
dense_64_24,5,1,8720031,6.11423,3002,100000000,8-42-14-25-46-6-44-5-7-45-9-37-13-12-22-39-50-53-55-10-11-38-62-16-51-61-56-52-29-40-49-58-30-32-27-35-23-28-34-31-36-33-41-24-54-15-43-57-47-48-18-20-4-60-19-26-59-21-63-17-3-1-0-2,0.00865701,6.10557,0.00203248
dense_64_13,0,0,1443112,6.47152,54531,100000000,25-14-45-19-22-52-62-53-50-42-13-23-28-5-44-61-40-49-12-6-32-63-4-3-24-27-1-31-33-34-8-9-39-46-7-16-51-18-48-56-57-58-20-29-30-37-47-55-10-11-15-17-21-35-36-38-54-41-43-59-60-0-2-26,0.0123543,6.45916,6.94902e-310
dense_64_16,0,1,7140106,9.98866,43261,100000000,52-50-22-19-13-23-16-17-39-29-40-28-48-44-61-15-24-43-51-49-27-31-8-9-55-11-10-34-42-14-25-26-46-6-32-5-7-45-18-56-57-20-53-58-47-30-21-54-62-37-33-63-38-12-35-36-41-4-3-1-2-60-59-0,0.0137966,9.97486,0.00200479
dense_64_25,5,1,3266651,6.93984,3900,100000000,8-42-22-14-39-44-5-7-28-51-45-40-50-52-20-29-53-38-19-46-6-16-17-61-48-49-21-41-56-58-30-13-31-54-25-32-18-37-26-63-27-34-47-55-57-15-23-33-43-35-36-60-9-59-4-62-12-10-11-24-3-1-0-2,0.00623037,6.93361,0.002037
dense_64_23,5,0,191823808,42.0414,6689,100000000,42-6-45-61-22-25-14-19-62-26-8-47-44-5-7-49-53-51-13-46-16-18-48-17-43-39-40-27-41-56-4-32-3-28-55-23-50-52-54-20-29-30-15-21-63-24-57-31-1-33-58-12-34-9-37-38-60-0-2-35-36-11-10-59,0.00916114,42.0322,6.92503e-310
dense_64_26,5,1,1025199,8.49313,5479,100000000,8-42-22-19-46-6-7-61-56-49-50-52-47-53-55-62-23-32-5-28-40-48-27-54-41-14-39-44-51-45-30-31-63-58-57-43-4-16-18-3-38-33-59-20-9-34-15-25-29-60-1-13-21-24-37-2-17-35-36-11-10-12-26-0,0.00738233,8.48575,0.00206586
dense_64_14,0,0,57299540,18.6675,49999,100000000,54-42-14-13-23-28-5-16-60-61-18-48-58-6-41-40-43-56-55-24-27-33-8-53-50-22-39-20-19-25-46-32-44-7-51-45-49-52-9-11-10-37-36-29-30-34-47-12-15-17-21-31-35-38-62-4-3-1-0-2-57-59-63-26,0.013095,18.6544,6.90284e-310
dense_64_24,5,0,8720031,8.91422,3008,100000000,8-42-14-25-46-6-44-5-7-45-9-37-13-12-22-39-50-53-55-10-11-38-62-16-51-61-56-52-29-40-49-58-30-32-27-35-23-28-34-31-36-33-41-24-54-15-43-57-47-48-18-20-4-60-19-26-59-21-63-17-3-1-0-2,0.0052609,8.90896,6.92563e-310
dense_64_27,5,1,2620823,8.59396,4972,100000000,8-42-22-14-39-19-25-6-44-7-28-51-45-61-56-49-50-9-20-27-29-37-55-10-11-12-13-38-62-46-23-5-40-21-54-41-48-52-58-32-30-53-63-16-31-35-36-18-34-47-24-33-43-57-15-26-4-60-17-59-3-1-0-2,0.00584992,8.58811,0.00208253
dense_64_15,0,0,3783447,6.50209,51641,100000000,7-53-52-42-54-14-25-26-13-39-23-28-5-16-60-61-62-18-40-48-6-32-56-4-3-24-1-8-9-11-34-57-59-22-19-46-44-51-45-49-50-58-20-27-29-30-37-47-55-10-12-15-17-21-31-33-35-36-38-41-43-63-0-2,0.0124052,6.48968,6.93369e-310
dense_64_25,5,0,3266651,9.00719,3906,100000000,8-42-22-14-39-44-5-7-28-51-45-40-50-52-20-29-53-38-19-46-6-16-17-61-48-49-21-41-56-58-30-13-31-54-25-32-18-37-26-63-27-34-47-55-57-15-23-33-43-35-36-60-9-59-4-62-12-10-11-24-3-1-0-2,0.00559457,9.00159,6.92723e-310
dense_64_28,5,1,3159706,9.00604,3829,100000000,8-42-22-14-39-19-25-6-5-51-45-50-9-20-37-10-11-12-13-38-32-44-48-49-27-62-43-46-61-52-47-54-16-56-7-40-34-17-35-53-55-36-18-60-28-21-23-41-31-57-29-63-30-4-24-26-58-15-33-59-3-1-2-0,0.0062007,8.99984,0.00208423
dense_64_16,0,0,3004563,5.6077,49393,100000000,52-50-22-19-13-39-29-23-28-16-17-44-61-40-48-15-51-49-43-24-27-31-8-9-55-11-10-34-42-14-25-26-46-6-32-5-7-45-18-56-57-58-20-30-37-47-53-12-21-33-35-36-38-54-62-4-3-1-2-41-59-60-63-0,0.0102116,5.59748,6.90594e-310
dense_64_26,5,0,1025499,5.97481,5521,100000000,8-42-22-19-46-6-7-61-56-49-50-52-47-53-55-62-23-32-5-28-40-48-27-54-41-14-39-44-51-45-30-31-63-58-57-43-4-16-18-3-38-33-59-20-9-34-15-25-29-60-1-13-21-24-37-2-17-35-36-11-10-12-26-0,0.00679637,5.96802,6.90856e-310
dense_64_29,5,1,3411294,8.938,3385,100000000,8-42-22-14-39-46-6-32-44-5-7-28-45-40-50-52-29-30-38-43-23-51-61-49-37-54-41-48-56-47-53-31-4-63-60-55-19-27-33-3-9-11-16-25-58-57-10-35-36-24-34-15-18-62-12-13-21-1-20-59-17-26-0-2,0.00573078,8.93227,0.00205594
dense_64_27,5,0,2620823,5.54504,4972,100000000,8-42-22-14-39-19-25-6-44-7-28-51-45-61-56-49-50-9-20-27-29-37-55-10-11-12-13-38-62-46-23-5-40-21-54-41-48-52-58-32-30-53-63-16-31-35-36-18-34-47-24-33-43-57-15-26-4-60-17-59-3-1-0-2,0.00519959,5.53984,6.94979e-310
dense_64_30,5,1,9713323,10.9159,2591,100000000,8-46-6-5-22-25-7-51-56-52-53-55-42-14-32-44-40-49-29-26-19-45-48-50-47-41-28-34-54-16-61-27-17-31-18-57-60-30-4-3-23-24-36-9-20-15-39-10-33-37-43-1-62-35-58-12-13-21-59-0-2-38-11-63,0.00794503,10.908,0.00206195
dense_64_28,5,0,3159706,8.94531,3829,100000000,8-42-22-14-39-19-25-6-5-51-45-50-9-20-37-10-11-12-13-38-32-44-48-49-27-62-43-46-61-52-47-54-16-56-7-40-34-17-35-53-55-36-18-60-28-21-23-41-31-57-29-63-30-4-24-26-58-15-33-59-3-1-2-0,0.00555498,8.93976,6.9498e-310
dense_64_29,5,0,3411294,8.98398,3388,100000000,8-42-22-14-39-46-6-32-44-5-7-28-45-40-50-52-29-30-38-43-23-51-61-49-37-54-41-48-56-47-53-31-4-63-60-55-19-27-33-3-9-11-16-25-58-57-10-35-36-24-34-15-18-62-12-13-21-1-20-59-17-26-0-2,0.00504726,8.97893,6.93233e-310
dense_64_30,5,0,9713323,10.7912,2595,100000000,8-46-6-5-22-25-7-51-56-52-53-55-42-14-32-44-40-49-29-26-19-45-48-50-47-41-28-34-54-16-61-27-17-31-18-57-60-30-4-3-23-24-36-9-20-15-39-10-33-37-43-1-62-35-58-12-13-21-59-0-2-38-11-63,0.0074051,10.7838,6.90841e-310
dense_64_23,3,0,3284185863,481.346,17108,100000000,25-26-14-42-61-62-19-45-48-17-16-18-22-13-6-40-27-46-44-5-4-3-47-53-32-28-20-8-39-15-51-56-43-21-49-1-30-24-52-23-57-7-41-0-2-63-29-31-33-58-54-60-9-37-12-34-55-50-38-35-36-10-11-59,0.00999037,481.336,6.93277e-310
dense_64_24,3,0,8,0.00581665,8296,0,8-46-7-9-37-42-45-10-11-22-25-62-14-53-55-44-61-27-29-6-16-13-49-56-50-5-23-24-30-47-34-12-40-43-57-51-38-32-15-33-18-28-35-58-39-54-19-20-52-26-41-31-48-36-21-17-63-4-60-59-3-1-0-2,0.00573094,8.5703e-05,6.92124e-310
dense_64_25,3,0,24219,0.0147301,15946,0,7-50-52-22-53-42-8-44-5-46-6-40-14-29-21-20-16-17-56-25-26-18-55-34-39-41-13-19-63-30-57-15-61-45-58-28-51-9-48-47-49-54-43-27-31-23-59-38-37-32-35-36-12-62-60-33-4-3-1-0-10-11-2-24,0.00971026,0.00501988,6.93281e-310
dense_64_26,3,0,1317118,5.30096,17759,100000000,22-52-50-46-7-8-53-62-19-6-61-42-5-56-41-40-54-47-48-57-27-49-28-38-55-4-3-16-18-43-32-44-51-14-58-63-1-15-20-30-45-9-34-39-23-2-59-25-17-31-29-33-13-21-60-37-0-10-11-35-36-24-12-26,0.00686863,5.29409,6.90874e-310
dense_64_27,3,0,0,0.00443254,10920,0,8-9-11-7-45-14-25-50-20-10-6-37-12-42-51-56-54-5-61-62-27-53-13-46-21-22-19-44-29-41-40-52-38-63-28-34-39-18-49-55-15-24-57-16-32-26-23-47-58-31-43-33-30-35-36-48-4-60-59-17-3-1-0-2,0.00436894,6.3598e-05,6.91932e-310
dense_64_28,3,0,829,0.00852818,12157,0,8-5-14-25-45-9-20-19-27-62-42-22-39-6-51-18-17-23-44-10-46-16-61-63-50-53-38-7-52-55-32-40-43-21-60-24-48-56-12-37-26-11-13-49-54-15-57-4-34-28-35-41-31-33-30-59-58-47-29-36-3-1-2-0,0.00822831,0.000299868,6.94703e-310
dense_64_29,3,0,4671970,7.06608,18539,100000000,46-7-50-52-6-8-45-42-54-40-38-14-47-53-56-55-39-29-5-4-3-51-44-43-61-22-30-49-23-41-60-32-63-1-24-15-9-11-10-28-33-12-37-27-16-18-25-19-58-57-62-31-20-59-34-48-13-21-0-2-35-36-17-26,0.0110621,7.05502,6.92865e-310
dense_64_30,3,0,264269,0.0409291,10257,0,25-26-22-52-5-53-19-46-6-40-18-27-17-56-42-16-44-29-55-8-28-7-51-24-14-4-20-32-30-3-48-50-57-15-45-60-41-61-34-36-1-33-39-49-37-47-23-62-0-2-31-43-13-12-10-9-54-58-11-35-59-21-63-38,0.00634752,0.0345816,6.91802e-310
dense_64_18,1,0,112810593,22.8224,19774,100000000,25-26-22-19-61-62-14-40-52-16-32-48-27-42-8-9-17-18-55-37-24-44-20-56-39-63-6-50-53-43-49-15-21-58-10-11-46-7-38-45-59-5-23-4-51-47-31-28-54-29-13-33-57-34-30-3-1-2-41-35-36-60-0-12,0.0078315,22.8146,6.93544e-310
dense_64_19,1,0,3716,0.0102866,19218,0,14-25-22-45-46-50-53-40-52-27-62-19-42-8-61-16-18-6-44-29-28-5-17-24-39-32-49-20-48-7-51-60-58-41-15-21-34-36-26-43-4-47-35-55-30-23-38-59-54-13-63-56-33-37-9-31-57-3-1-0-2-10-11-12,0.00931559,0.000971008,6.94859e-310
dense_64_20,1,0,98,0.00994997,23582,0,22-62-42-46-7-50-53-8-6-52-9-27-19-48-61-10-14-56-55-40-17-37-47-49-16-18-23-30-29-63-21-32-11-38-45-44-20-39-28-41-24-25-5-4-51-33-13-15-58-59-12-54-31-43-34-3-1-0-2-35-36-60-57-26,0.00982083,0.000129144,6.92728e-310
dense_64_21,1,0,16,0.011955,23627,0,22-62-52-61-6-40-46-8-9-11-55-5-14-56-23-27-12-50-53-60-63-10-16-15-18-51-7-21-48-42-37-36-34-45-59-4-3-1-19-47-39-35-49-25-44-28-13-32-31-17-0-2-54-30-20-58-24-41-33-57-29-38-43-26,0.0118572,9.7726e-05,6.90946e-310
dense_64_22,1,0,101464,0.035303,17660,0,46-7-42-53-22-25-6-52-27-62-55-19-40-8-14-54-16-18-50-56-61-28-29-49-39-47-24-32-20-51-44-48-26-45-41-43-34-36-23-30-58-33-15-5-4-9-11-10-12-57-59-13-21-17-63-35-3-1-0-31-37-38-60-2,0.0091831,0.0261199,6.9413e-310
dense_64_18,1,1,17992182,7.89635,19068,100000000,25-26-22-62-19-61-14-40-52-16-32-17-48-27-42-8-9-18-55-37-24-44-20-56-39-63-6-50-53-43-49-15-21-58-10-11-46-7-38-45-59-5-4-23-51-31-47-28-54-29-13-33-57-34-30-3-1-2-41-35-36-60-12-0,0.0111481,7.8852,0.00206985
dense_64_19,1,1,3303,0.0076982,18385,0,14-25-22-62-45-46-50-53-40-52-27-19-42-8-61-16-18-17-6-44-29-28-24-5-39-32-49-20-48-7-51-60-58-41-15-21-34-36-26-43-4-47-35-55-30-23-38-54-59-13-63-56-33-37-9-31-57-3-1-0-2-12-10-11,0.00716098,0.000537226,0.00217126
dense_64_20,1,1,75,0.0123843,21844,0,22-62-42-46-7-50-53-8-6-52-9-27-19-48-61-10-17-14-56-55-40-37-47-49-23-16-18-30-29-63-21-11-32-38-44-45-24-20-39-28-41-25-5-4-33-51-13-15-58-59-54-12-31-43-34-3-1-0-2-35-36-60-57-26,0.0122937,9.0574e-05,0.00211127
dense_64_21,1,1,16,0.0126605,21131,0,22-62-52-61-6-40-46-8-9-11-55-5-14-27-56-23-12-50-53-63-60-10-16-18-15-51-7-48-21-42-37-36-34-45-59-4-3-1-19-47-39-35-49-25-44-28-31-13-32-17-0-2-54-20-30-58-24-41-29-33-57-38-43-26,0.0125646,9.5982e-05,0.00215522
dense_64_22,1,1,292378,0.0544981,16940,0,46-7-42-53-22-25-62-6-52-27-55-19-40-8-14-54-16-18-50-56-61-24-28-29-49-39-47-32-20-51-44-48-26-45-43-41-34-36-23-30-58-33-5-4-15-9-11-12-10-57-59-21-13-17-63-35-31-3-1-0-37-38-60-2,0.00983547,0.0446627,0.00217325
dense_64_23,1,1,48455189,10.7965,22687,100000000,25-26-14-19-45-61-62-16-17-18-48-22-6-40-27-42-44-8-53-32-46-20-39-28-5-4-3-51-13-47-49-15-24-1-43-21-30-7-52-56-23-33-57-29-58-31-0-2-41-12-38-37-54-63-55-50-9-34-60-35-36-10-11-59,0.0131677,10.7833,0.00210613
dense_64_24,1,1,756,0.00741024,18224,0,8-46-7-45-42-9-53-55-44-14-25-27-62-6-22-29-16-56-50-24-37-61-49-30-13-23-51-5-12-32-18-40-20-10-11-15-26-28-58-39-47-31-33-57-52-38-35-54-19-34-43-48-36-41-17-59-4-60-21-3-1-0-2-63,0.00724821,0.000162025,0.00208795
dense_64_25,1,1,403976,0.07216,22313,0,7-50-52-53-8-42-40-46-6-14-21-20-25-16-17-26-18-56-55-39-29-44-13-22-5-30-63-19-15-61-58-41-51-48-28-34-31-57-23-59-27-45-38-37-32-49-12-54-9-62-33-47-60-35-36-43-4-3-1-0-24-10-11-2,0.0115362,0.0606238,0.00214948
dense_64_23,1,0,240912906,37.2445,24183,100000000,25-26-14-19-45-61-62-16-17-18-48-22-6-40-27-42-44-8-53-32-46-20-39-28-51-5-4-3-47-49-13-15-24-1-43-30-21-7-52-56-23-57-29-33-58-31-0-2-12-41-38-37-54-63-9-34-55-50-60-35-36-10-11-59,0.0107581,37.2337,6.91975e-310
dense_64_24,1,0,976,0.00971622,19974,0,8-46-7-45-42-9-53-55-44-14-25-27-62-6-22-29-16-56-50-61-37-24-49-30-13-51-23-12-32-5-18-40-10-11-20-15-26-28-58-39-47-31-33-57-52-35-38-54-34-19-43-48-36-41-59-17-4-60-3-1-0-2-21-63,0.00939069,0.000325521,6.912e-310
dense_64_25,1,0,265088,0.0685875,23851,0,7-50-52-53-8-42-40-46-6-14-21-20-25-16-17-56-26-55-18-39-29-44-22-5-13-30-63-19-15-61-58-41-51-48-28-34-31-23-57-59-45-27-38-37-32-12-49-9-54-33-62-47-60-35-36-43-4-3-1-0-2-10-11-24,0.010916,0.0576715,6.90532e-310
dense_64_24,3,1,8,0.00655587,8228,0,8-46-7-9-37-42-45-10-11-22-25-62-14-53-55-44-61-27-29-6-16-13-49-56-50-5-23-24-30-47-34-12-40-43-57-51-38-32-15-33-18-28-35-58-39-54-20-19-52-26-41-31-48-36-17-21-63-4-60-59-3-1-0-2,0.00647223,8.3634e-05,0.00213861
dense_64_25,3,1,50295,0.0185653,15486,0,7-50-52-22-53-42-8-44-5-46-6-40-14-29-21-20-16-17-56-25-26-18-55-34-13-39-41-19-63-30-57-15-61-45-58-28-51-9-47-48-49-54-27-43-31-23-59-38-37-32-35-36-12-62-60-33-4-3-1-0-24-10-11-2,0.0110077,0.00755758,0.00209473
dense_64_26,1,1,4431051,6.10502,28336,100000000,22-62-19-61-52-50-46-7-53-6-42-40-56-8-54-27-55-16-18-48-32-47-49-28-51-58-63-14-15-41-30-20-43-39-23-44-45-57-59-25-5-4-3-1-17-38-31-29-2-33-21-13-9-34-37-60-24-12-35-36-10-11-26-0,0.00865408,6.09637,0.00212957
dense_64_27,1,1,23,0.0100439,21046,0,14-25-20-45-8-7-50-6-42-9-51-56-27-62-53-11-61-54-46-22-21-44-40-28-29-18-55-13-24-12-39-63-10-19-16-32-15-58-49-52-41-26-37-31-30-23-34-5-38-48-33-47-57-17-59-35-36-43-4-3-1-0-2-60,0.00994363,0.000100221,0.00209175
dense_64_28,1,1,1666,0.0121557,18014,0,14-25-20-19-45-27-62-22-8-9-18-42-6-51-10-39-61-17-16-46-50-5-53-55-32-44-40-48-23-7-63-60-11-21-38-24-37-52-26-12-43-56-34-31-35-13-28-57-15-49-54-58-59-30-29-36-41-47-33-4-3-1-2-0,0.0112762,0.000879452,0.00213288
dense_64_26,3,1,1556256,5.33759,17218,100000000,22-52-50-46-7-8-53-62-19-6-61-42-5-56-41-40-54-47-48-57-27-49-28-38-55-4-3-16-18-43-32-44-51-14-58-63-20-1-15-30-45-9-34-39-23-2-59-25-17-31-29-33-21-13-60-37-35-36-10-11-0-24-12-26,0.0104712,5.32712,0.00206531
dense_64_27,3,1,0,0.00688611,10749,0,8-9-11-7-45-14-25-50-20-10-6-37-12-42-51-56-54-5-61-62-27-53-13-46-21-22-19-44-29-41-40-52-38-63-28-34-39-18-49-55-24-15-57-16-32-26-47-23-58-31-43-33-30-35-36-48-4-60-17-59-3-1-0-2,0.00680159,8.4518e-05,0.00210404
dense_64_28,3,1,820,0.00957823,11899,0,8-5-14-25-45-9-20-19-27-62-42-22-39-6-51-18-17-23-44-10-46-16-61-50-63-53-52-38-7-55-32-43-40-21-60-24-48-56-12-37-26-11-13-49-54-15-57-4-34-31-28-35-41-33-30-59-58-47-29-36-3-1-2-0,0.00927159,0.000306637,0.00203276
dense_64_29,3,1,4672040,11.4216,17874,100000000,46-7-50-52-6-8-45-42-54-40-38-14-47-53-56-55-39-29-5-4-3-51-44-43-61-30-22-49-23-41-60-32-63-1-24-15-9-11-10-28-33-37-12-27-16-18-25-19-58-57-20-62-31-59-34-48-21-13-0-2-35-36-17-26,0.0129367,11.4087,0.00204133
dense_64_30,3,1,210123,0.0585955,10107,0,25-26-22-52-5-53-19-46-6-40-18-27-17-56-42-16-44-29-55-8-28-7-51-24-14-4-32-20-3-30-48-50-57-60-15-45-41-61-34-36-1-33-39-49-37-47-23-62-0-2-31-43-13-12-10-9-54-58-11-59-35-21-63-38,0.0086525,0.049943,0.00211442
dense_64_29,1,1,151409700,17.2194,25357,100000000,46-7-50-6-45-8-42-52-54-40-53-56-55-51-44-29-5-4-3-47-39-14-61-30-23-22-32-60-63-41-24-43-15-49-28-1-9-11-10-27-12-38-37-33-16-25-18-19-57-58-34-59-62-31-20-48-35-36-21-13-17-26-0-2,0.0124213,17.2069,0.00211926
dense_64_30,1,1,686442,0.167822,16819,0,25-26-22-52-53-19-40-6-18-27-46-17-55-16-24-42-8-28-29-14-32-20-7-48-5-30-50-56-60-61-15-4-3-1-41-39-51-34-36-44-45-37-49-47-23-33-57-58-31-0-2-35-54-9-10-12-11-59-13-43-62-38-21-63,0.00985726,0.157965,0.00192829
dense_64_26,1,0,312688452,73.4359,31081,100000000,22-62-19-61-52-50-46-7-53-6-42-40-56-8-54-27-55-16-18-48-32-47-49-28-51-58-14-15-41-63-30-20-43-39-23-44-45-57-59-25-5-4-3-1-17-38-31-29-2-33-13-21-60-9-34-37-10-11-12-35-36-24-0-26,0.0111934,73.4247,6.93e-310
dense_64_27,1,0,23,0.00957541,22423,0,14-25-20-45-8-7-50-6-42-9-51-56-27-62-53-11-61-46-54-22-44-40-21-28-18-29-55-12-13-24-39-63-10-19-16-32-15-58-49-52-41-26-37-31-30-23-34-5-38-48-33-57-47-59-17-35-36-4-3-1-0-2-43-60,0.00948633,8.9078e-05,6.92404e-310
dense_64_28,1,0,1883,0.0125025,18997,0,14-25-20-19-45-27-62-22-8-9-18-42-6-51-10-61-39-16-17-46-5-32-44-50-53-55-40-48-23-7-63-60-11-21-38-37-24-52-26-12-43-56-34-13-35-28-31-57-15-49-59-58-54-30-29-36-41-4-33-3-1-2-47-0,0.012086,0.000416501,6.94897e-310
dense_64_29,1,0,4401312,5.79936,28209,100000000,46-7-50-6-45-8-42-52-54-40-53-56-55-51-44-29-5-4-3-47-39-14-61-30-23-22-32-60-41-63-49-43-15-24-1-28-9-11-10-12-38-27-37-33-25-16-18-19-57-58-34-59-31-62-48-20-35-36-13-17-21-0-2-26,0.00873337,5.79062,6.95169e-310
dense_64_30,1,0,1022386,0.15568,18729,0,25-26-22-52-53-19-40-6-18-27-46-55-16-17-24-42-8-28-29-14-32-20-7-48-30-50-5-56-60-61-15-4-3-1-41-39-34-36-44-45-37-51-49-47-23-33-57-58-31-0-2-35-9-10-12-11-59-54-13-43-38-62-21-63,0.00951808,0.146162,6.92935e-310
dense_64_18,0,1,28643751,11.1024,44571,100000000,25-26-14-19-42-8-9-55-16-17-39-48-44-61-62-49-58-15-21-24-63-43-32-56-37-31-38-59-22-52-46-6-23-51-5-4-28-7-45-18-40-50-20-53-27-47-29-30-54-34-13-33-12-35-36-10-11-41-57-60-3-1-2-0,0.0127099,11.0897,0.00197542
dense_64_19,0,1,7073954,6.34138,43795,100000000,25-14-45-19-46-50-52-53-8-42-39-29-5-40-28-60-49-58-15-21-24-43-41-4-27-62-34-36-35-22-6-23-32-44-16-17-51-7-61-18-56-48-20-55-47-30-54-9-13-37-31-33-63-38-12-10-11-57-59-3-1-0-2-26,0.0118518,6.32953,0.00200819
dense_64_20,0,1,1500773,5.30851,43211,100000000,7-46-50-52-53-22-62-19-14-42-23-48-17-47-49-21-30-29-24-63-6-41-27-38-37-9-10-8-39-25-32-33-44-16-51-5-4-28-45-61-18-40-56-20-55-58-59-15-54-34-13-31-12-43-35-36-11-57-60-3-1-0-2-26,0.0133607,5.29515,0.00205397
dense_64_21,0,1,7736505,7.0755,43636,100000000,62-22-52-23-14-16-5-8-9-46-55-11-18-40-60-61-15-21-12-63-6-51-48-56-34-36-35-59-42-39-19-25-32-31-44-28-7-45-49-50-20-53-58-27-47-29-30-54-13-17-37-33-24-38-43-10-41-57-4-3-1-0-2-26,0.0127961,7.0627,0.00201852
dense_64_22,0,1,2919621,5.48951,44353,100000000,7-46-53-52-55-42-54-14-25-19-16-39-29-18-28-47-49-24-43-6-41-27-62-8-34-36-33-22-23-32-44-51-5-4-45-61-40-56-57-48-50-20-58-59-15-30-21-9-11-13-17-37-31-63-38-12-35-10-60-3-1-0-26-2,0.00903678,5.48048,0.00208712
dense_64_18,0,0,41367497,12.7338,50377,100000000,25-26-14-19-42-8-9-55-39-16-17-44-61-62-48-49-58-15-21-32-43-63-56-24-37-31-38-59-22-52-46-6-23-5-4-7-28-51-45-18-40-50-20-27-29-30-34-47-53-10-11-12-13-33-35-36-54-3-1-2-41-57-60-0,0.0126341,12.7211,6.94331e-310
dense_64_19,0,0,7405680,6.26198,49950,100000000,25-14-45-19-46-53-52-50-8-42-39-29-28-5-60-40-49-58-15-21-41-43-4-24-27-62-34-36-35-22-6-23-32-44-7-16-17-51-61-18-48-56-9-20-30-37-47-55-10-11-12-13-31-33-38-54-3-1-0-2-57-59-63-26,0.0117417,6.25024,6.93832e-310
dense_64_20,0,0,2360439,5.53373,49346,100000000,7-46-53-52-50-22-62-19-14-42-23-48-17-49-30-29-47-21-6-41-63-24-27-38-37-9-10-8-39-25-32-33-44-5-4-16-28-51-45-61-18-40-56-58-59-20-34-55-11-12-13-15-31-35-36-54-3-1-0-2-43-57-60-26,0.00989168,5.52384,6.9223e-310
dense_64_23,0,1,153008984,20.4427,42948,100000000,25-26-16-19-17-39-18-40-28-48-61-62-42-45-5-47-49-15-43-6-56-4-3-8-53-57-22-13-21-14-46-23-30-32-33-44-51-7-50-52-20-55-58-27-29-54-9-37-34-31-63-24-38-12-35-36-10-11-1-0-2-41-60-59,0.0123393,20.4303,0.00205192
dense_64_21,0,0,15229816,8.43817,50920,100000000,52-22-62-23-14-5-8-9-46-55-11-16-60-61-18-40-12-15-21-6-51-48-63-56-34-36-35-59-42-39-19-25-32-31-44-7-28-45-49-50-58-20-27-29-30-37-47-53-10-13-17-33-38-54-4-3-1-0-2-24-41-43-57-26,0.0128115,8.42536,6.90701e-310
dense_64_24,0,1,6948286,6.49914,44681,100000000,7-46-45-53-55-8-9-42-5-44-29-16-25-23-49-15-30-24-27-62-37-31-38-35-22-13-12-14-39-58-33-57-19-6-32-51-28-61-18-40-56-48-50-52-20-47-21-54-34-17-63-43-36-10-11-41-4-60-59-3-1-0-2-26,0.00935533,6.48978,0.00209594
dense_64_22,0,0,2340915,5.5455,50867,100000000,7-46-53-52-55-42-54-14-25-19-39-29-28-16-18-49-47-6-41-43-24-27-62-8-34-36-33-22-23-32-44-5-4-51-45-61-40-48-56-57-50-58-59-9-11-20-30-37-10-12-13-15-17-21-31-35-38-3-1-0-60-63-2-26,0.0123396,5.53316,6.92019e-310
dense_64_25,0,1,4573146,5.86715,44197,100000000,7-50-52-53-8-5-14-13-40-44-29-16-17-18-61-15-21-20-30-63-41-51-34-31-22-42-39-58-57-59-19-27-25-26-46-6-23-32-28-45-56-48-49-55-47-54-9-37-62-33-24-38-12-43-35-36-10-11-4-60-3-1-0-2,0.0117526,5.85539,0.00199931
dense_64_23,0,0,10884260,7.2665,49017,100000000,25-26-16-19-17-39-28-61-62-42-45-5-18-40-48-49-47-15-6-43-56-4-3-8-53-57-22-13-21-14-46-23-30-32-33-44-7-51-50-52-58-9-37-20-27-29-34-55-1-0-2-10-11-12-31-35-36-38-54-24-41-59-60-63,0.0124622,7.25404,6.93772e-310
dense_64_26,0,1,27000305,11.9956,45160,100000000,7-46-50-52-53-22-62-19-42-54-16-18-40-28-48-61-47-49-58-15-63-43-6-32-30-41-56-8-57-59-14-39-25-23-44-51-5-4-3-45-20-55-27-29-21-9-34-13-17-37-31-33-24-38-12-35-36-10-11-1-2-60-26-0,0.0129279,11.9827,0.00202485
dense_64_24,0,0,23306925,9.66839,51486,100000000,7-46-45-53-55-8-9-42-5-44-29-16-25-23-49-30-15-24-27-62-37-31-35-38-22-13-12-14-39-58-33-57-19-6-32-28-51-61-18-40-48-56-50-52-20-34-47-10-11-17-21-36-54-4-3-1-0-2-41-43-59-60-63-26,0.0127267,9.65567,6.91553e-310
dense_64_27,0,1,44020674,8.92653,46497,100000000,7-50-53-6-45-14-25-20-13-18-40-15-21-24-12-11-9-63-61-62-41-51-54-49-56-27-28-29-58-31-8-34-22-42-39-19-46-23-32-44-16-5-48-52-55-47-30-17-37-33-38-43-35-36-10-57-4-60-59-3-1-26-0-2,0.00961361,8.91691,0.00211302
dense_64_25,0,0,6315538,5.92921,49852,100000000,7-53-52-50-8-5-14-13-44-29-16-17-61-18-40-30-15-21-20-51-41-63-34-31-22-42-39-58-57-59-19-27-25-26-46-6-23-32-28-45-48-56-49-9-37-47-55-10-11-12-33-35-36-38-54-62-4-3-1-0-24-43-60-2,0.0134224,5.91579,6.90654e-310
dense_64_28,0,1,2916477,5.44795,45548,100000000,25-20-19-14-45-22-62-42-23-39-5-18-17-60-63-43-6-51-27-38-50-8-9-53-55-10-12-34-35-46-32-31-44-16-28-7-61-40-56-57-48-49-52-58-47-29-15-30-21-54-13-37-33-24-36-11-41-4-59-3-1-2-26-0,0.00907558,5.43888,0.00202529
dense_64_26,0,0,19203016,9.36736,51512,100000000,7-46-53-52-50-22-62-19-42-54-28-16-61-18-40-48-49-58-47-15-6-32-30-41-43-63-56-8-57-59-14-39-25-23-44-5-4-3-51-45-9-20-27-29-34-37-55-1-2-10-11-12-13-17-21-31-33-35-36-38-24-60-0-26,0.0094748,9.35788,6.9235e-310
dense_64_29,0,1,4061262,6.04448,44883,100000000,7-46-45-50-52-8-54-42-5-40-39-29-60-61-23-47-30-24-63-43-6-32-41-4-3-33-22-14-15-19-27-25-44-16-51-28-18-56-57-48-49-20-53-55-58-21-9-11-10-37-34-13-62-17-31-38-12-35-36-1-59-26-0-2,0.0096196,6.03486,0.00206003
dense_64_27,0,0,6054717,5.85942,51854,100000000,7-53-50-6-45-14-25-20-13-18-40-12-11-9-15-21-51-54-49-41-63-61-62-56-24-27-28-29-58-31-8-34-22-42-39-19-46-23-32-44-5-16-48-52-30-37-47-55-10-17-33-35-36-38-4-3-1-43-57-59-60-0-2-26,0.00925519,5.85017,6.94152e-310
dense_64_30,0,1,37755095,9.08132,40858,100000000,25-26-18-19-17-15-24-27-28-29-30-22-52-53-46-55-42-5-60-6-41-51-56-8-34-36-37-33-57-14-39-23-32-44-16-7-45-61-40-48-49-50-20-58-47-21-54-9-10-12-13-62-31-63-38-43-35-11-4-3-1-0-2-59,0.0134626,9.06786,0.00200487
dense_64_28,0,0,1492281,5.36442,52193,100000000,25-20-19-14-45-22-62-42-39-23-5-60-18-17-6-51-43-63-27-38-50-8-9-53-55-10-12-34-35-46-32-31-44-7-16-28-61-40-48-56-57-49-52-58-29-30-37-47-11-13-15-21-33-36-54-4-3-1-2-24-41-59-0-26,0.0122757,5.35214,6.92237e-310
dense_64_29,0,0,5045847,6.56355,51105,100000000,7-46-45-50-52-8-54-42-5-60-61-39-29-23-40-30-47-6-32-41-43-63-4-3-24-33-22-14-15-19-27-25-44-16-28-51-18-48-56-57-49-58-9-11-10-37-20-34-53-55-1-12-13-17-21-31-35-36-38-62-59-0-2-26,0.00946262,6.55409,6.9071e-310
dense_64_30,0,0,31197355,8.55885,47261,100000000,25-26-18-19-17-15-24-27-28-29-30-22-52-53-46-55-42-5-60-6-51-41-56-8-34-36-37-33-57-14-39-23-32-44-7-16-45-61-40-48-49-50-58-9-10-12-20-47-11-13-21-31-35-38-54-62-4-3-1-0-2-43-59-63,0.010057,8.5488,6.90057e-310
